time,speed_kph,rpm,gear,torque_nm,turbo,health,water_c,oil_c,tire_temp,rear_slip,drift_deg,x,y
0.0000,0.223,950.0,1,142.550,0.0156,100.000,90.029,95.024,0.2498,0.0237,0.000,0.000,0.001
0.0167,0.447,950.0,1,142.550,0.0156,100.000,90.058,95.047,0.2497,0.0237,0.000,0.000,0.003
0.0333,0.670,950.0,1,142.550,0.0156,100.000,90.087,95.071,0.2495,0.0237,0.000,0.000,0.006
0.0500,0.893,950.0,1,142.550,0.0156,100.000,90.116,95.094,0.2493,0.0237,0.000,0.000,0.010
0.0667,1.116,950.0,1,142.550,0.0156,100.000,90.145,95.118,0.2492,0.0237,0.000,0.000,0.016
0.0833,1.340,950.0,1,142.550,0.0156,100.000,90.174,95.141,0.2490,0.0237,0.000,0.000,0.022
0.1000,1.563,950.0,1,142.550,0.0156,100.000,90.203,95.164,0.2488,0.0237,0.000,0.000,0.029
0.1167,1.786,950.0,1,142.550,0.0156,100.000,90.231,95.188,0.2487,0.0237,0.000,0.000,0.037
0.1333,2.009,950.0,1,142.550,0.0156,100.000,90.260,95.211,0.2485,0.0237,0.000,0.000,0.047
0.1500,2.233,950.0,1,142.550,0.0156,100.000,90.289,95.235,0.2483,0.0237,0.000,0.000,0.057
0.1667,2.456,950.0,1,142.550,0.0156,100.000,90.317,95.258,0.2482,0.0237,0.000,0.000,0.068
0.1833,2.679,950.0,1,142.550,0.0156,100.000,90.346,95.281,0.2480,0.0237,0.000,0.000,0.081
0.2000,2.902,950.0,1,142.550,0.0156,100.000,90.375,95.305,0.2478,0.0237,0.000,0.000,0.094
0.2167,3.126,950.0,1,142.550,0.0156,100.000,90.403,95.328,0.2477,0.0237,0.000,0.000,0.109
0.2333,3.349,950.0,1,142.550,0.0156,100.000,90.432,95.351,0.2475,0.0237,0.000,0.000,0.124
0.2500,3.572,950.0,1,142.550,0.0156,100.000,90.460,95.375,0.2473,0.0237,0.000,0.000,0.141
0.2667,3.795,950.0,1,142.550,0.0156,100.000,90.488,95.398,0.2472,0.0237,0.000,0.000,0.158
0.2833,4.019,950.0,1,142.550,0.0156,100.000,90.517,95.421,0.2470,0.0237,0.000,0.000,0.177
0.3000,4.242,950.0,1,142.550,0.0156,100.000,90.545,95.444,0.2468,0.0237,0.000,0.000,0.196
0.3167,4.465,950.0,1,142.550,0.0156,100.000,90.573,95.467,0.2467,0.0237,0.000,0.000,0.217
0.3333,4.688,950.0,1,142.550,0.0156,100.000,90.601,95.491,0.2465,0.0237,0.000,0.000,0.239
0.3500,4.912,950.0,1,142.550,0.0156,100.000,90.630,95.514,0.2463,0.0237,0.000,0.000,0.262
0.3667,5.135,950.0,1,142.550,0.0156,100.000,90.658,95.537,0.2462,0.0237,0.000,0.000,0.285
0.3833,5.358,950.0,1,142.550,0.0156,100.000,90.686,95.560,0.2460,0.0237,0.000,0.000,0.310
0.4000,5.581,950.0,1,142.550,0.0156,100.000,90.714,95.583,0.2458,0.0237,0.000,0.000,0.336
0.4167,5.805,950.0,1,142.550,0.0156,100.000,90.742,95.606,0.2457,0.0237,0.000,0.000,0.363
0.4333,6.028,950.0,1,142.550,0.0156,100.000,90.770,95.629,0.2455,0.0237,0.000,0.000,0.391
0.4500,6.251,950.0,1,142.550,0.0156,100.000,90.798,95.652,0.2453,0.0237,0.000,0.000,0.420
0.4667,6.474,950.0,1,142.550,0.0156,100.000,90.826,95.675,0.2452,0.0237,0.000,0.000,0.450
0.4833,6.697,950.0,1,142.550,0.0156,100.000,90.853,95.698,0.2450,0.0237,0.000,0.000,0.481
0.5000,6.921,950.0,1,142.550,0.0156,100.000,90.881,95.721,0.2448,0.0237,0.000,0.000,0.513
0.5167,7.144,950.0,1,142.550,0.0156,100.000,90.909,95.744,0.2447,0.0237,0.000,0.000,0.546
0.5333,7.367,950.0,1,142.550,0.0156,100.000,90.937,95.767,0.2445,0.0237,0.000,0.000,0.580
0.5500,7.590,950.0,1,142.550,0.0156,100.000,90.964,95.790,0.2443,0.0237,0.000,0.000,0.615
0.5667,7.813,950.0,1,142.550,0.0156,100.000,90.992,95.813,0.2442,0.0237,0.000,0.000,0.651
0.5833,8.037,950.0,1,142.550,0.0156,100.000,91.020,95.836,0.2440,0.0237,0.000,0.000,0.688
0.6000,8.260,950.0,1,142.550,0.0156,100.000,91.047,95.859,0.2438,0.0237,0.000,0.000,0.727
0.6167,8.483,950.0,1,142.550,0.0156,100.000,91.075,95.881,0.2437,0.0237,0.000,0.000,0.766
0.6333,8.706,950.0,1,142.550,0.0156,100.000,91.102,95.904,0.2435,0.0237,0.000,0.000,0.806
0.6500,8.929,952.6,1,142.652,0.0156,100.000,91.129,95.927,0.2433,0.0242,0.000,0.000,0.848
0.6667,9.153,960.0,1,142.987,0.0157,100.000,91.157,95.950,0.2432,0.0260,0.000,0.000,0.890
0.6833,9.378,971.1,1,143.553,0.0160,100.000,91.185,95.973,0.2430,0.0289,0.000,0.000,0.933
0.7000,9.604,985.2,1,144.298,0.0164,100.000,91.214,95.997,0.2428,0.0328,0.000,0.000,0.978
0.7167,9.831,1001.6,1,145.172,0.0169,100.000,91.242,96.021,0.2427,0.0374,0.000,0.000,1.023
0.7333,10.060,1019.8,1,146.029,0.0176,100.000,91.272,96.045,0.2425,0.0418,0.000,0.000,1.070
0.7500,10.290,1039.5,1,146.957,0.0182,100.000,91.302,96.070,0.2423,0.0467,0.000,0.000,1.118
0.7667,10.522,1060.4,1,147.941,0.0190,100.000,91.332,96.095,0.2422,0.0518,0.000,0.000,1.166
0.7833,10.756,1082.1,1,148.966,0.0198,100.000,91.363,96.121,0.2420,0.0572,0.000,0.000,1.216
0.8000,10.991,1104.7,1,150.143,0.0209,100.000,91.394,96.147,0.2418,0.0633,0.000,0.000,1.267
0.8167,11.229,1127.9,1,151.392,0.0221,100.000,91.426,96.173,0.2417,0.0698,0.000,0.000,1.319
0.8333,11.468,1151.7,1,152.660,0.0234,100.000,91.459,96.200,0.2415,0.0764,0.000,0.000,1.372
0.8500,11.710,1175.9,1,153.940,0.0248,100.000,91.492,96.227,0.2413,0.0831,0.000,0.000,1.426
0.8667,11.954,1200.5,1,155.231,0.0261,100.000,91.525,96.255,0.2412,0.0898,0.000,0.000,1.482
0.8833,12.199,1225.5,1,156.528,0.0275,100.000,91.559,96.282,0.2410,0.0966,0.000,0.000,1.538
0.9000,12.447,1250.9,1,157.832,0.0289,100.000,91.594,96.311,0.2408,0.1034,0.000,0.000,1.596
0.9167,12.697,1276.5,1,159.139,0.0304,100.000,91.629,96.339,0.2407,0.1102,0.000,0.000,1.654
0.9333,12.950,1302.4,1,160.451,0.0318,100.000,91.664,96.368,0.2405,0.1171,0.000,0.000,1.714
0.9500,13.204,1328.6,1,161.765,0.0333,100.000,91.699,96.398,0.2403,0.1239,0.000,0.000,1.776
0.9667,13.460,1355.1,1,163.082,0.0347,100.000,91.736,96.427,0.2402,0.1308,0.000,0.000,1.838
0.9833,13.719,1381.8,1,164.401,0.0362,100.000,91.772,96.457,0.2400,0.1377,0.000,0.000,1.901
1.0000,13.980,1408.8,1,165.722,0.0377,100.000,91.809,96.487,0.2398,0.1446,0.000,0.000,1.966
1.0167,14.242,1436.0,1,167.046,0.0392,100.000,91.846,96.518,0.2397,0.1515,0.000,0.000,2.032
1.0333,14.507,1463.4,1,168.372,0.0408,100.000,91.884,96.548,0.2395,0.1584,0.000,0.000,2.099
1.0500,14.775,1491.1,1,169.700,0.0423,100.000,91.921,96.579,0.2393,0.1653,0.000,0.000,2.168
1.0667,15.044,1519.0,1,171.031,0.0439,100.000,91.960,96.611,0.2392,0.1723,0.000,0.000,2.237
1.0833,15.314,1547.1,1,172.364,0.0454,100.000,91.998,96.642,0.2390,0.1792,0.000,0.000,2.308
1.1000,15.585,1575.5,1,173.700,0.0470,100.000,92.037,96.674,0.2400,0.1862,0.000,0.000,2.380
1.1167,15.856,1604.0,1,174.993,0.0486,100.000,92.076,96.706,0.2410,0.1929,0.000,0.000,2.454
1.1333,16.126,1632.6,1,176.082,0.0504,100.000,92.115,96.738,0.2420,0.1986,0.000,0.000,2.528
1.1500,16.397,1661.4,1,177.539,0.0537,100.000,92.155,96.770,0.2430,0.2062,0.000,0.000,2.604
1.1667,16.668,1690.2,1,178.981,0.0569,100.000,92.195,96.803,0.2440,0.2137,0.000,0.000,2.681
1.1833,16.938,1719.0,1,180.405,0.0601,100.000,92.235,96.836,0.2450,0.2212,0.000,0.000,2.760
1.2000,17.209,1748.0,1,181.812,0.0634,100.000,92.275,96.869,0.2460,0.2285,0.000,0.000,2.839
1.2167,17.480,1776.9,1,183.202,0.0666,100.000,92.316,96.902,0.2471,0.2358,0.000,0.000,2.920
1.2333,17.751,1805.9,1,184.575,0.0699,100.000,92.357,96.935,0.2481,0.2429,0.000,0.000,3.003
1.2500,18.021,1834.9,1,185.934,0.0732,100.000,92.398,96.969,0.2491,0.2500,0.000,0.000,3.086
1.2667,18.292,1852.7,1,187.065,0.0764,100.000,92.439,97.003,0.2502,0.2559,0.000,0.000,3.171
1.2833,18.563,1871.9,1,187.909,0.0784,100.000,92.480,97.036,0.2512,0.2603,0.000,0.000,3.257
1.3000,18.834,1892.3,1,188.805,0.0806,100.000,92.522,97.070,0.2523,0.2650,0.000,0.000,3.344
1.3167,19.105,1913.7,1,189.745,0.0829,100.000,92.563,97.104,0.2534,0.2699,0.000,0.000,3.432
1.3333,19.376,1936.1,1,190.723,0.0853,100.000,92.605,97.138,0.2544,0.2750,0.000,0.000,3.522
1.3500,19.648,1959.2,1,191.732,0.0878,100.000,92.647,97.173,0.2555,0.2803,0.000,0.000,3.613
1.3667,19.919,1983.1,1,192.767,0.0904,100.000,92.689,97.207,0.2566,0.2857,0.000,0.000,3.705
1.3833,20.190,2007.6,1,193.824,0.0931,100.000,92.731,97.241,0.2576,0.2912,0.000,0.000,3.799
1.4000,20.462,2032.7,1,194.898,0.0959,100.000,92.773,97.276,0.2587,0.2968,0.000,0.000,3.893
1.4167,20.733,2058.3,1,195.986,0.0987,100.000,92.815,97.311,0.2598,0.3025,0.000,0.000,3.989
1.4333,21.005,2084.3,1,197.086,0.1016,100.000,92.858,97.345,0.2609,0.3082,0.000,0.000,4.087
1.4500,21.276,2110.7,1,198.194,0.1045,100.000,92.900,97.380,0.2620,0.3140,0.000,0.000,4.185
1.4667,21.548,2137.4,1,199.280,0.1074,100.000,92.943,97.415,0.2631,0.3197,0.000,0.000,4.285
1.4833,21.820,2164.4,1,200.253,0.1107,100.000,92.986,97.451,0.2642,0.3247,0.000,0.000,4.386
1.5000,22.092,2191.7,1,201.490,0.1152,100.000,93.029,97.486,0.2653,0.3312,0.000,0.000,4.488
1.5167,22.363,2219.2,1,202.723,0.1198,100.000,93.072,97.521,0.2664,0.3376,0.000,0.000,4.592
1.5333,22.635,2246.9,1,203.950,0.1245,100.000,93.115,97.557,0.2675,0.3440,0.000,0.000,4.696
1.5500,22.907,2274.8,1,205.170,0.1292,100.000,93.159,97.592,0.2687,0.3504,0.000,0.000,4.803
1.5667,23.179,2302.9,1,206.384,0.1339,100.000,93.202,97.628,0.2698,0.3567,0.000,0.000,4.910
1.5833,23.451,2331.1,1,207.589,0.1386,100.000,93.246,97.664,0.2709,0.3630,0.000,0.000,5.018
1.6000,23.723,2359.5,1,208.786,0.1434,100.000,93.289,97.699,0.2721,0.3692,0.000,0.000,5.128
1.6167,23.996,2387.9,1,209.974,0.1482,100.000,93.333,97.735,0.2732,0.3754,0.000,0.000,5.239
1.6333,24.268,2416.4,1,211.153,0.1530,100.000,93.377,97.771,0.2744,0.3816,0.000,0.000,5.352
1.6500,24.540,2445.1,1,212.322,0.1578,100.000,93.421,97.808,0.2755,0.3877,0.000,0.000,5.465
1.6667,24.813,2473.8,1,213.483,0.1626,100.000,93.465,97.844,0.2767,0.3937,0.000,0.000,5.580
1.6833,25.085,2502.6,1,214.634,0.1675,100.000,93.509,97.880,0.2778,0.3998,0.000,0.000,5.696
1.7000,25.357,2531.4,1,215.775,0.1723,100.000,93.553,97.916,0.2790,0.4057,0.000,0.000,5.814
1.7167,25.630,2560.3,1,216.908,0.1772,100.000,93.598,97.953,0.2802,0.4116,0.000,0.000,5.932
1.7333,25.903,2589.2,1,218.031,0.1821,100.000,93.642,97.989,0.2814,0.4175,0.000,0.000,6.052
1.7500,26.175,2618.2,1,219.144,0.1869,100.000,93.687,98.026,0.2826,0.4233,0.000,0.000,6.173
1.7667,26.448,2647.3,1,220.249,0.1918,100.000,93.731,98.063,0.2838,0.4290,0.000,0.000,6.296
1.7833,26.721,2676.3,1,221.206,0.1967,100.000,93.776,98.099,0.2849,0.4340,0.000,0.000,6.420
1.8000,26.994,2705.4,1,221.994,0.2024,100.000,93.820,98.136,0.2861,0.4381,0.000,0.000,6.545
1.8167,27.267,2734.5,1,223.010,0.2094,100.000,93.865,98.173,0.2873,0.4434,0.000,0.000,6.671
1.8333,27.540,2763.7,1,224.009,0.2165,100.000,93.910,98.210,0.2886,0.4487,0.000,0.000,6.798
1.8500,27.813,2792.8,1,224.993,0.2236,100.000,93.955,98.247,0.2898,0.4538,0.000,0.000,6.927
1.8667,28.086,2822.0,1,225.962,0.2308,100.000,94.000,98.284,0.2910,0.4589,0.000,0.000,7.057
1.8833,28.360,2851.2,1,226.916,0.2379,100.000,94.045,98.321,0.2922,0.4638,0.000,0.000,7.188
1.9000,28.633,2880.5,1,227.855,0.2450,100.000,94.090,98.358,0.2934,0.4687,0.000,0.000,7.321
1.9167,28.907,2909.7,1,228.781,0.2521,100.000,94.135,98.396,0.2947,0.4736,0.000,0.000,7.455
1.9333,29.180,2939.0,1,229.693,0.2592,100.000,94.180,98.433,0.2959,0.4783,0.000,0.000,7.590
1.9500,29.454,2968.2,1,230.591,0.2664,100.000,94.225,98.470,0.2971,0.4830,0.000,0.000,7.726
1.9667,29.728,2997.5,1,231.476,0.2735,100.000,94.271,98.508,0.2984,0.4876,0.000,0.000,7.864
1.9833,30.002,3026.8,1,232.349,0.2806,100.000,94.316,98.545,0.2996,0.4922,0.000,0.000,8.003
2.0000,30.276,3056.1,1,233.209,0.2878,100.000,94.361,98.583,0.3009,0.4967,0.000,0.000,8.143
2.0167,30.550,3085.4,1,234.058,0.2949,100.000,94.407,98.620,0.3021,0.5011,0.000,0.000,8.284
2.0333,30.824,3114.8,1,234.894,0.3021,100.000,94.452,98.658,0.3034,0.5055,0.000,0.000,8.427
2.0500,31.099,3144.1,1,235.719,0.3092,100.000,94.498,98.696,0.3046,0.5098,0.000,0.000,8.571
2.0667,31.373,3173.4,1,236.534,0.3164,100.000,94.543,98.733,0.3059,0.5140,0.000,0.000,8.716
2.0833,31.648,3202.8,1,237.307,0.3235,100.000,94.589,98.771,0.3071,0.5180,0.000,0.000,8.863
2.1000,31.922,3232.1,1,237.797,0.3308,100.000,94.634,98.809,0.3084,0.5206,0.000,0.000,9.011
2.1167,32.197,3261.5,1,238.414,0.3390,100.000,94.680,98.847,0.3097,0.5238,0.000,0.000,9.160
2.1333,32.472,3290.9,1,239.018,0.3473,100.000,94.726,98.884,0.3110,0.5270,0.000,0.000,9.310
2.1500,32.747,3320.3,1,239.609,0.3556,100.000,94.771,98.922,0.3122,0.5301,0.000,0.000,9.462
2.1667,33.022,3349.7,1,240.189,0.3638,100.000,94.817,98.960,0.3135,0.5331,0.000,0.000,9.615
2.1833,33.298,3379.1,1,240.757,0.3721,100.000,94.863,98.998,0.3148,0.5360,0.000,0.000,9.769
2.2000,33.573,3408.5,1,241.313,0.3804,100.000,94.909,99.036,0.3161,0.5389,0.000,0.000,9.924
2.2167,33.849,3437.9,1,241.858,0.3886,100.000,94.954,99.074,0.3174,0.5418,0.000,0.000,10.081
2.2333,34.125,3467.4,1,242.392,0.3969,100.000,95.000,99.112,0.3186,0.5446,0.000,0.000,10.239
2.2500,34.401,3496.8,1,242.916,0.4052,100.000,95.046,99.150,0.3199,0.5473,0.000,0.000,10.398
2.2667,34.677,3526.2,1,243.429,0.4135,100.000,95.092,99.188,0.3212,0.5500,0.000,0.000,10.559
2.2833,34.953,3555.7,1,243.932,0.4218,100.000,95.138,99.227,0.3225,0.5526,0.000,0.000,10.720
2.3000,35.229,3585.2,1,244.426,0.4300,100.000,95.184,99.265,0.3238,0.5552,0.000,0.000,10.884
2.3167,35.506,3614.6,1,244.909,0.4383,100.000,95.230,99.303,0.3251,0.5577,0.000,0.000,11.048
2.3333,35.783,3644.1,1,245.384,0.4466,100.000,95.275,99.341,0.3264,0.5602,0.000,0.000,11.214
2.3500,36.059,3673.6,1,245.849,0.4549,100.000,95.321,99.380,0.3277,0.5626,0.000,0.000,11.380
2.3667,36.336,3703.1,1,246.305,0.4632,100.000,95.367,99.418,0.3290,0.5650,0.000,0.000,11.549
2.3833,36.613,3732.6,1,246.752,0.4715,100.000,95.413,99.456,0.3303,0.5673,0.000,0.000,11.718
2.4000,36.891,3762.1,1,246.983,0.4798,100.000,95.459,99.494,0.3316,0.5685,0.000,0.000,11.889
2.4167,37.168,3791.7,1,247.201,0.4881,100.000,95.505,99.533,0.3329,0.5697,0.000,0.000,12.061
2.4333,37.446,3821.2,1,247.411,0.4964,100.000,95.551,99.571,0.3342,0.5708,0.000,0.000,12.234
2.4500,37.723,3850.7,1,247.612,0.5047,100.000,95.597,99.610,0.3356,0.5718,0.000,0.000,12.409
2.4667,38.001,3880.3,1,247.806,0.5130,100.000,95.643,99.648,0.3369,0.5728,0.000,0.000,12.585
2.4833,38.279,3909.8,1,247.992,0.5213,100.000,95.689,99.687,0.3382,0.5738,0.000,0.000,12.762
2.5000,38.556,3939.4,1,248.171,0.5296,100.000,95.735,99.725,0.3395,0.5747,0.000,0.000,12.941
2.5167,38.834,3969.0,1,248.342,0.5380,100.000,95.781,99.764,0.3408,0.5756,0.000,0.000,13.121
2.5333,39.112,3998.6,1,248.506,0.5463,100.000,95.827,99.802,0.3421,0.5765,0.000,0.000,13.302
2.5500,39.390,4028.1,1,248.663,0.5546,100.000,95.873,99.841,0.3434,0.5773,0.000,0.000,13.484
2.5667,39.668,4057.7,1,248.813,0.5629,100.000,95.919,99.879,0.3447,0.5781,0.000,0.000,13.668
2.5833,39.946,4087.3,1,248.956,0.5712,100.000,95.965,99.918,0.3461,0.5788,0.000,0.000,13.853
2.6000,40.224,4116.9,1,249.092,0.5796,100.000,96.011,99.956,0.3474,0.5795,0.000,0.000,14.039
2.6167,40.503,4146.5,1,249.222,0.5879,100.000,96.057,99.995,0.3487,0.5802,0.000,0.000,14.226
2.6333,40.781,4176.1,1,249.346,0.5962,100.000,96.103,100.033,0.3500,0.5808,0.000,0.000,14.415
2.6500,41.059,4205.7,1,249.464,0.6045,100.000,96.149,100.072,0.3513,0.5815,0.000,0.000,14.605
2.6667,41.338,4235.3,1,249.575,0.6129,100.000,96.195,100.111,0.3526,0.5820,0.000,0.000,14.797
2.6833,41.616,4264.9,1,249.680,0.6212,100.000,96.241,100.149,0.3540,0.5826,0.000,0.000,14.989
2.7000,41.895,4294.5,1,249.780,0.6295,100.000,96.287,100.188,0.3553,0.5831,0.000,0.000,15.183
2.7167,42.174,4324.1,1,249.766,0.6368,100.000,96.333,100.227,0.3566,0.5830,0.000,0.000,15.378
2.7333,42.452,4353.7,1,249.740,0.6440,100.000,96.379,100.265,0.3579,0.5829,0.000,0.000,15.575
2.7500,42.731,4383.3,1,249.711,0.6512,100.000,96.425,100.304,0.3592,0.5827,0.000,0.000,15.773
2.7667,43.010,4412.9,1,249.678,0.6584,100.000,96.471,100.343,0.3606,0.5826,0.000,0.000,15.972
2.7833,43.289,4442.5,1,249.640,0.6657,100.000,96.517,100.381,0.3619,0.5824,0.000,0.000,16.172
2.8000,43.568,4472.1,1,249.600,0.6729,100.000,96.563,100.420,0.3632,0.5822,0.000,0.000,16.374
2.8167,43.847,4501.8,1,249.555,0.6801,100.000,96.609,100.459,0.3645,0.5819,0.000,0.000,16.577
2.8333,44.127,4531.4,1,249.507,0.6873,100.000,96.655,100.498,0.3658,0.5817,0.000,0.000,16.781
2.8500,44.406,4561.0,1,249.455,0.6945,100.000,96.701,100.536,0.3672,0.5814,0.000,0.000,16.987
2.8667,44.685,4590.6,1,249.400,0.7017,100.000,96.747,100.575,0.3685,0.5811,0.000,0.000,17.194
2.8833,44.965,4620.2,1,249.342,0.7090,100.000,96.793,100.614,0.3698,0.5808,0.000,0.000,17.402
2.9000,45.245,4649.8,1,249.280,0.7162,100.000,96.839,100.653,0.3711,0.5805,0.000,0.000,17.611
2.9167,45.524,4679.5,1,249.215,0.7234,100.000,96.885,100.691,0.3724,0.5802,0.000,0.000,17.822
2.9333,45.804,4709.1,1,249.146,0.7306,100.000,96.931,100.730,0.3737,0.5798,0.000,0.000,18.034
2.9500,46.084,4738.7,1,249.075,0.7378,100.000,96.976,100.769,0.3751,0.5794,0.000,0.000,18.248
2.9667,46.364,4768.3,1,249.000,0.7451,100.000,97.022,100.808,0.3764,0.5790,0.000,0.000,18.462
2.9833,46.644,4797.9,1,248.923,0.7523,100.000,97.068,100.847,0.3777,0.5786,0.000,0.000,18.678
3.0000,46.924,4827.6,1,248.743,0.7595,100.000,97.114,100.885,0.3790,0.5777,0.000,0.000,18.895
3.0167,47.204,4857.2,1,248.410,0.7652,100.000,97.160,100.924,0.3803,0.5760,0.000,0.000,19.114
3.0333,47.484,4886.8,1,248.065,0.7707,100.000,97.205,100.963,0.3816,0.5742,0.000,0.000,19.334
3.0500,47.765,4916.4,1,247.719,0.7763,100.000,97.251,101.002,0.3829,0.5724,0.000,0.000,19.555
3.0667,48.045,4946.0,1,247.371,0.7818,100.000,97.297,101.041,0.3842,0.5705,0.000,0.000,19.777
3.0833,48.326,4975.7,1,247.023,0.7874,100.000,97.343,101.079,0.3856,0.5687,0.000,0.000,20.001
3.1000,48.607,5005.3,1,246.674,0.7929,100.000,97.388,101.118,0.3869,0.5669,0.000,0.000,20.226
3.1167,48.888,5034.9,1,246.325,0.7985,100.000,97.434,101.157,0.3882,0.5651,0.000,0.000,20.452
3.1333,49.169,5064.6,1,245.974,0.8040,100.000,97.480,101.196,0.3895,0.5633,0.000,0.000,20.680
3.1500,49.450,5094.2,1,245.622,0.8096,100.000,97.525,101.235,0.3908,0.5614,0.000,0.000,20.909
3.1667,49.731,5123.8,1,245.269,0.8152,100.000,97.571,101.273,0.3921,0.5596,0.000,0.000,21.139
3.1833,50.013,5153.5,1,244.916,0.8207,100.000,97.616,101.312,0.3934,0.5577,0.000,0.000,21.371
3.2000,50.294,5183.1,1,244.562,0.8263,100.000,97.662,101.351,0.3947,0.5559,0.000,0.000,21.604
3.2167,50.576,5212.7,1,244.207,0.8318,100.000,97.708,101.390,0.3960,0.5540,0.000,0.000,21.838
3.2333,50.857,5242.4,1,243.851,0.8374,100.000,97.753,101.429,0.3972,0.5522,0.000,0.000,22.073
3.2500,51.139,5272.0,1,243.494,0.8429,100.000,97.799,101.468,0.3985,0.5503,0.000,0.000,22.310
3.2667,51.421,5301.6,1,243.136,0.8485,100.000,97.844,101.506,0.3998,0.5485,0.000,0.000,22.548
3.2833,51.703,5331.3,1,242.778,0.8541,100.000,97.890,101.545,0.4011,0.5466,0.000,0.000,22.787
3.3000,51.985,5360.9,1,242.320,0.8596,100.000,97.935,101.584,0.4024,0.5442,0.000,0.000,23.028
3.3167,52.267,5390.6,1,241.724,0.8636,100.000,97.980,101.623,0.4037,0.5411,0.000,0.000,23.270
3.3333,52.549,5420.2,1,241.119,0.8675,100.000,98.026,101.662,0.4050,0.5379,0.000,0.000,23.513
3.3500,52.832,5449.8,1,240.516,0.8714,100.000,98.071,101.700,0.4063,0.5348,0.000,0.000,23.758
3.3667,53.114,5479.5,1,239.912,0.8753,100.000,98.116,101.739,0.4075,0.5316,0.000,0.000,24.004
3.3833,53.396,5509.1,1,239.310,0.8792,100.000,98.162,101.778,0.4088,0.5285,0.000,0.000,24.251
3.4000,53.679,5538.7,1,238.709,0.8831,100.000,98.207,101.817,0.4101,0.5254,0.000,0.000,24.500
3.4167,53.962,5568.4,1,238.108,0.8870,100.000,98.252,101.856,0.4113,0.5222,0.000,0.000,24.749
3.4333,54.244,5598.0,1,237.508,0.8909,100.000,98.298,101.894,0.4126,0.5191,0.000,0.000,25.001
3.4500,54.527,5627.7,1,236.909,0.8947,100.000,98.343,101.933,0.4139,0.5160,0.000,0.000,25.253
3.4667,54.810,5657.3,1,236.310,0.8986,100.000,98.388,101.972,0.4151,0.5128,0.000,0.000,25.507
3.4833,55.093,5686.9,1,235.712,0.9025,100.000,98.433,102.011,0.4164,0.5097,0.000,0.000,25.762
3.5000,55.376,5716.5,1,235.115,0.9064,100.000,98.478,102.050,0.4176,0.5066,0.000,0.000,26.018
3.5167,55.659,5746.2,1,234.519,0.9103,100.000,98.523,102.088,0.4189,0.5035,0.000,0.000,26.276
3.5333,55.942,5775.8,1,233.923,0.9142,100.000,98.568,102.127,0.4201,0.5004,0.000,0.000,26.535
3.5500,56.225,5805.4,1,233.328,0.9181,100.000,98.613,102.166,0.4214,0.4973,0.000,0.000,26.795
3.5667,56.508,5835.0,1,232.734,0.9220,100.000,98.658,102.205,0.4226,0.4942,0.000,0.000,27.057
3.5833,56.792,5864.6,1,232.141,0.9258,100.000,98.703,102.243,0.4239,0.4911,0.000,0.000,27.320
3.6000,57.075,5894.2,1,231.448,0.9297,100.000,98.748,102.282,0.4251,0.4875,0.000,0.000,27.584
3.6167,57.359,5923.8,1,230.632,0.9321,100.000,98.793,102.321,0.4264,0.4832,0.000,0.000,27.849
3.6333,57.642,5953.4,1,229.809,0.9343,100.000,98.838,102.360,0.4276,0.4789,0.000,0.000,28.116
3.6500,57.926,5983.0,1,228.988,0.9365,100.000,98.883,102.398,0.4288,0.4746,0.000,0.000,28.384
3.6667,58.210,6012.6,1,228.169,0.9387,100.000,98.928,102.437,0.4300,0.4704,0.000,0.000,28.654
3.6833,58.494,6042.2,1,227.351,0.9409,100.000,98.972,102.476,0.4313,0.4661,0.000,0.000,28.925
3.7000,58.778,6071.8,1,226.536,0.9432,100.000,99.017,102.514,0.4325,0.4618,0.000,0.000,29.197
3.7167,59.062,6101.4,1,225.722,0.9454,100.000,99.062,102.553,0.4337,0.4576,0.000,0.000,29.470
3.7333,59.346,6131.0,1,224.910,0.9476,100.000,99.107,102.592,0.4349,0.4534,0.000,0.000,29.745
3.7500,59.631,6160.5,1,224.100,0.9498,100.000,99.151,102.630,0.4361,0.4491,0.000,0.000,30.021
3.7667,59.915,6190.1,1,223.292,0.9520,100.000,99.196,102.669,0.4373,0.4449,0.000,0.000,30.299
3.7833,60.199,6219.7,1,222.485,0.9543,100.000,99.240,102.708,0.4385,0.4407,0.000,0.000,30.577
3.8000,60.484,6249.2,1,221.680,0.9565,100.000,99.285,102.746,0.4397,0.4365,0.000,0.000,30.857
3.8167,60.769,6278.8,1,220.877,0.9587,100.000,99.330,102.785,0.4409,0.4323,0.000,0.000,31.139
3.8333,61.054,6308.4,1,220.075,0.9609,100.000,99.374,102.824,0.4421,0.4281,0.000,0.000,31.421
3.8500,61.338,6337.9,1,219.275,0.9631,100.000,99.419,102.862,0.4433,0.4240,0.000,0.000,31.705
3.8667,61.623,6367.5,1,218.477,0.9653,100.000,99.463,102.901,0.4445,0.4198,0.000,0.000,31.990
3.8833,61.908,6397.0,1,217.680,0.9676,100.000,99.507,102.939,0.4457,0.4156,0.000,0.000,32.277
3.9000,62.194,6426.5,1,216.694,0.9698,100.000,99.552,102.978,0.4468,0.4105,0.000,0.000,32.565
3.9167,62.479,6456.1,1,215.619,0.9710,100.000,99.596,103.017,0.4480,0.4049,0.000,0.000,32.854
3.9333,62.764,6485.6,1,214.538,0.9721,100.000,99.640,103.055,0.4492,0.3993,0.000,0.000,33.145
3.9500,63.050,6515.1,1,213.460,0.9732,100.000,99.685,103.094,0.4503,0.3936,0.000,0.000,33.437
3.9667,63.336,6544.6,1,212.383,0.9743,100.000,99.729,103.132,0.4515,0.3880,0.000,0.000,33.730
3.9833,63.621,6574.1,1,211.309,0.9754,100.000,99.773,103.171,0.4526,0.3824,0.000,0.000,34.025
4.0000,63.907,6603.6,1,210.237,0.9765,100.000,99.817,103.209,0.4538,0.3768,0.000,0.000,34.320
4.0167,64.193,6633.1,1,209.168,0.9776,100.000,99.861,103.248,0.4549,0.3712,0.000,0.000,34.618
4.0333,64.479,6662.6,1,208.100,0.9787,100.000,99.905,103.287,0.4561,0.3657,0.000,0.000,34.916
4.0500,64.766,6692.1,1,207.035,0.9798,100.000,99.949,103.325,0.4572,0.3601,0.000,0.000,35.216
4.0667,65.052,6721.6,1,205.971,0.9810,100.000,99.993,103.364,0.4583,0.3546,0.000,0.000,35.517
4.0833,65.339,6751.0,1,204.910,0.9821,100.000,100.037,103.402,0.4595,0.3490,0.000,0.000,35.820
4.1000,65.625,6780.5,1,203.851,0.9832,100.000,100.081,103.440,0.4606,0.3435,0.000,0.000,36.123
4.1167,65.912,6810.0,1,202.794,0.9843,100.000,100.125,103.479,0.4617,0.3380,0.000,0.000,36.429
4.1333,66.199,6839.4,1,201.738,0.9854,100.000,100.169,103.517,0.4628,0.3325,0.000,0.000,36.735
4.1500,66.486,6868.9,1,200.685,0.9865,100.000,100.213,103.556,0.4639,0.3270,0.000,0.000,37.043
4.1667,66.773,6898.3,1,199.634,0.9876,100.000,100.257,103.594,0.4650,0.3215,0.000,0.000,37.352
4.1833,67.060,6927.8,1,198.585,0.9887,100.000,100.300,103.633,0.4661,0.3160,0.000,0.000,37.662
4.2000,67.347,6957.2,1,197.366,0.9898,100.000,100.344,103.671,0.4672,0.3097,0.000,0.000,37.974
4.2167,67.634,6986.6,1,196.080,0.9904,100.000,100.388,103.709,0.4683,0.3030,0.000,0.000,38.287
4.2333,67.922,7016.0,1,194.789,0.9910,100.000,100.431,103.748,0.4694,0.2962,0.000,0.000,38.602
4.2500,68.209,7045.5,1,193.501,0.9916,100.000,100.475,103.786,0.4704,0.2895,0.000,0.000,38.918
4.2667,68.497,7074.9,1,192.215,0.9921,100.000,100.518,103.825,0.4715,0.2828,0.000,0.000,39.235
4.2833,68.785,7104.2,1,190.932,0.9927,100.000,100.562,103.863,0.4726,0.2761,0.000,0.000,39.553
4.3000,69.073,7133.6,1,189.651,0.9932,100.000,100.605,103.901,0.4736,0.2694,0.000,0.000,39.873
4.3167,69.361,7163.0,1,188.371,0.9938,100.000,100.649,103.940,0.4747,0.2627,0.000,0.000,40.194
4.3333,69.648,7192.4,1,187.094,0.9943,100.000,100.692,103.978,0.4757,0.2561,0.000,0.000,40.517
4.3500,69.935,7221.7,1,185.820,0.9949,100.000,100.736,104.016,0.4768,0.2494,0.000,0.000,40.840
4.3667,70.217,7279.9,1,183.265,0.9954,100.000,100.779,104.054,0.4778,0.2361,0.000,0.000,41.165
4.3833,70.495,7334.9,1,180.891,0.9965,100.000,100.822,104.093,0.4788,0.2237,0.000,0.000,41.492
4.4000,70.769,7387.1,1,178.645,0.9975,100.000,100.865,104.131,0.4798,0.2120,0.000,0.000,41.819
4.4167,71.040,7436.7,1,176.514,0.9985,100.000,100.909,104.169,0.4808,0.2009,0.000,0.000,42.148
4.4333,71.307,7484.0,1,174.361,0.9994,100.000,100.952,104.208,0.4818,0.1896,0.000,0.000,42.478
4.4500,71.571,7529.3,1,172.080,1.0000,100.000,100.995,104.246,0.4816,0.1777,0.000,0.000,42.810
4.4667,71.831,7572.6,1,169.865,1.0000,100.000,101.038,104.284,0.4815,0.1662,0.000,0.000,43.142
4.4833,72.087,7614.3,1,167.739,1.0000,100.000,101.081,104.322,0.4813,0.1551,0.000,0.000,43.476
4.5000,72.340,7654.5,1,165.696,1.0000,100.000,101.125,104.361,0.4811,0.1444,0.000,0.000,43.811
4.5167,72.589,7693.2,1,163.728,1.0000,100.000,101.168,104.399,0.4810,0.1342,0.000,0.000,44.147
4.5333,72.762,7414.6,2,177.579,1.0000,100.000,101.211,104.437,0.4808,0.0000,0.000,0.000,44.484
4.5500,72.948,7146.8,2,189.488,1.0000,100.000,101.253,104.475,0.4806,0.0000,0.000,0.000,44.822
4.5667,73.144,6906.9,2,200.113,1.0000,100.000,101.296,104.513,0.4805,0.0000,0.000,0.000,45.160
4.5833,73.350,6694.3,2,208.301,1.0000,100.000,101.338,104.551,0.4803,0.0000,0.000,0.000,45.500
4.6000,73.563,6507.5,2,215.603,1.0000,100.000,101.380,104.588,0.4801,0.0182,0.000,0.000,45.840
4.6167,73.783,6346.2,2,221.614,1.0000,100.000,101.422,104.626,0.4800,0.0387,0.000,0.000,46.182
4.6333,74.007,6208.1,2,226.171,1.0000,100.000,101.464,104.663,0.4798,0.0543,0.000,0.000,46.525
4.6500,74.236,6090.4,2,230.108,1.0000,100.000,101.506,104.701,0.4796,0.0678,0.000,0.000,46.868
4.6667,74.468,5990.8,2,233.482,1.0000,100.000,101.548,104.738,0.4795,0.0794,0.000,0.000,47.213
4.6833,74.703,5907.2,2,236.349,1.0000,100.000,101.589,104.775,0.4793,0.0892,0.000,0.000,47.559
4.7000,74.940,5837.5,2,238.656,1.0000,100.000,101.631,104.812,0.4791,0.0971,0.000,0.000,47.906
4.7167,75.180,5780.0,2,240.457,1.0000,100.000,101.672,104.849,0.4790,0.1032,0.000,0.000,48.254
4.7333,75.421,5733.0,2,241.940,1.0000,100.000,101.713,104.886,0.4788,0.1083,0.000,0.000,48.603
4.7500,75.663,5695.0,2,243.143,1.0000,100.000,101.755,104.923,0.4786,0.1124,0.000,0.000,48.953
4.7667,75.906,5665.0,2,244.101,1.0000,100.000,101.796,104.960,0.4785,0.1157,0.000,0.000,49.305
4.7833,76.150,5641.8,2,244.845,1.0000,100.000,101.837,104.997,0.4783,0.1183,0.000,0.000,49.657
4.8000,76.394,5624.4,2,245.403,1.0000,100.000,101.878,105.034,0.4781,0.1202,0.000,0.000,50.011
4.8167,76.639,5612.1,2,245.800,1.0000,100.000,101.919,105.071,0.4780,0.1215,0.000,0.000,50.366
4.8333,76.884,5604.1,2,246.058,1.0000,100.000,101.960,105.108,0.4778,0.1224,0.000,0.000,50.722
4.8500,77.129,5599.8,2,246.196,1.0000,100.000,102.001,105.145,0.4776,0.1229,0.000,0.000,51.079
4.8667,77.374,5598.7,2,246.232,1.0000,100.000,102.041,105.182,0.4775,0.1230,0.000,0.000,51.437
4.8833,77.619,5600.4,2,246.180,1.0000,100.000,102.082,105.218,0.4773,0.1228,0.000,0.000,51.796
4.9000,77.864,5604.3,2,246.053,1.0000,100.000,102.123,105.255,0.4771,0.1224,0.000,0.000,52.157
4.9167,78.109,5610.2,2,245.861,1.0000,100.000,102.163,105.292,0.4770,0.1217,0.000,0.000,52.518
4.9333,78.353,5617.9,2,245.615,1.0000,100.000,102.204,105.329,0.4768,0.1209,0.000,0.000,52.881
4.9500,78.597,5626.9,2,245.323,1.0000,100.000,102.245,105.365,0.4766,0.1199,0.000,0.000,53.245
4.9667,78.840,5637.3,2,244.991,1.0000,100.000,102.285,105.402,0.4765,0.1188,0.000,0.000,53.610
4.9833,79.083,5648.6,2,244.627,1.0000,100.000,102.326,105.439,0.4763,0.1175,0.000,0.000,53.976
5.0000,79.325,5660.9,2,244.234,1.0000,100.000,102.366,105.475,0.4761,0.1162,0.000,0.000,54.343
5.0167,79.567,5673.9,2,243.818,1.0000,100.000,102.407,105.512,0.4760,0.1148,0.000,0.000,54.712
5.0333,79.809,5687.5,2,243.382,1.0000,100.000,102.447,105.549,0.4758,0.1133,0.000,0.000,55.081
5.0500,80.050,5701.7,2,242.930,1.0000,100.000,102.487,105.585,0.4756,0.1117,0.000,0.000,55.452
5.0667,80.290,5716.4,2,242.465,1.0000,100.000,102.528,105.622,0.4755,0.1101,0.000,0.000,55.824
5.0833,80.530,5731.4,2,241.988,1.0000,100.000,102.568,105.659,0.4753,0.1085,0.000,0.000,56.196
5.1000,80.769,5746.8,2,241.502,1.0000,100.000,102.608,105.695,0.4751,0.1068,0.000,0.000,56.570
5.1167,81.007,5762.4,2,241.009,1.0000,100.000,102.648,105.732,0.4750,0.1051,0.000,0.000,56.945
5.1333,81.245,5778.3,2,240.510,1.0000,100.000,102.689,105.768,0.4748,0.1034,0.000,0.000,57.322
5.1500,81.483,5794.4,2,240.006,1.0000,100.000,102.729,105.805,0.4746,0.1017,0.000,0.000,57.699
5.1667,81.720,5810.6,2,239.498,1.0000,100.000,102.769,105.841,0.4745,0.1000,0.000,0.000,58.077
5.1833,81.956,5826.9,2,238.988,1.0000,100.000,102.809,105.878,0.4743,0.0982,0.000,0.000,58.457
5.2000,82.191,5843.3,2,238.476,1.0000,100.000,102.849,105.914,0.4741,0.0965,0.000,0.000,58.837
5.2167,82.426,5859.8,2,237.963,1.0000,100.000,102.889,105.951,0.4740,0.0947,0.000,0.000,59.219
5.2333,82.661,5876.4,2,237.414,1.0000,100.000,102.929,105.988,0.4738,0.0928,0.000,0.000,59.601
5.2500,82.894,5893.0,2,236.840,1.0000,100.000,102.969,106.024,0.4736,0.0909,0.000,0.000,59.985
5.2667,83.127,5909.6,2,236.266,1.0000,100.000,103.009,106.061,0.4735,0.0889,0.000,0.000,60.370
5.2833,83.360,5926.3,2,235.692,1.0000,100.000,103.049,106.097,0.4733,0.0869,0.000,0.000,60.756
5.3000,83.591,5943.0,2,235.120,1.0000,100.000,103.089,106.133,0.4731,0.0850,0.000,0.000,61.143
5.3167,83.822,5959.7,2,234.548,1.0000,100.000,103.129,106.170,0.4730,0.0830,0.000,0.000,61.531
5.3333,84.053,5976.3,2,233.978,1.0000,100.000,103.168,106.206,0.4728,0.0811,0.000,0.000,61.920
5.3500,84.282,5993.0,2,233.409,1.0000,100.000,103.208,106.243,0.4726,0.0791,0.000,0.000,62.310
5.3667,84.511,6009.6,2,232.842,1.0000,100.000,103.248,106.279,0.4725,0.0772,0.000,0.000,62.702
5.3833,84.740,6026.3,2,232.277,1.0000,100.000,103.288,106.316,0.4723,0.0752,0.000,0.000,63.094
5.4000,84.967,6042.9,2,231.714,1.0000,100.000,103.327,106.352,0.4721,0.0733,0.000,0.000,63.487
5.4167,85.194,6059.4,2,231.153,1.0000,100.000,103.367,106.389,0.4720,0.0714,0.000,0.000,63.882
5.4333,85.421,6076.0,2,230.594,1.0000,100.000,103.407,106.425,0.4718,0.0695,0.000,0.000,64.277
5.4500,85.646,6092.5,2,230.037,1.0000,100.000,103.446,106.461,0.4716,0.0676,0.000,0.000,64.674
5.4667,85.871,6109.0,2,229.483,1.0000,100.000,103.486,106.498,0.4715,0.0657,0.000,0.000,65.071
5.4833,86.096,6125.4,2,228.931,1.0000,100.000,103.525,106.534,0.4713,0.0638,0.000,0.000,65.470
5.5000,86.319,6141.8,2,228.381,1.0000,100.000,103.565,106.570,0.4711,0.0619,0.000,0.000,65.869
5.5167,86.542,6158.2,2,227.834,1.0000,100.000,103.604,106.607,0.4710,0.0600,0.000,0.000,66.270
5.5333,86.765,6174.5,2,227.289,1.0000,100.000,103.644,106.643,0.4708,0.0582,0.000,0.000,66.672
5.5500,86.987,6190.8,2,226.746,1.0000,100.000,103.683,106.679,0.4706,0.0563,0.000,0.000,67.074
5.5667,87.208,6207.0,2,226.206,1.0000,100.000,103.722,106.716,0.4705,0.0545,0.000,0.000,67.478
5.5833,87.428,6223.2,2,225.668,1.0000,100.000,103.762,106.752,0.4703,0.0526,0.000,0.000,67.883
5.6000,87.648,6239.3,2,225.132,1.0000,100.000,103.801,106.788,0.4701,0.0508,0.000,0.000,68.289
5.6167,87.868,6255.5,2,224.599,1.0000,100.000,103.840,106.825,0.4700,0.0490,0.000,0.000,68.695
5.6333,88.086,6271.5,2,224.069,1.0000,100.000,103.880,106.861,0.4698,0.0471,0.000,0.000,69.103
5.6500,88.304,6287.5,2,223.540,1.0000,100.000,103.919,106.897,0.4696,0.0453,0.000,0.000,69.512
5.6667,88.522,6303.5,2,223.014,1.0000,100.000,103.958,106.933,0.4695,0.0435,0.000,0.000,69.922
5.6833,88.738,6319.4,2,222.491,1.0000,100.000,103.997,106.970,0.4693,0.0417,0.000,0.000,70.333
5.7000,88.955,6335.3,2,221.970,1.0000,100.000,104.036,107.006,0.4691,0.0400,0.000,0.000,70.745
5.7167,89.170,6351.2,2,221.451,1.0000,100.000,104.075,107.042,0.4690,0.0382,0.000,0.000,71.157
5.7333,89.385,6367.0,2,220.934,1.0000,100.000,104.115,107.078,0.4688,0.0364,0.000,0.000,71.571
5.7500,89.599,6382.7,2,220.420,1.0000,100.000,104.154,107.114,0.4686,0.0346,0.000,0.000,71.986
5.7667,89.813,6398.4,2,219.908,1.0000,100.000,104.193,107.151,0.4685,0.0329,0.000,0.000,72.402
5.7833,90.026,6414.1,2,219.297,1.0000,100.000,104.232,107.187,0.4683,0.0308,0.000,0.000,72.819
5.8000,90.238,6429.7,2,218.677,1.0000,100.000,104.270,107.223,0.4681,0.0287,0.000,0.000,73.236
5.8167,90.450,6445.3,2,218.060,1.0000,100.000,104.309,107.259,0.4680,0.0266,0.000,0.000,73.655
5.8333,90.661,6460.8,2,217.445,1.0000,100.000,104.348,107.295,0.4678,0.0245,0.000,0.000,74.075
5.8500,90.871,6476.3,2,216.833,1.0000,100.000,104.387,107.331,0.4676,0.0224,0.000,0.000,74.496
5.8667,91.081,6491.8,2,216.224,1.0000,100.000,104.426,107.367,0.4675,0.0203,0.000,0.000,74.917
5.8833,91.289,6507.2,2,215.617,1.0000,100.000,104.465,107.404,0.4673,0.0182,0.000,0.000,75.340
5.9000,91.497,6522.5,2,215.013,1.0000,100.000,104.504,107.440,0.4671,0.0161,0.000,0.000,75.763
5.9167,91.705,6537.8,2,214.411,1.0000,100.000,104.542,107.476,0.4670,0.0141,0.000,0.000,76.188
5.9333,91.911,6553.1,2,213.812,1.0000,100.000,104.581,107.512,0.4668,0.0120,0.000,0.000,76.614
5.9500,92.117,6568.3,2,213.216,1.0000,100.000,104.620,107.548,0.4666,0.0100,0.000,0.000,77.040
5.9667,92.322,6583.4,2,212.622,1.0000,100.000,104.658,107.584,0.4665,0.0080,0.000,0.000,77.467
5.9833,92.527,6598.5,2,212.032,1.0000,100.000,104.697,107.620,0.4663,0.0059,0.000,0.000,77.896
6.0000,92.731,6613.6,2,211.443,1.0000,100.000,104.735,107.656,0.4661,0.0039,0.000,0.000,78.325
6.0167,92.934,6628.6,2,210.858,1.0000,100.000,104.774,107.692,0.4660,0.0019,0.000,0.000,78.755
6.0333,93.136,6643.5,2,210.275,1.0000,100.000,104.813,107.728,0.4658,0.0000,0.000,0.000,79.187
6.0500,93.338,6658.4,2,209.694,1.0000,100.000,104.851,107.764,0.4656,0.0000,0.000,0.000,79.619
6.0667,93.539,6673.3,2,209.117,1.0000,100.000,104.890,107.800,0.4655,0.0000,0.000,0.000,80.052
6.0833,93.740,6688.1,2,208.542,1.0000,100.000,104.928,107.836,0.4653,0.0000,0.000,0.000,80.486
6.1000,93.940,6702.8,2,207.971,1.0000,100.000,104.966,107.872,0.4651,0.0000,0.000,0.000,80.921
6.1167,94.139,6717.5,2,207.402,1.0000,100.000,105.005,107.908,0.4650,0.0000,0.000,0.000,81.356
6.1333,94.337,6732.1,2,206.836,1.0000,100.000,105.043,107.944,0.4648,0.0000,0.000,0.000,81.793
6.1500,94.535,6746.6,2,206.273,1.0000,100.000,105.081,107.980,0.4646,0.0000,0.000,0.000,82.231
6.1667,94.732,6761.1,2,205.712,1.0000,100.000,105.120,108.016,0.4645,0.0000,0.000,0.000,82.669
6.1833,94.929,6775.6,2,205.154,1.0000,100.000,105.158,108.052,0.4643,0.0000,0.000,0.000,83.109
6.2000,95.125,6790.0,2,204.599,1.0000,100.000,105.196,108.088,0.4641,0.0000,0.000,0.000,83.549
6.2167,95.320,6804.4,2,204.046,1.0000,100.000,105.234,108.124,0.4640,0.0000,0.000,0.000,83.991
6.2333,95.514,6818.7,2,203.496,1.0000,100.000,105.273,108.160,0.4638,0.0000,0.000,0.000,84.433
6.2500,95.708,6832.9,2,202.948,1.0000,100.000,105.311,108.195,0.4636,0.0000,0.000,0.000,84.876
6.2667,95.901,6847.1,2,202.402,1.0000,100.000,105.349,108.231,0.4635,0.0000,0.000,0.000,85.320
6.2833,96.094,6861.3,2,201.859,1.0000,100.000,105.387,108.267,0.4633,0.0000,0.000,0.000,85.765
6.3000,96.286,6875.4,2,201.318,1.0000,100.000,105.425,108.303,0.4631,0.0000,0.000,0.000,86.211
6.3167,96.477,6889.5,2,200.780,1.0000,100.000,105.463,108.339,0.4630,0.0000,0.000,0.000,86.657
6.3333,96.668,6903.5,2,200.244,1.0000,100.000,105.501,108.375,0.4628,0.0000,0.000,0.000,87.105
6.3500,96.858,6917.5,2,199.711,1.0000,100.000,105.539,108.410,0.4626,0.0000,0.000,0.000,87.553
6.3667,97.048,6931.4,2,199.179,1.0000,100.000,105.577,108.446,0.4625,0.0000,0.000,0.000,88.002
6.3833,97.237,6945.3,2,198.564,1.0000,100.000,105.615,108.482,0.4623,0.0000,0.000,0.000,88.453
6.4000,97.425,6959.1,2,197.938,1.0000,100.000,105.653,108.518,0.4621,0.0000,0.000,0.000,88.904
6.4167,97.612,6972.9,2,197.314,1.0000,100.000,105.691,108.554,0.4620,0.0000,0.000,0.000,89.356
6.4333,97.799,6986.6,2,196.693,1.0000,100.000,105.728,108.589,0.4618,0.0000,0.000,0.000,89.808
6.4500,97.984,7000.3,2,196.075,1.0000,100.000,105.766,108.625,0.4616,0.0000,0.000,0.000,90.262
6.4667,98.170,7014.0,2,195.459,1.0000,100.000,105.804,108.661,0.4615,0.0000,0.000,0.000,90.716
6.4833,98.354,7027.6,2,194.846,1.0000,100.000,105.842,108.697,0.4613,0.0000,0.000,0.000,91.172
6.5000,98.538,7041.1,2,194.236,1.0000,100.000,105.880,108.732,0.4611,0.0000,0.000,0.000,91.628
6.5167,98.721,7054.6,2,193.628,1.0000,100.000,105.917,108.768,0.4610,0.0000,0.000,0.000,92.085
6.5333,98.903,7068.0,2,193.023,1.0000,100.000,105.955,108.804,0.4608,0.0000,0.000,0.000,92.543
6.5500,99.085,7081.4,2,192.421,1.0000,100.000,105.993,108.840,0.4606,0.0000,0.000,0.000,93.002
6.5667,99.266,7094.8,2,191.821,1.0000,100.000,106.030,108.875,0.4605,0.0000,0.000,0.000,93.461
6.5833,99.446,7108.1,2,191.224,1.0000,100.000,106.068,108.911,0.4603,0.0000,0.000,0.000,93.922
6.6000,99.626,7121.3,2,190.630,1.0000,100.000,106.105,108.947,0.4601,0.0000,0.000,0.000,94.383
6.6167,99.804,7134.5,2,190.038,1.0000,100.000,106.143,108.982,0.4600,0.0000,0.000,0.000,94.845
6.6333,99.983,7147.7,2,189.449,1.0000,100.000,106.180,109.018,0.4598,0.0000,0.000,0.000,95.308
6.6500,100.160,7160.8,2,188.863,1.0000,100.000,106.218,109.053,0.4596,0.0000,0.000,0.000,95.771
6.6667,100.337,7173.8,2,188.279,1.0000,100.000,106.255,109.089,0.4595,0.0000,0.000,0.000,96.236
6.6833,100.513,7186.8,2,187.698,1.0000,100.000,106.293,109.125,0.4593,0.0000,0.000,0.000,96.701
6.7000,100.689,7199.8,2,187.119,1.0000,100.000,106.330,109.160,0.4591,0.0000,0.000,0.000,97.167
6.7167,100.863,7212.7,2,186.543,1.0000,100.000,106.367,109.196,0.4590,0.0000,0.000,0.000,97.634
6.7333,101.038,7225.5,2,185.970,1.0000,100.000,106.405,109.232,0.4588,0.0000,0.000,0.000,98.102
6.7500,101.211,7238.3,2,185.399,1.0000,100.000,106.442,109.267,0.4586,0.0000,0.000,0.000,98.571
6.7667,101.384,7251.1,2,184.830,1.0000,100.000,106.479,109.303,0.4585,0.0000,0.000,0.000,99.040
6.7833,101.556,7263.8,2,184.264,1.0000,100.000,106.517,109.338,0.4583,0.0000,0.000,0.000,99.510
6.8000,101.728,7276.5,2,183.701,1.0000,100.000,106.554,109.374,0.4581,0.0000,0.000,0.000,99.981
6.8167,101.898,7289.1,2,183.140,1.0000,100.000,106.591,109.409,0.4580,0.0000,0.000,0.000,100.453
6.8333,102.069,7301.7,2,182.582,1.0000,100.000,106.628,109.445,0.4578,0.0000,0.000,0.000,100.926
6.8500,102.238,7314.2,2,182.026,1.0000,100.000,106.665,109.480,0.4576,0.0000,0.000,0.000,101.399
6.8667,102.407,7326.7,2,181.472,1.0000,100.000,106.703,109.516,0.4575,0.0000,0.000,0.000,101.873
6.8833,102.575,7339.1,2,180.921,1.0000,100.000,106.740,109.551,0.4573,0.0000,0.000,0.000,102.348
6.9000,102.743,7351.5,2,180.372,1.0000,100.000,106.777,109.587,0.4571,0.0000,0.000,0.000,102.824
6.9167,102.910,7363.8,2,179.826,1.0000,100.000,106.814,109.622,0.4570,0.0000,0.000,0.000,103.300
6.9333,103.076,7376.1,2,179.282,1.0000,100.000,106.851,109.658,0.4568,0.0000,0.000,0.000,103.777
6.9500,103.242,7388.3,2,178.741,1.0000,100.000,106.888,109.693,0.4566,0.0000,0.000,0.000,104.255
6.9667,103.407,7400.5,2,178.201,1.0000,100.000,106.925,109.729,0.4565,0.0000,0.000,0.000,104.734
6.9833,103.572,7412.7,2,177.665,1.0000,100.000,106.962,109.764,0.4563,0.0000,0.000,0.000,105.213
7.0000,103.735,7424.8,2,177.130,1.0000,100.000,106.999,109.800,0.4561,0.0000,0.000,0.000,105.694
7.0167,103.899,7436.8,2,176.598,1.0000,100.000,107.036,109.835,0.4560,0.0000,0.000,0.000,106.175
7.0333,104.061,7448.9,2,176.068,1.0000,100.000,107.072,109.870,0.4558,0.0000,0.000,0.000,106.656
7.0500,104.223,7460.8,2,175.541,1.0000,100.000,107.109,109.906,0.4557,0.0000,0.000,0.000,107.139
7.0667,104.385,7472.8,2,174.972,1.0000,100.000,107.146,109.941,0.4555,0.0000,0.000,0.000,107.622
7.0833,104.545,7484.6,2,174.363,1.0000,100.000,107.183,109.977,0.4553,0.0000,0.000,0.000,108.106
7.1000,104.705,7496.5,2,173.757,1.0000,100.000,107.220,110.012,0.4552,0.0000,0.000,0.000,108.591
7.1167,104.864,7508.3,2,173.154,1.0000,100.000,107.256,110.047,0.4550,0.0000,0.000,0.000,109.076
7.1333,105.023,7520.0,2,172.553,1.0000,100.000,107.293,110.083,0.4548,0.0000,0.000,0.000,109.563
7.1500,105.181,7531.7,2,171.956,1.0000,100.000,107.330,110.118,0.4547,0.0000,0.000,0.000,110.050
7.1667,105.338,7543.3,2,171.360,1.0000,100.000,107.366,110.153,0.4545,0.0000,0.000,0.000,110.537
7.1833,105.494,7554.9,2,170.768,1.0000,100.000,107.403,110.189,0.4543,0.0000,0.000,0.000,111.026
7.2000,105.650,7566.5,2,170.178,1.0000,100.000,107.440,110.224,0.4542,0.0000,0.000,0.000,111.515
7.2167,105.805,7578.0,2,169.591,1.0000,100.000,107.476,110.259,0.4540,0.0000,0.000,0.000,112.005
7.2333,105.960,7589.5,2,169.007,1.0000,100.000,107.513,110.295,0.4538,0.0000,0.000,0.000,112.495
7.2500,106.113,7600.9,2,168.425,1.0000,100.000,107.549,110.330,0.4537,0.0000,0.000,0.000,112.986
7.2667,106.267,7612.2,2,167.846,1.0000,100.000,107.586,110.365,0.4535,0.0000,0.000,0.000,113.478
7.2833,106.419,7623.5,2,167.270,1.0000,100.000,107.623,110.400,0.4533,0.0000,0.000,0.000,113.971
7.3000,106.571,7634.8,2,166.696,1.0000,100.000,107.659,110.436,0.4532,0.0000,0.000,0.000,114.464
7.3167,106.722,7646.0,2,166.125,1.0000,100.000,107.695,110.471,0.4530,0.0000,0.000,0.000,114.959
7.3333,106.872,7657.2,2,165.557,1.0000,100.000,107.732,110.506,0.4528,0.0000,0.000,0.000,115.453
7.3500,107.022,7668.3,2,164.991,1.0000,100.000,107.768,110.541,0.4527,0.0000,0.000,0.000,115.949
7.3667,107.171,7679.4,2,164.428,1.0000,100.000,107.805,110.577,0.4525,0.0000,0.000,0.000,116.445
7.3833,107.320,7690.4,2,163.868,1.0000,100.000,107.841,110.612,0.4523,0.0000,0.000,0.000,116.942
7.4000,107.432,7454.5,3,175.820,1.0000,100.000,107.877,110.647,0.4522,0.0000,0.000,0.000,117.439
7.4167,107.551,7242.0,3,185.237,1.0000,100.000,107.913,110.682,0.4520,0.0000,0.000,0.000,117.937
7.4333,107.677,7052.1,3,193.739,1.0000,100.000,107.949,110.717,0.4518,0.0000,0.000,0.000,118.436
7.4500,107.809,6883.8,3,200.997,1.0000,100.000,107.985,110.752,0.4517,0.0000,0.000,0.000,118.935
7.4667,107.945,6735.7,3,206.697,1.0000,100.000,108.021,110.787,0.4515,0.0000,0.000,0.000,119.434
7.4833,108.085,6606.1,3,211.735,1.0000,100.000,108.056,110.821,0.4513,0.0000,0.000,0.000,119.935
7.5000,108.229,6493.5,3,216.156,1.0000,100.000,108.092,110.856,0.4512,0.0000,0.000,0.000,120.436
7.5167,108.375,6396.2,3,219.980,1.0000,100.000,108.127,110.891,0.4510,0.0000,0.000,0.000,120.938
7.5333,108.524,6312.7,3,222.713,1.0000,100.000,108.163,110.925,0.4508,0.0000,0.000,0.000,121.440
7.5500,108.675,6241.3,3,225.067,1.0000,100.000,108.198,110.960,0.4507,0.0000,0.000,0.000,121.943
7.5667,108.827,6180.8,3,227.080,1.0000,100.000,108.233,110.994,0.4505,0.0000,0.000,0.000,122.447
7.5833,108.980,6129.6,3,228.789,1.0000,100.000,108.268,111.028,0.4503,0.0000,0.000,0.000,122.952
7.6000,109.134,6086.8,3,230.229,1.0000,100.000,108.303,111.063,0.4502,0.0000,0.000,0.000,123.457
7.6167,109.290,6051.2,3,231.433,1.0000,100.000,108.338,111.097,0.4500,0.0000,0.000,0.000,123.963
7.6333,109.446,6021.8,3,232.430,1.0000,100.000,108.373,111.131,0.4498,0.0000,0.000,0.000,124.470
7.6500,109.602,5997.8,3,233.246,1.0000,100.000,108.408,111.165,0.4497,0.0000,0.000,0.000,124.977
7.6667,109.759,5978.5,3,233.905,1.0000,100.000,108.443,111.200,0.4495,0.0000,0.000,0.000,125.485
7.6833,109.917,5963.2,3,234.428,1.0000,100.000,108.478,111.234,0.4493,0.0000,0.000,0.000,125.994
7.7000,110.074,5951.3,3,234.834,1.0000,100.000,108.513,111.268,0.4492,0.0000,0.000,0.000,126.504
7.7167,110.232,5942.4,3,235.139,1.0000,100.000,108.547,111.302,0.4490,0.0000,0.000,0.000,127.014
7.7333,110.390,5936.1,3,235.357,1.0000,100.000,108.582,111.336,0.4488,0.0000,0.000,0.000,127.525
7.7500,110.548,5931.9,3,235.501,1.0000,100.000,108.617,111.370,0.4487,0.0000,0.000,0.000,128.037
7.7667,110.706,5929.5,3,235.581,1.0000,100.000,108.651,111.405,0.4485,0.0000,0.000,0.000,128.549
7.7833,110.864,5928.8,3,235.607,1.0000,100.000,108.686,111.439,0.4483,0.0000,0.000,0.000,129.063
7.8000,111.022,5929.4,3,235.586,1.0000,100.000,108.720,111.473,0.4482,0.0000,0.000,0.000,129.577
7.8167,111.180,5931.1,3,235.526,1.0000,100.000,108.755,111.507,0.4480,0.0000,0.000,0.000,130.091
7.8333,111.338,5933.9,3,235.432,1.0000,100.000,108.789,111.541,0.4478,0.0000,0.000,0.000,130.607
7.8500,111.495,5937.4,3,235.309,1.0000,100.000,108.824,111.575,0.4477,0.0000,0.000,0.000,131.123
7.8667,111.653,5941.7,3,235.162,1.0000,100.000,108.858,111.609,0.4475,0.0000,0.000,0.000,131.640
7.8833,111.810,5946.6,3,234.995,1.0000,100.000,108.893,111.643,0.4473,0.0000,0.000,0.000,132.157
7.9000,111.967,5952.0,3,234.809,1.0000,100.000,108.927,111.677,0.4472,0.0000,0.000,0.000,132.676
7.9167,112.124,5957.9,3,234.609,1.0000,100.000,108.962,111.711,0.4470,0.0000,0.000,0.000,133.195
7.9333,112.280,5964.1,3,234.397,1.0000,100.000,108.996,111.745,0.4468,0.0000,0.000,0.000,133.715
7.9500,112.437,5970.6,3,234.173,1.0000,100.000,109.030,111.779,0.4467,0.0000,0.000,0.000,134.235
7.9667,112.593,5977.4,3,233.941,1.0000,100.000,109.064,111.813,0.4465,0.0000,0.000,0.000,134.757
7.9833,112.749,5984.4,3,233.702,1.0000,100.000,109.099,111.847,0.4463,0.0000,0.000,0.000,135.279
8.0000,112.904,5991.6,3,233.456,1.0000,100.000,109.133,111.881,0.4462,0.0000,0.000,0.000,135.801
8.0167,113.060,5999.0,3,233.205,1.0000,100.000,109.167,111.915,0.4460,0.0000,0.000,0.000,136.325
8.0333,113.215,6006.5,3,232.950,1.0000,100.000,109.201,111.949,0.4458,0.0000,0.000,0.000,136.849
8.0500,113.370,6014.1,3,232.691,1.0000,100.000,109.236,111.983,0.4457,0.0000,0.000,0.000,137.374
8.0667,113.524,6021.8,3,232.430,1.0000,100.000,109.270,112.017,0.4455,0.0000,0.000,0.000,137.899
8.0833,113.679,6029.6,3,232.165,1.0000,100.000,109.304,112.050,0.4453,0.0000,0.000,0.000,138.426
8.1000,113.833,6037.4,3,231.899,1.0000,100.000,109.338,112.084,0.4452,0.0000,0.000,0.000,138.953
8.1167,113.987,6045.3,3,231.632,1.0000,100.000,109.372,112.118,0.4450,0.0000,0.000,0.000,139.480
8.1333,114.140,6053.2,3,231.363,1.0000,100.000,109.406,112.152,0.4448,0.0000,0.000,0.000,140.009
8.1500,114.293,6061.2,3,231.094,1.0000,100.000,109.440,112.186,0.4447,0.0000,0.000,0.000,140.538
8.1667,114.446,6069.2,3,230.823,1.0000,100.000,109.474,112.220,0.4445,0.0000,0.000,0.000,141.068
8.1833,114.599,6077.2,3,230.552,1.0000,100.000,109.508,112.254,0.4443,0.0000,0.000,0.000,141.598
8.2000,114.752,6085.3,3,230.281,1.0000,100.000,109.542,112.288,0.4442,0.0000,0.000,0.000,142.129
8.2167,114.904,6093.3,3,230.010,1.0000,100.000,109.576,112.321,0.4440,0.0000,0.000,0.000,142.661
8.2333,115.056,6101.4,3,229.739,1.0000,100.000,109.610,112.355,0.4438,0.0000,0.000,0.000,143.194
8.2500,115.207,6109.4,3,229.468,1.0000,100.000,109.644,112.389,0.4437,0.0000,0.000,0.000,143.727
8.2667,115.359,6117.5,3,229.197,1.0000,100.000,109.678,112.423,0.4435,0.0000,0.000,0.000,144.262
8.2833,115.510,6125.5,3,228.927,1.0000,100.000,109.712,112.457,0.4433,0.0000,0.000,0.000,144.796
8.3000,115.661,6133.6,3,228.656,1.0000,100.000,109.745,112.490,0.4432,0.0000,0.000,0.000,145.332
8.3167,115.811,6141.6,3,228.386,1.0000,100.000,109.779,112.524,0.4430,0.0000,0.000,0.000,145.868
8.3333,115.962,6149.7,3,228.117,1.0000,100.000,109.813,112.558,0.4428,0.0000,0.000,0.000,146.405
8.3500,116.112,6157.7,3,227.848,1.0000,100.000,109.847,112.592,0.4427,0.0000,0.000,0.000,146.942
8.3667,116.262,6165.8,3,227.580,1.0000,100.000,109.880,112.626,0.4425,0.0000,0.000,0.000,147.481
8.3833,116.411,6173.8,3,227.312,1.0000,100.000,109.914,112.659,0.4423,0.0000,0.000,0.000,148.020
8.4000,116.560,6181.8,3,227.045,1.0000,100.000,109.948,112.693,0.4422,0.0000,0.000,0.000,148.559
8.4167,116.709,6189.8,3,226.778,1.0000,100.000,109.982,112.727,0.4420,0.0000,0.000,0.000,149.099
8.4333,116.858,6197.8,3,226.512,1.0000,100.000,110.015,112.761,0.4418,0.0000,0.000,0.000,149.640
8.4500,117.007,6205.8,3,226.246,1.0000,100.000,110.049,112.794,0.4417,0.0000,0.000,0.000,150.182
8.4667,117.155,6213.8,3,225.981,1.0000,100.000,110.082,112.828,0.4415,0.0000,0.000,0.000,150.725
8.4833,117.303,6221.7,3,225.717,1.0000,100.000,110.116,112.862,0.4413,0.0000,0.000,0.000,151.268
8.5000,117.451,6229.7,3,225.453,1.0000,100.000,110.149,112.895,0.4412,0.0000,0.000,0.000,151.811
8.5167,117.598,6237.6,3,225.190,1.0000,100.000,110.183,112.929,0.4410,0.0000,0.000,0.000,152.356
8.5333,117.745,6245.5,3,224.928,1.0000,100.000,110.217,112.963,0.4408,0.0000,0.000,0.000,152.901
8.5500,117.892,6253.4,3,224.667,1.0000,100.000,110.250,112.996,0.4407,0.0000,0.000,0.000,153.447
8.5667,118.039,6261.3,3,224.406,1.0000,100.000,110.283,113.030,0.4405,0.0000,0.000,0.000,153.993
8.5833,118.185,6269.2,3,224.145,1.0000,100.000,110.317,113.064,0.4403,0.0000,0.000,0.000,154.540
8.6000,118.331,6277.1,3,223.885,1.0000,100.000,110.350,113.097,0.4402,0.0000,0.000,0.000,155.088
8.6167,118.477,6284.9,3,223.626,1.0000,100.000,110.384,113.131,0.4400,0.0000,0.000,0.000,155.637
8.6333,118.623,6292.8,3,223.368,1.0000,100.000,110.417,113.165,0.4398,0.0000,0.000,0.000,156.186
8.6500,118.768,6300.6,3,223.110,1.0000,100.000,110.450,113.198,0.4397,0.0000,0.000,0.000,156.736
8.6667,118.913,6308.4,3,222.853,1.0000,100.000,110.484,113.232,0.4395,0.0000,0.000,0.000,157.286
8.6833,119.058,6316.2,3,222.597,1.0000,100.000,110.517,113.265,0.4393,0.0000,0.000,0.000,157.837
8.7000,119.203,6324.0,3,222.341,1.0000,100.000,110.550,113.299,0.4392,0.0000,0.000,0.000,158.389
8.7167,119.347,6331.8,3,222.086,1.0000,100.000,110.584,113.333,0.4390,0.0000,0.000,0.000,158.942
8.7333,119.491,6339.5,3,221.832,1.0000,100.000,110.617,113.366,0.4388,0.0000,0.000,0.000,159.495
8.7500,119.635,6347.3,3,221.578,1.0000,100.000,110.650,113.400,0.4387,0.0000,0.000,0.000,160.049
8.7667,119.778,6355.0,3,221.325,1.0000,100.000,110.683,113.433,0.4385,0.0000,0.000,0.000,160.603
8.7833,119.922,6362.7,3,221.073,1.0000,100.000,110.716,113.467,0.4383,0.0000,0.000,0.000,161.159
8.8000,120.065,6370.5,3,220.821,1.0000,100.000,110.750,113.500,0.4382,0.0000,0.000,0.000,161.714
8.8167,120.208,6378.1,3,220.570,1.0000,100.000,110.783,113.534,0.4380,0.0000,0.000,0.000,162.271
8.8333,120.350,6385.8,3,220.319,1.0000,100.000,110.816,113.567,0.4378,0.0000,0.000,0.000,162.828
8.8500,120.493,6393.5,3,220.069,1.0000,100.000,110.849,113.601,0.4377,0.0000,0.000,0.000,163.386
8.8667,120.635,6401.2,3,219.812,1.0000,100.000,110.882,113.634,0.4375,0.0000,0.000,0.000,163.945
8.8833,120.776,6408.8,3,219.508,1.0000,100.000,110.915,113.668,0.4373,0.0000,0.000,0.000,164.504
8.9000,120.918,6416.4,3,219.205,1.0000,100.000,110.948,113.701,0.4372,0.0000,0.000,0.000,165.063
8.9167,121.059,6424.0,3,218.903,1.0000,100.000,110.981,113.735,0.4370,0.0000,0.000,0.000,165.624
8.9333,121.200,6431.6,3,218.601,1.0000,100.000,111.014,113.768,0.4368,0.0000,0.000,0.000,166.185
8.9500,121.341,6439.2,3,218.301,1.0000,100.000,111.047,113.802,0.4367,0.0000,0.000,0.000,166.747
8.9667,121.481,6446.8,3,218.001,1.0000,100.000,111.080,113.835,0.4365,0.0000,0.000,0.000,167.309
8.9833,121.621,6454.3,3,217.702,1.0000,100.000,111.113,113.869,0.4363,0.0000,0.000,0.000,167.872
9.0000,121.761,6461.9,3,217.404,1.0000,100.000,111.145,113.902,0.4362,0.0000,0.000,0.000,168.436
9.0167,121.900,6469.4,3,217.106,1.0000,100.000,111.178,113.936,0.4360,0.0000,0.000,0.000,169.000
9.0333,122.039,6476.9,3,216.809,1.0000,100.000,111.211,113.969,0.4358,0.0000,0.000,0.000,169.565
9.0500,122.178,6484.4,3,216.513,1.0000,100.000,111.244,114.003,0.4357,0.0000,0.000,0.000,170.131
9.0667,122.317,6491.9,3,216.218,1.0000,100.000,111.277,114.036,0.4355,0.0000,0.000,0.000,170.697
9.0833,122.455,6499.4,3,215.924,1.0000,100.000,111.310,114.069,0.4353,0.0000,0.000,0.000,171.264
9.1000,122.593,6506.8,3,215.630,1.0000,100.000,111.342,114.103,0.4352,0.0000,0.000,0.000,171.832
9.1167,122.731,6514.3,3,215.337,1.0000,100.000,111.375,114.136,0.4350,0.0000,0.000,0.000,172.400
9.1333,122.868,6521.7,3,215.045,1.0000,100.000,111.408,114.169,0.4348,0.0000,0.000,0.000,172.969
9.1500,123.006,6529.1,3,214.753,1.0000,100.000,111.440,114.203,0.4347,0.0000,0.000,0.000,173.538
9.1667,123.143,6536.5,3,214.463,1.0000,100.000,111.473,114.236,0.4345,0.0000,0.000,0.000,174.108
9.1833,123.279,6543.9,3,214.173,1.0000,100.000,111.506,114.270,0.4343,0.0000,0.000,0.000,174.679
9.2000,123.416,6551.2,3,213.884,1.0000,100.000,111.538,114.303,0.4342,0.0000,0.000,0.000,175.250
9.2167,123.552,6558.6,3,213.595,1.0000,100.000,111.571,114.336,0.4340,0.0000,0.000,0.000,175.822
9.2333,123.687,6565.9,3,213.308,1.0000,100.000,111.604,114.370,0.4338,0.0000,0.000,0.000,176.395
9.2500,123.823,6573.2,3,213.021,1.0000,100.000,111.636,114.403,0.4337,0.0000,0.000,0.000,176.968
9.2667,123.958,6580.5,3,212.735,1.0000,100.000,111.669,114.436,0.4335,0.0000,0.000,0.000,177.542
9.2833,124.093,6587.8,3,212.450,1.0000,100.000,111.701,114.469,0.4333,0.0000,0.000,0.000,178.117
9.3000,124.228,6595.1,3,212.165,1.0000,100.000,111.734,114.503,0.4332,0.0000,0.000,0.000,178.692
9.3167,124.362,6602.4,3,211.881,1.0000,100.000,111.766,114.536,0.4330,0.0000,0.000,0.000,179.268
9.3333,124.496,6609.6,3,211.598,1.0000,100.000,111.799,114.569,0.4328,0.0000,0.000,0.000,179.844
9.3500,124.630,6616.8,3,211.316,1.0000,100.000,111.831,114.603,0.4327,0.0000,0.000,0.000,180.421
9.3667,124.764,6624.0,3,211.034,1.0000,100.000,111.863,114.636,0.4325,0.0000,0.000,0.000,180.999
9.3833,124.897,6631.2,3,210.753,1.0000,100.000,111.896,114.669,0.4323,0.0000,0.000,0.000,181.577
9.4000,125.030,6638.4,3,210.473,1.0000,100.000,111.928,114.702,0.4322,0.0000,0.000,0.000,182.156
9.4167,125.163,6645.6,3,210.193,1.0000,100.000,111.960,114.736,0.4320,0.0000,0.000,0.000,182.735
9.4333,125.295,6652.8,3,209.915,1.0000,100.000,111.993,114.769,0.4318,0.0000,0.000,0.000,183.315
9.4500,125.428,6659.9,3,209.637,1.0000,100.000,112.025,114.802,0.4317,0.0000,0.000,0.000,183.896
9.4667,125.559,6667.0,3,209.359,1.0000,100.000,112.057,114.835,0.4315,0.0000,0.000,0.000,184.477
9.4833,125.691,6674.1,3,209.083,1.0000,100.000,112.090,114.868,0.4313,0.0000,0.000,0.000,185.059
9.5000,125.823,6681.2,3,208.807,1.0000,100.000,112.122,114.902,0.4312,0.0000,0.000,0.000,185.642
9.5167,125.954,6688.3,3,208.532,1.0000,100.000,112.154,114.935,0.4310,0.0000,0.000,0.000,186.225
9.5333,126.085,6695.4,3,208.257,1.0000,100.000,112.186,114.968,0.4308,0.0000,0.000,0.000,186.808
9.5500,126.215,6702.4,3,207.984,1.0000,100.000,112.218,115.001,0.4307,0.0000,0.000,0.000,187.393
9.5667,126.346,6709.5,3,207.711,1.0000,100.000,112.251,115.034,0.4305,0.0000,0.000,0.000,187.978
9.5833,126.476,6716.5,3,207.438,1.0000,100.000,112.283,115.067,0.4303,0.0000,0.000,0.000,188.563
9.6000,126.605,6723.5,3,207.167,1.0000,100.000,112.315,115.101,0.4302,0.0000,0.000,0.000,189.149
9.6167,126.735,6730.5,3,206.896,1.0000,100.000,112.347,115.134,0.4300,0.0000,0.000,0.000,189.736
9.6333,126.864,6737.5,3,206.625,1.0000,100.000,112.379,115.167,0.4298,0.0000,0.000,0.000,190.323
9.6500,126.993,6744.5,3,206.356,1.0000,100.000,112.411,115.200,0.4297,0.0000,0.000,0.000,190.911
9.6667,127.122,6751.4,3,206.087,1.0000,100.000,112.443,115.233,0.4295,0.0000,0.000,0.000,191.500
9.6833,127.251,6758.4,3,205.819,1.0000,100.000,112.475,115.266,0.4293,0.0000,0.000,0.000,192.089
9.7000,127.379,6765.3,3,205.551,1.0000,100.000,112.507,115.299,0.4292,0.0000,0.000,0.000,192.679
9.7167,127.507,6772.2,3,205.285,1.0000,100.000,112.539,115.332,0.4290,0.0000,0.000,0.000,193.269
9.7333,127.634,6779.1,3,205.018,1.0000,100.000,112.571,115.365,0.4288,0.0000,0.000,0.000,193.860
9.7500,127.762,6786.0,3,204.753,1.0000,100.000,112.603,115.399,0.4287,0.0000,0.000,0.000,194.451
9.7667,127.889,6792.9,3,204.488,1.0000,100.000,112.635,115.432,0.4285,0.0000,0.000,0.000,195.044
9.7833,128.016,6799.7,3,204.224,1.0000,100.000,112.667,115.465,0.4283,0.0000,0.000,0.000,195.636
9.8000,128.143,6806.6,3,203.961,1.0000,100.000,112.699,115.498,0.4282,0.0000,0.000,0.000,196.229
9.8167,128.269,6813.4,3,203.698,1.0000,100.000,112.730,115.531,0.4280,0.0000,0.000,0.000,196.823
9.8333,128.395,6820.2,3,203.436,1.0000,100.000,112.762,115.564,0.4278,0.0000,0.000,0.000,197.418
9.8500,128.521,6827.0,3,203.174,1.0000,100.000,112.794,115.597,0.4277,0.0000,0.000,0.000,198.013
9.8667,128.647,6833.8,3,202.913,1.0000,100.000,112.826,115.630,0.4275,0.0000,0.000,0.000,198.608
9.8833,128.772,6840.6,3,202.653,1.0000,100.000,112.858,115.663,0.4273,0.0000,0.000,0.000,199.204
9.9000,128.897,6847.4,3,202.394,1.0000,100.000,112.889,115.696,0.4272,0.0000,0.000,0.000,199.801
9.9167,129.022,6854.1,3,202.135,1.0000,100.000,112.921,115.729,0.4270,0.0000,0.000,0.000,200.398
9.9333,129.147,6860.8,3,201.877,1.0000,100.000,112.953,115.762,0.4268,0.0000,0.000,0.000,200.996
9.9500,129.271,6867.6,3,201.619,1.0000,100.000,112.984,115.795,0.4267,0.0000,0.000,0.000,201.595
9.9667,129.395,6874.3,3,201.362,1.0000,100.000,113.016,115.828,0.4265,0.0000,0.000,0.000,202.194
9.9833,129.519,6881.0,3,201.106,1.0000,100.000,113.048,115.861,0.4263,0.0000,0.000,0.000,202.794
10.0000,129.643,6887.6,3,200.850,1.0000,100.000,113.079,115.894,0.4262,0.0000,0.000,0.000,203.394
10.0167,129.766,6894.3,3,200.595,1.0000,100.000,113.111,115.927,0.4260,0.0000,0.000,0.000,203.995
10.0333,129.889,6901.0,3,200.341,1.0000,100.000,113.143,115.960,0.4258,0.0000,0.000,0.000,204.596
10.0500,130.012,6907.6,3,200.087,1.0000,100.000,113.174,115.993,0.4257,0.0000,0.000,0.000,205.198
10.0667,130.135,6914.2,3,199.834,1.0000,100.000,113.206,116.026,0.4255,0.0000,0.000,0.000,205.800
10.0833,130.257,6920.8,3,199.582,1.0000,100.000,113.237,116.058,0.4253,0.0000,0.000,0.000,206.403
10.1000,130.379,6927.4,3,199.330,1.0000,100.000,113.269,116.091,0.4252,0.0000,0.000,0.000,207.007
10.1167,130.501,6934.0,3,199.073,1.0000,100.000,113.300,116.124,0.4250,0.0000,0.000,0.000,207.611
10.1333,130.623,6940.6,3,198.776,1.0000,100.000,113.332,116.157,0.4248,0.0000,0.000,0.000,208.216
10.1500,130.744,6947.2,3,198.478,1.0000,100.000,113.363,116.190,0.4247,0.0000,0.000,0.000,208.821
10.1667,130.865,6953.7,3,198.182,1.0000,100.000,113.395,116.223,0.4245,0.0000,0.000,0.000,209.427
10.1833,130.986,6960.2,3,197.886,1.0000,100.000,113.426,116.256,0.4243,0.0000,0.000,0.000,210.033
10.2000,131.107,6966.8,3,197.591,1.0000,100.000,113.457,116.289,0.4242,0.0000,0.000,0.000,210.640
10.2167,131.227,6973.3,3,197.297,1.0000,100.000,113.489,116.322,0.4240,0.0000,0.000,0.000,211.248
10.2333,131.347,6979.8,3,197.004,1.0000,100.000,113.520,116.354,0.4238,0.0000,0.000,0.000,211.856
10.2500,131.466,6986.2,3,196.711,1.0000,100.000,113.551,116.387,0.4237,0.0000,0.000,0.000,212.465
10.2667,131.586,6992.7,3,196.419,1.0000,100.000,113.583,116.420,0.4235,0.0000,0.000,0.000,213.074
10.2833,131.705,6999.1,3,196.128,1.0000,100.000,113.614,116.453,0.4233,0.0000,0.000,0.000,213.684
10.3000,131.823,7005.6,3,195.837,1.0000,100.000,113.645,116.486,0.4232,0.0000,0.000,0.000,214.294
10.3167,131.942,7012.0,3,195.548,1.0000,100.000,113.677,116.519,0.4230,0.0000,0.000,0.000,214.905
10.3333,132.060,7018.4,3,195.259,1.0000,100.000,113.708,116.551,0.4228,0.0000,0.000,0.000,215.516
10.3500,132.178,7024.8,3,194.971,1.0000,100.000,113.739,116.584,0.4227,0.0000,0.000,0.000,216.128
10.3667,132.296,7031.2,3,194.683,1.0000,100.000,113.770,116.617,0.4225,0.0000,0.000,0.000,216.741
10.3833,132.413,7037.5,3,194.397,1.0000,100.000,113.801,116.650,0.4223,0.0000,0.000,0.000,217.354
10.4000,132.530,7043.9,3,194.111,1.0000,100.000,113.833,116.682,0.4222,0.0000,0.000,0.000,217.967
10.4167,132.647,7050.2,3,193.826,1.0000,100.000,113.864,116.715,0.4220,0.0000,0.000,0.000,218.581
10.4333,132.764,7056.5,3,193.541,1.0000,100.000,113.895,116.748,0.4218,0.0000,0.000,0.000,219.196
10.4500,132.880,7062.8,3,193.258,1.0000,100.000,113.926,116.781,0.4217,0.0000,0.000,0.000,219.811
10.4667,132.996,7069.1,3,192.975,1.0000,100.000,113.957,116.814,0.4215,0.0000,0.000,0.000,220.427
10.4833,133.112,7075.4,3,192.693,1.0000,100.000,113.988,116.846,0.4213,0.0000,0.000,0.000,221.043
10.5000,133.228,7081.6,3,192.411,1.0000,100.000,114.019,116.879,0.4212,0.0000,0.000,0.000,221.660
10.5167,133.343,7087.9,3,192.131,1.0000,100.000,114.050,116.912,0.4210,0.0000,0.000,0.000,222.277
10.5333,133.458,7094.1,3,191.851,1.0000,100.000,114.081,116.944,0.4208,0.0000,0.000,0.000,222.895
10.5500,133.572,7100.3,3,191.572,1.0000,100.000,114.112,116.977,0.4207,0.0000,0.000,0.000,223.513
10.5667,133.687,7106.5,3,191.293,1.0000,100.000,114.143,117.010,0.4205,0.0000,0.000,0.000,224.132
10.5833,133.801,7112.7,3,191.016,1.0000,100.000,114.174,117.043,0.4203,0.0000,0.000,0.000,224.752
10.6000,133.915,7118.9,3,190.739,1.0000,100.000,114.205,117.075,0.4202,0.0000,0.000,0.000,225.372
10.6167,134.029,7125.0,3,190.463,1.0000,100.000,114.236,117.108,0.4200,0.0000,0.000,0.000,225.992
10.6333,134.142,7131.2,3,190.187,1.0000,100.000,114.267,117.141,0.4198,0.0000,0.000,0.000,226.613
10.6500,134.255,7137.3,3,189.913,1.0000,100.000,114.298,117.173,0.4197,0.0000,0.000,0.000,227.235
10.6667,134.368,7143.4,3,189.639,1.0000,100.000,114.329,117.206,0.4195,0.0000,0.000,0.000,227.857
10.6833,134.481,7149.5,3,189.365,1.0000,100.000,114.359,117.239,0.4193,0.0000,0.000,0.000,228.480
10.7000,134.593,7155.6,3,189.093,1.0000,100.000,114.390,117.271,0.4192,0.0000,0.000,0.000,229.103
10.7167,134.705,7161.7,3,188.821,1.0000,100.000,114.421,117.304,0.4190,0.0000,0.000,0.000,229.726
10.7333,134.817,7167.8,3,188.550,1.0000,100.000,114.452,117.336,0.4188,0.0000,0.000,0.000,230.350
10.7500,134.928,7173.8,3,188.279,1.0000,100.000,114.483,117.369,0.4187,0.0000,0.000,0.000,230.975
10.7667,135.040,7179.8,3,188.010,1.0000,100.000,114.513,117.402,0.4185,0.0000,0.000,0.000,231.600
10.7833,135.151,7185.9,3,187.741,1.0000,100.000,114.544,117.434,0.4183,0.0000,0.000,0.000,232.226
10.8000,135.261,7191.9,3,187.473,1.0000,100.000,114.575,117.467,0.4182,0.0000,0.000,0.000,232.852
10.8167,135.372,7197.8,3,187.205,1.0000,100.000,114.606,117.499,0.4180,0.0000,0.000,0.000,233.479
10.8333,135.482,7203.8,3,186.938,1.0000,100.000,114.636,117.532,0.4178,0.0000,0.000,0.000,234.106
10.8500,135.592,7209.8,3,186.672,1.0000,100.000,114.667,117.565,0.4177,0.0000,0.000,0.000,234.734
10.8667,135.702,7215.7,3,186.407,1.0000,100.000,114.698,117.597,0.4175,0.0000,0.000,0.000,235.362
10.8833,135.811,7221.7,3,186.142,1.0000,100.000,114.728,117.630,0.4173,0.0000,0.000,0.000,235.991
10.9000,135.921,7227.6,3,185.878,1.0000,100.000,114.759,117.662,0.4172,0.0000,0.000,0.000,236.620
10.9167,136.030,7233.5,3,185.614,1.0000,100.000,114.789,117.695,0.4170,0.0000,0.000,0.000,237.250
10.9333,136.138,7239.4,3,185.352,1.0000,100.000,114.820,117.727,0.4168,0.0000,0.000,0.000,237.880
10.9500,136.247,7245.3,3,185.090,1.0000,100.000,114.850,117.760,0.4167,0.0000,0.000,0.000,238.511
10.9667,136.355,7251.1,3,184.828,1.0000,100.000,114.881,117.792,0.4165,0.0000,0.000,0.000,239.142
10.9833,136.463,7257.0,3,184.568,1.0000,100.000,114.912,117.825,0.4163,0.0000,0.000,0.000,239.774
11.0000,136.571,7262.8,3,184.308,1.0000,100.000,114.942,117.858,0.4162,0.0000,0.000,0.000,240.406
11.0167,136.678,7268.7,3,184.049,1.0000,100.000,114.972,117.890,0.4160,0.0000,0.000,0.000,241.039
11.0333,136.785,7274.5,3,183.790,1.0000,100.000,115.003,117.923,0.4158,0.0000,0.000,0.000,241.672
11.0500,136.892,7280.3,3,183.532,1.0000,100.000,115.033,117.955,0.4157,0.0000,0.000,0.000,242.306
11.0667,136.999,7286.1,3,183.275,1.0000,100.000,115.064,117.988,0.4155,0.0000,0.000,0.000,242.940
11.0833,137.106,7291.8,3,183.018,1.0000,100.000,115.094,118.020,0.4153,0.0000,0.000,0.000,243.575
11.1000,137.212,7297.6,3,182.762,1.0000,100.000,115.125,118.052,0.4152,0.0000,0.000,0.000,244.210
11.1167,137.318,7303.3,3,182.507,1.0000,100.000,115.155,118.085,0.4150,0.0000,0.000,0.000,244.846
11.1333,137.424,7309.1,3,182.253,1.0000,100.000,115.185,118.117,0.4148,0.0000,0.000,0.000,245.482
11.1500,137.529,7314.8,3,181.999,1.0000,100.000,115.216,118.150,0.4147,0.0000,0.000,0.000,246.119
11.1667,137.634,7320.5,3,181.745,1.0000,100.000,115.246,118.182,0.4145,0.0000,0.000,0.000,246.756
11.1833,137.739,7326.2,3,181.493,1.0000,100.000,115.276,118.215,0.4143,0.0000,0.000,0.000,247.394
11.2000,137.844,7331.9,3,181.241,1.0000,100.000,115.307,118.247,0.4142,0.0000,0.000,0.000,248.032
11.2167,137.949,7337.5,3,180.990,1.0000,100.000,115.337,118.280,0.4140,0.0000,0.000,0.000,248.671
11.2333,138.053,7343.2,3,180.739,1.0000,100.000,115.367,118.312,0.4138,0.0000,0.000,0.000,249.310
11.2500,138.157,7348.8,3,180.489,1.0000,100.000,115.397,118.344,0.4137,0.0000,0.000,0.000,249.949
11.2667,138.261,7354.5,3,180.240,1.0000,100.000,115.428,118.377,0.4135,0.0000,0.000,0.000,250.589
11.2833,138.364,7360.1,3,179.991,1.0000,100.000,115.458,118.409,0.4133,0.0000,0.000,0.000,251.230
11.3000,138.468,7365.7,3,179.743,1.0000,100.000,115.488,118.442,0.4132,0.0000,0.000,0.000,251.871
11.3167,138.571,7371.3,3,179.495,1.0000,100.000,115.518,118.474,0.4130,0.0000,0.000,0.000,252.513
11.3333,138.674,7376.8,3,179.249,1.0000,100.000,115.548,118.506,0.4128,0.0000,0.000,0.000,253.155
11.3500,138.776,7382.4,3,179.003,1.0000,100.000,115.578,118.539,0.4127,0.0000,0.000,0.000,253.797
11.3667,138.879,7388.0,3,178.757,1.0000,100.000,115.609,118.571,0.4125,0.0000,0.000,0.000,254.440
11.3833,138.981,7393.5,3,178.512,1.0000,100.000,115.639,118.603,0.4123,0.0000,0.000,0.000,255.083
11.4000,139.083,7399.0,3,178.268,1.0000,100.000,115.669,118.636,0.4122,0.0000,0.000,0.000,255.727
11.4167,139.184,7404.5,3,178.024,1.0000,100.000,115.699,118.668,0.4120,0.0000,0.000,0.000,256.372
11.4333,139.286,7410.0,3,177.781,1.0000,100.000,115.729,118.700,0.4118,0.0000,0.000,0.000,257.017
11.4500,139.387,7415.5,3,177.539,1.0000,100.000,115.759,118.733,0.4117,0.0000,0.000,0.000,257.662
11.4667,139.488,7421.0,3,177.297,1.0000,100.000,115.789,118.765,0.4115,0.0000,0.000,0.000,258.308
11.4833,139.588,7426.5,3,177.056,1.0000,100.000,115.819,118.797,0.4113,0.0000,0.000,0.000,258.954
11.5000,139.689,7431.9,3,176.816,1.0000,100.000,115.849,118.830,0.4112,0.0000,0.000,0.000,259.601
11.5167,139.789,7437.3,3,176.576,1.0000,100.000,115.879,118.862,0.4110,0.0000,0.000,0.000,260.248
11.5333,139.889,7442.8,3,176.337,1.0000,100.000,115.909,118.894,0.4108,0.0000,0.000,0.000,260.895
11.5500,139.989,7448.2,3,176.098,1.0000,100.000,115.939,118.927,0.4107,0.0000,0.000,0.000,261.544
11.5667,140.089,7453.6,3,175.860,1.0000,100.000,115.969,118.959,0.4105,0.0000,0.000,0.000,262.192
11.5833,140.188,7459.0,3,175.622,1.0000,100.000,115.999,118.991,0.4103,0.0000,0.000,0.000,262.841
11.6000,140.287,7464.3,3,175.386,1.0000,100.000,116.029,119.023,0.4102,0.0000,0.000,0.000,263.491
11.6167,140.386,7469.7,3,175.128,1.0000,100.000,116.058,119.056,0.4100,0.0000,0.000,0.000,264.141
11.6333,140.484,7475.1,3,174.853,1.0000,100.000,116.088,119.088,0.4098,0.0000,0.000,0.000,264.791
11.6500,140.583,7480.4,3,174.580,1.0000,100.000,116.118,119.120,0.4097,0.0000,0.000,0.000,265.442
11.6667,140.681,7485.7,3,174.307,1.0000,100.000,116.148,119.152,0.4095,0.0000,0.000,0.000,266.093
11.6833,140.779,7491.0,3,174.035,1.0000,100.000,116.178,119.185,0.4093,0.0000,0.000,0.000,266.745
11.7000,140.876,7496.3,3,173.764,1.0000,100.000,116.208,119.217,0.4092,0.0000,0.000,0.000,267.397
11.7167,140.973,7501.6,3,173.494,1.0000,100.000,116.237,119.249,0.4090,0.0000,0.000,0.000,268.050
11.7333,141.071,7506.9,3,173.224,1.0000,100.000,116.267,119.281,0.4088,0.0000,0.000,0.000,268.703
11.7500,141.167,7512.2,3,172.955,1.0000,100.000,116.297,119.314,0.4087,0.0000,0.000,0.000,269.356
11.7667,141.264,7517.4,3,172.686,1.0000,100.000,116.327,119.346,0.4085,0.0000,0.000,0.000,270.010
11.7833,141.360,7522.6,3,172.419,1.0000,100.000,116.356,119.378,0.4083,0.0000,0.000,0.000,270.665
11.8000,141.456,7527.9,3,172.152,1.0000,100.000,116.386,119.410,0.4082,0.0000,0.000,0.000,271.320
11.8167,141.552,7533.1,3,171.886,1.0000,100.000,116.416,119.442,0.4080,0.0000,0.000,0.000,271.975
11.8333,141.647,7538.3,3,171.620,1.0000,100.000,116.445,119.475,0.4078,0.0000,0.000,0.000,272.631
11.8500,141.743,7543.4,3,171.356,1.0000,100.000,116.475,119.507,0.4077,0.0000,0.000,0.000,273.287
11.8667,141.838,7548.6,3,171.092,1.0000,100.000,116.505,119.539,0.4075,0.0000,0.000,0.000,273.944
11.8833,141.933,7553.8,3,170.829,1.0000,100.000,116.534,119.571,0.4073,0.0000,0.000,0.000,274.601
11.9000,142.027,7558.9,3,170.566,1.0000,100.000,116.564,119.603,0.4072,0.0000,0.000,0.000,275.258
11.9167,142.121,7564.0,3,170.304,1.0000,100.000,116.593,119.635,0.4070,0.0000,0.000,0.000,275.916
11.9333,142.215,7569.1,3,170.043,1.0000,100.000,116.623,119.668,0.4068,0.0000,0.000,0.000,276.575
11.9500,142.309,7574.2,3,169.783,1.0000,100.000,116.653,119.700,0.4067,0.0000,0.000,0.000,277.233
11.9667,142.403,7579.3,3,169.523,1.0000,100.000,116.682,119.732,0.4065,0.0000,0.000,0.000,277.893
11.9833,142.496,7584.4,3,169.264,1.0000,100.000,116.712,119.764,0.4063,0.0000,0.000,0.000,278.552
12.0000,142.589,7589.5,3,169.006,1.0000,100.000,116.741,119.796,0.4062,0.0000,0.000,0.002,279.213
12.0167,142.682,7594.5,3,168.749,1.0000,100.000,116.771,119.828,0.4060,0.0000,0.000,0.009,279.873
12.0333,142.775,7599.6,3,168.492,1.0000,100.000,116.800,119.860,0.4058,0.0000,0.000,0.022,280.534
12.0500,142.867,7604.6,3,168.236,1.0000,100.000,116.829,119.892,0.4057,0.0000,0.000,0.042,281.195
12.0667,142.959,7609.6,3,167.981,1.0000,100.000,116.859,119.924,0.4055,0.0000,0.000,0.072,281.856
12.0833,143.051,7614.6,3,167.727,1.0000,100.000,116.888,119.957,0.4053,0.0000,0.000,0.111,282.517
12.1000,143.142,7619.6,3,167.473,1.0000,100.000,116.918,119.989,0.4052,0.0000,0.000,0.162,283.178
12.1167,143.234,7624.5,3,167.220,1.0000,100.000,116.947,120.021,0.4050,0.0000,0.000,0.225,283.838
12.1333,143.325,7629.5,3,166.967,1.0000,100.000,116.977,120.053,0.4048,0.0000,0.000,0.300,284.498
12.1500,143.416,7634.4,3,166.715,1.0000,100.000,117.006,120.085,0.4047,0.0000,0.000,0.389,285.156
12.1667,143.506,7639.4,3,166.464,1.0000,100.000,117.035,120.117,0.4045,0.0000,0.000,0.491,285.812
12.1833,143.597,7644.3,3,166.214,1.0000,100.000,117.065,120.149,0.4043,0.0000,0.000,0.608,286.466
12.2000,143.687,7649.2,3,165.965,1.0000,100.000,117.094,120.181,0.4042,0.0000,0.000,0.740,287.119
12.2167,143.777,7654.1,3,165.716,1.0000,100.000,117.123,120.213,0.4040,0.0000,0.000,0.886,287.768
12.2333,143.867,7659.0,3,165.467,1.0000,100.000,117.153,120.245,0.4038,0.0000,0.000,1.048,288.414
12.2500,143.956,7663.8,3,165.220,1.0000,100.000,117.182,120.277,0.4037,0.0000,0.000,1.225,289.056
12.2667,144.045,7668.7,3,164.973,1.0000,100.000,117.211,120.309,0.4035,0.0000,0.000,1.418,289.695
12.2833,144.134,7673.5,3,164.727,1.0000,100.000,117.240,120.341,0.4033,0.0000,0.000,1.626,290.329
12.3000,144.223,7678.4,3,164.482,1.0000,100.000,117.270,120.373,0.4032,0.0000,0.000,1.850,290.958
12.3167,144.312,7683.2,3,164.237,1.0000,100.000,117.299,120.405,0.4030,0.0000,0.000,2.090,291.581
12.3333,144.379,7488.6,4,174.162,1.0000,100.000,117.328,120.437,0.4028,0.0000,0.000,2.345,292.199
12.3500,144.451,7313.9,4,182.038,1.0000,100.000,117.357,120.469,0.4027,0.0000,0.000,2.616,292.810
12.3667,144.527,7158.2,4,188.979,1.0000,100.000,117.386,120.501,0.4025,0.0000,0.000,2.903,293.415
12.3833,144.607,7020.1,4,195.181,1.0000,100.000,117.415,120.532,0.4023,0.0000,0.000,3.205,294.012
12.4000,144.690,6898.5,4,200.437,1.0000,100.000,117.443,120.564,0.4022,0.0000,0.000,3.523,294.602
12.4167,144.776,6791.8,4,204.532,1.0000,100.000,117.472,120.596,0.4020,0.0000,0.000,3.856,295.184
12.4333,144.864,6698.6,4,208.133,1.0000,100.000,117.501,120.627,0.4018,0.0000,0.000,4.204,295.757
12.4500,144.954,6617.7,4,211.283,1.0000,100.000,117.529,120.659,0.4017,0.0000,0.000,4.566,296.322
12.4667,145.045,6547.6,4,214.026,1.0000,100.000,117.557,120.690,0.4015,0.0000,0.000,4.944,296.877
12.4833,145.138,6487.2,4,216.403,1.0000,100.000,117.586,120.722,0.4013,0.0000,0.000,5.336,297.423
12.5000,145.232,6435.4,4,218.454,1.0000,100.000,117.614,120.753,0.4012,0.0000,0.000,5.743,297.959
12.5167,145.327,6391.0,4,220.150,1.0000,100.000,117.642,120.784,0.4010,0.0000,0.000,6.163,298.484
12.5333,145.423,6353.2,4,221.384,1.0000,100.000,117.671,120.816,0.4008,0.0000,0.000,6.597,298.998
12.5500,145.520,6321.2,4,222.434,1.0000,100.000,117.699,120.847,0.4007,0.0000,0.000,7.045,299.502
12.5667,145.617,6294.1,4,223.324,1.0000,100.000,117.727,120.878,0.4005,0.0000,0.000,7.506,299.993
12.5833,145.714,6271.4,4,224.073,1.0000,100.000,117.755,120.909,0.4003,0.0000,0.000,7.980,300.473
12.6000,145.812,6252.4,4,224.700,1.0000,100.000,117.783,120.941,0.4002,0.0000,0.000,8.467,300.941
12.6167,145.910,6236.7,4,225.220,1.0000,100.000,117.811,120.972,0.4000,0.0000,0.000,8.966,301.396
12.6333,146.009,6223.8,4,225.649,1.0000,100.000,117.839,121.003,0.3998,0.0000,0.000,9.477,301.838
12.6500,146.107,6213.3,4,225.997,1.0000,100.000,117.867,121.034,0.3997,0.0000,0.000,10.000,302.267
12.6667,146.206,6204.8,4,226.278,1.0000,100.000,117.895,121.066,0.3995,0.0000,0.000,10.535,302.683
12.6833,146.304,6198.2,4,226.498,1.0000,100.000,117.923,121.097,0.3993,0.0000,0.000,11.080,303.085
12.7000,146.403,6193.1,4,226.668,1.0000,100.000,117.951,121.128,0.3992,0.0000,0.000,11.636,303.472
12.7167,146.502,6189.3,4,226.794,1.0000,100.000,117.979,121.159,0.3990,0.0000,0.000,12.202,303.846
12.7333,146.601,6186.7,4,226.882,1.0000,100.000,118.007,121.190,0.3988,0.0000,0.000,12.779,304.204
12.7500,146.700,6185.0,4,226.937,1.0000,100.000,118.035,121.221,0.3987,0.0000,0.000,13.364,304.548
12.7667,146.798,6184.2,4,226.965,1.0000,100.000,118.063,121.252,0.3985,0.0000,0.000,13.959,304.876
12.7833,146.897,6184.1,4,226.969,1.0000,100.000,118.091,121.284,0.3983,0.0000,0.000,14.563,305.190
12.8000,146.996,6184.6,4,226.953,1.0000,100.000,118.118,121.315,0.3982,0.0000,0.000,15.175,305.487
12.8167,147.094,6185.6,4,226.919,1.0000,100.000,118.146,121.346,0.3980,0.0000,0.000,15.795,305.769
12.8333,147.193,6187.0,4,226.870,1.0000,100.000,118.174,121.377,0.3978,0.0000,0.000,16.423,306.034
12.8500,147.291,6188.9,4,226.809,1.0000,100.000,118.202,121.408,0.3977,0.0000,0.000,17.057,306.284
12.8667,147.390,6191.1,4,226.736,1.0000,100.000,118.229,121.439,0.3975,0.0000,0.000,17.699,306.517
12.8833,147.488,6193.5,4,226.654,1.0000,100.000,118.257,121.470,0.3973,0.0000,0.000,18.346,306.733
12.9000,147.586,6196.2,4,226.564,1.0000,100.000,118.285,121.501,0.3972,0.0000,0.000,19.000,306.932
12.9167,147.684,6199.1,4,226.468,1.0000,100.000,118.313,121.532,0.3970,0.0000,0.000,19.659,307.115
12.9333,147.782,6202.2,4,226.365,1.0000,100.000,118.340,121.563,0.3968,0.0000,0.000,20.323,307.281
12.9500,147.880,6205.4,4,226.258,1.0000,100.000,118.368,121.594,0.3967,0.0000,0.000,20.991,307.429
12.9667,147.978,6208.8,4,226.146,1.0000,100.000,118.396,121.625,0.3965,0.0000,0.000,21.663,307.560
12.9833,148.075,6212.2,4,226.031,1.0000,100.000,118.423,121.656,0.3963,0.0000,0.000,22.339,307.674
13.0000,148.173,6215.8,4,225.913,1.0000,100.000,118.451,121.687,0.3962,0.0000,0.000,23.019,307.770
13.0167,148.270,6219.4,4,225.793,1.0000,100.000,118.478,121.718,0.3960,0.0000,0.000,23.700,307.849
13.0333,148.368,6223.1,4,225.670,1.0000,100.000,118.506,121.749,0.3958,0.0000,0.000,24.385,307.910
13.0500,148.465,6226.9,4,225.546,1.0000,100.000,118.534,121.780,0.3957,0.0000,0.000,25.071,307.953
13.0667,148.562,6230.7,4,225.420,1.0000,100.000,118.561,121.811,0.3955,0.0000,0.000,25.758,307.979
13.0833,148.659,6234.5,4,225.293,1.0000,100.000,118.589,121.842,0.3953,0.0000,0.000,26.446,307.987
13.1000,148.755,6238.4,4,225.164,1.0000,100.000,118.616,121.873,0.3952,0.0000,0.000,27.135,307.977
13.1167,148.852,6242.3,4,225.035,1.0000,100.000,118.644,121.904,0.3950,0.0000,0.000,27.823,307.949
13.1333,148.949,6246.2,4,224.905,1.0000,100.000,118.671,121.935,0.3948,0.0000,0.000,28.511,307.904
13.1500,149.045,6250.1,4,224.775,1.0000,100.000,118.699,121.966,0.3947,0.0000,0.000,29.198,307.841
13.1667,149.141,6254.1,4,224.644,1.0000,100.000,118.726,121.997,0.3945,0.0000,0.000,29.884,307.760
13.1833,149.237,6258.1,4,224.513,1.0000,100.000,118.753,122.028,0.3943,0.0000,0.000,30.568,307.661
13.2000,149.333,6262.0,4,224.381,1.0000,100.000,118.781,122.059,0.3942,0.0000,0.000,31.250,307.545
13.2167,149.429,6266.0,4,224.250,1.0000,100.000,118.808,122.090,0.3940,0.0000,0.000,31.928,307.411
13.2333,149.525,6270.0,4,224.118,1.0000,100.000,118.836,122.121,0.3938,0.0000,0.000,32.604,307.260
13.2500,149.621,6274.0,4,223.986,1.0000,100.000,118.863,122.152,0.3937,0.0000,0.000,33.276,307.091
13.2667,149.716,6278.0,4,223.854,1.0000,100.000,118.890,122.183,0.3935,0.0000,0.000,33.943,306.905
13.2833,149.811,6282.0,4,223.722,1.0000,100.000,118.918,122.214,0.3933,0.0000,0.000,34.606,306.702
13.3000,149.907,6286.0,4,223.590,1.0000,100.000,118.945,122.245,0.3932,0.0000,0.000,35.265,306.482
13.3167,150.002,6290.0,4,223.458,1.0000,100.000,118.972,122.275,0.3930,0.0000,0.000,35.917,306.244
13.3333,150.097,6294.0,4,223.327,1.0000,100.000,119.000,122.306,0.3928,0.0000,0.000,36.564,305.990
13.3500,150.192,6298.0,4,223.195,1.0000,100.000,119.027,122.337,0.3927,0.0000,0.000,37.204,305.720
13.3667,150.286,6302.0,4,223.064,1.0000,100.000,119.054,122.368,0.3925,0.0000,0.000,37.838,305.432
13.3833,150.381,6306.0,4,222.932,1.0000,100.000,119.081,122.399,0.3923,0.0000,0.000,38.465,305.129
13.4000,150.476,6310.0,4,222.801,1.0000,100.000,119.109,122.430,0.3922,0.0000,0.000,39.084,304.809
13.4167,150.570,6314.0,4,222.670,1.0000,100.000,119.136,122.461,0.3920,0.0000,0.000,39.695,304.474
13.4333,150.664,6318.0,4,222.539,1.0000,100.000,119.163,122.492,0.3918,0.0000,0.000,40.297,304.123
13.4500,150.758,6322.0,4,222.408,1.0000,100.000,119.190,122.522,0.3917,0.0000,0.000,40.891,303.756
13.4667,150.852,6325.9,4,222.278,1.0000,100.000,119.217,122.553,0.3915,0.0000,0.000,41.476,303.374
13.4833,150.946,6329.9,4,222.147,1.0000,100.000,119.245,122.584,0.3913,0.0000,0.000,42.051,302.977
13.5000,151.040,6333.9,4,222.017,1.0000,100.000,119.272,122.615,0.3912,0.0000,0.000,42.616,302.565
13.5167,151.134,6337.8,4,221.887,1.0000,100.000,119.299,122.646,0.3910,0.0000,0.000,43.171,302.139
13.5333,151.227,6341.8,4,221.758,1.0000,100.000,119.326,122.677,0.3908,0.0000,0.000,43.715,301.698
13.5500,151.320,6345.8,4,221.628,1.0000,100.000,119.353,122.707,0.3907,0.0000,0.000,44.248,301.244
13.5667,151.414,6349.7,4,221.499,1.0000,100.000,119.380,122.738,0.3905,0.0000,0.000,44.770,300.775
13.5833,151.507,6353.7,4,221.370,1.0000,100.000,119.407,122.769,0.3903,0.0000,0.000,45.280,300.294
13.6000,151.600,6357.6,4,221.241,1.0000,100.000,119.434,122.800,0.3902,0.0000,0.000,45.778,299.799
13.6167,151.693,6361.5,4,221.112,1.0000,100.000,119.461,122.831,0.3900,0.0000,0.000,46.263,299.292
13.6333,151.785,6365.5,4,220.984,1.0000,100.000,119.488,122.861,0.3898,0.0000,0.000,46.736,298.772
13.6500,151.878,6369.4,4,220.856,1.0000,100.000,119.515,122.892,0.3897,0.0000,0.000,47.196,298.240
13.6667,151.971,6373.3,4,220.727,1.0000,100.000,119.542,122.923,0.3895,0.0000,0.000,47.642,297.696
13.6833,152.063,6377.2,4,220.600,1.0000,100.000,119.569,122.954,0.3893,0.0000,0.000,48.075,297.140
13.7000,152.155,6381.1,4,220.472,1.0000,100.000,119.596,122.984,0.3892,0.0000,0.000,48.493,296.574
13.7167,152.247,6385.0,4,220.345,1.0000,100.000,119.623,123.015,0.3890,0.0000,0.000,48.898,295.997
13.7333,152.339,6388.9,4,220.218,1.0000,100.000,119.650,123.046,0.3888,0.0000,0.000,49.288,295.409
13.7500,152.431,6392.8,4,220.091,1.0000,100.000,119.677,123.077,0.3887,0.0000,0.000,49.663,294.812
13.7667,152.523,6396.7,4,219.964,1.0000,100.000,119.704,123.107,0.3885,0.0000,0.000,50.024,294.204
13.7833,152.615,6400.6,4,219.833,1.0000,100.000,119.731,123.138,0.3883,0.0000,0.000,50.369,293.588
13.8000,152.706,6404.5,4,219.679,1.0000,100.000,119.758,123.169,0.3882,0.0000,0.000,50.698,292.962
13.8167,152.798,6408.4,4,219.525,1.0000,100.000,119.784,123.200,0.3880,0.0000,0.000,51.012,292.329
13.8333,152.889,6412.2,4,219.371,1.0000,100.000,119.811,123.230,0.3878,0.0000,0.000,51.311,291.687
13.8500,152.980,6416.1,4,219.218,1.0000,100.000,119.838,123.261,0.3877,0.0000,0.000,51.593,291.037
13.8667,153.071,6420.0,4,219.064,1.0000,100.000,119.865,123.292,0.3875,0.0000,0.000,51.858,290.380
13.8833,153.162,6423.8,4,218.912,1.0000,100.000,119.892,123.322,0.3873,0.0000,0.000,52.108,289.716
13.9000,153.252,6427.7,4,218.759,1.0000,100.000,119.919,123.353,0.3872,0.0000,0.000,52.340,289.046
13.9167,153.343,6431.5,4,218.607,1.0000,100.000,119.945,123.384,0.3870,0.0000,0.000,52.556,288.370
13.9333,153.433,6435.3,4,218.454,1.0000,100.000,119.972,123.414,0.3868,0.0000,0.000,52.755,287.688
13.9500,153.524,6439.2,4,218.303,1.0000,100.000,119.999,123.445,0.3867,0.0000,0.000,52.937,287.001
13.9667,153.614,6443.0,4,218.151,1.0000,100.000,120.025,123.476,0.3865,0.0000,0.000,53.102,286.309
13.9833,153.704,6446.8,4,218.000,1.0000,100.000,120.052,123.506,0.3863,0.0000,0.000,53.250,285.613
14.0000,153.794,6450.6,4,217.849,1.0000,100.000,120.079,123.537,0.3862,0.0000,0.000,53.380,284.913
14.0167,153.883,6454.4,4,217.698,1.0000,100.000,120.106,123.568,0.3860,0.0000,0.000,53.493,284.209
14.0333,153.973,6458.2,4,217.548,1.0000,100.000,120.132,123.598,0.3858,0.0000,0.000,53.588,283.503
14.0500,154.062,6462.0,4,217.397,1.0000,100.000,120.159,123.629,0.3857,0.0000,0.000,53.665,282.794
14.0667,154.152,6465.8,4,217.247,1.0000,100.000,120.185,123.660,0.3855,0.0000,0.000,53.725,282.083
14.0833,154.241,6469.6,4,217.098,1.0000,100.000,120.212,123.690,0.3853,0.0000,0.000,53.767,281.370
14.1000,154.330,6473.4,4,216.948,1.0000,100.000,120.239,123.721,0.3852,0.0000,0.000,53.791,280.656
14.1167,154.419,6477.2,4,216.799,1.0000,100.000,120.265,123.751,0.3850,0.0000,0.000,53.798,279.941
14.1333,154.508,6481.0,4,216.650,1.0000,100.000,120.292,123.782,0.3848,0.0000,0.000,53.786,279.226
14.1500,154.596,6484.7,4,216.502,1.0000,100.000,120.318,123.813,0.3847,0.0000,0.000,53.757,278.511
14.1667,154.685,6488.5,4,216.354,1.0000,100.000,120.345,123.843,0.3845,0.0000,0.000,53.710,277.796
14.1833,154.773,6492.2,4,216.206,1.0000,100.000,120.371,123.874,0.3843,0.0000,0.000,53.646,277.082
14.2000,154.861,6496.0,4,216.058,1.0000,100.000,120.398,123.904,0.3842,0.0000,0.000,53.563,276.370
14.2167,154.949,6499.7,4,215.910,1.0000,100.000,120.424,123.935,0.3840,0.0000,0.000,53.463,275.660
14.2333,155.037,6503.4,4,215.763,1.0000,100.000,120.451,123.966,0.3838,0.0000,0.000,53.345,274.952
14.2500,155.125,6507.2,4,215.616,1.0000,100.000,120.477,123.996,0.3837,0.0000,0.000,53.210,274.246
14.2667,155.213,6510.9,4,215.469,1.0000,100.000,120.504,124.027,0.3835,0.0000,0.000,53.057,273.544
14.2833,155.300,6514.6,4,215.323,1.0000,100.000,120.530,124.057,0.3833,0.0000,0.000,52.886,272.846
14.3000,155.388,6518.3,4,215.177,1.0000,100.000,120.557,124.088,0.3832,0.0000,0.000,52.698,272.151
14.3167,155.475,6522.0,4,215.031,1.0000,100.000,120.583,124.118,0.3830,0.0000,0.000,52.493,271.461
14.3333,155.562,6525.7,4,214.885,1.0000,100.000,120.610,124.149,0.3828,0.0000,0.000,52.271,270.776
14.3500,155.649,6529.4,4,214.740,1.0000,100.000,120.636,124.179,0.3827,0.0000,0.000,52.032,270.097
14.3667,155.736,6533.1,4,214.595,1.0000,100.000,120.662,124.210,0.3825,0.0000,0.000,51.776,269.423
14.3833,155.823,6536.8,4,214.450,1.0000,100.000,120.689,124.240,0.3823,0.0000,0.000,51.504,268.755
14.4000,155.910,6540.5,4,214.305,1.0000,100.000,120.715,124.271,0.3822,0.0000,0.000,51.214,268.093
14.4167,155.996,6544.2,4,214.161,1.0000,100.000,120.741,124.301,0.3820,0.0000,0.000,50.909,267.439
14.4333,156.083,6547.8,4,214.017,1.0000,100.000,120.768,124.332,0.3818,0.0000,0.000,50.587,266.792
14.4500,156.169,6551.5,4,213.873,1.0000,100.000,120.794,124.362,0.3817,0.0000,0.000,50.249,266.153
14.4667,156.255,6555.2,4,213.730,1.0000,100.000,120.820,124.393,0.3815,0.0000,0.000,49.896,265.522
14.4833,156.341,6558.8,4,213.586,1.0000,100.000,120.847,124.423,0.3813,0.0000,0.000,49.527,264.899
14.5000,156.427,6562.5,4,213.443,1.0000,100.000,120.873,124.454,0.3812,0.0000,0.000,49.142,264.285
14.5167,156.513,6566.1,4,213.301,1.0000,100.000,120.899,124.484,0.3810,0.0000,0.000,48.742,263.681
14.5333,156.598,6569.7,4,213.158,1.0000,100.000,120.925,124.515,0.3808,0.0000,0.000,48.327,263.086
14.5500,156.684,6573.4,4,213.016,1.0000,100.000,120.951,124.545,0.3807,0.0000,0.000,47.898,262.502
14.5667,156.769,6577.0,4,212.874,1.0000,100.000,120.978,124.576,0.3805,0.0000,0.000,47.454,261.928
14.5833,156.854,6580.6,4,212.732,1.0000,100.000,121.004,124.606,0.3803,0.0000,0.000,46.996,261.364
14.6000,156.939,6584.2,4,212.591,1.0000,100.000,121.030,124.637,0.3802,0.0000,0.000,46.524,260.812
14.6167,157.024,6587.8,4,212.449,1.0000,100.000,121.056,124.667,0.3800,0.0000,0.000,46.039,260.271
14.6333,157.109,6591.4,4,212.308,1.0000,100.000,121.082,124.698,0.3798,0.0000,0.000,45.540,259.741
14.6500,157.194,6595.0,4,212.168,1.0000,100.000,121.108,124.728,0.3797,0.0000,0.000,45.028,259.224
14.6667,157.278,6598.6,4,212.027,1.0000,100.000,121.135,124.758,0.3795,0.0000,0.000,44.503,258.719
14.6833,157.363,6602.2,4,211.887,1.0000,100.000,121.161,124.789,0.3793,0.0000,0.000,43.966,258.227
14.7000,157.447,6605.8,4,211.747,1.0000,100.000,121.187,124.819,0.3792,0.0000,0.000,43.417,257.748
14.7167,157.531,6609.4,4,211.607,1.0000,100.000,121.213,124.850,0.3790,0.0000,0.000,42.856,257.282
14.7333,157.615,6612.9,4,211.468,1.0000,100.000,121.239,124.880,0.3788,0.0000,0.000,42.283,256.830
14.7500,157.699,6616.5,4,211.329,1.0000,100.000,121.265,124.910,0.3787,0.0000,0.000,41.699,256.391
14.7667,157.783,6620.1,4,211.190,1.0000,100.000,121.291,124.941,0.3785,0.0000,0.000,41.105,255.967
14.7833,157.867,6623.6,4,211.051,1.0000,100.000,121.317,124.971,0.3783,0.0000,0.000,40.500,255.557
14.8000,157.950,6627.2,4,210.913,1.0000,100.000,121.343,125.002,0.3782,0.0000,0.000,39.885,255.161
14.8167,158.034,6630.7,4,210.774,1.0000,100.000,121.369,125.032,0.3780,0.0000,0.000,39.260,254.781
14.8333,158.117,6634.2,4,210.636,1.0000,100.000,121.395,125.062,0.3778,0.0000,0.000,38.625,254.415
14.8500,158.200,6637.8,4,210.499,1.0000,100.000,121.421,125.093,0.3777,0.0000,0.000,37.982,254.065
14.8667,158.283,6641.3,4,210.361,1.0000,100.000,121.447,125.123,0.3775,0.0000,0.000,37.330,253.730
14.8833,158.366,6644.8,4,210.224,1.0000,100.000,121.473,125.153,0.3773,0.0000,0.000,36.670,253.411
14.9000,158.449,6648.3,4,210.087,1.0000,100.000,121.499,125.184,0.3772,0.0000,0.000,36.002,253.108
14.9167,158.532,6651.8,4,209.950,1.0000,100.000,121.525,125.214,0.3770,0.0000,0.000,35.327,252.821
14.9333,158.614,6655.4,4,209.814,1.0000,100.000,121.550,125.244,0.3768,0.0000,0.000,34.644,252.551
14.9500,158.697,6658.9,4,209.677,1.0000,100.000,121.576,125.275,0.3767,0.0000,0.000,33.955,252.296
14.9667,158.779,6662.3,4,209.541,1.0000,100.000,121.602,125.305,0.3765,0.0000,0.000,33.259,252.059
14.9833,158.861,6665.8,4,209.406,1.0000,100.000,121.628,125.335,0.3763,0.0000,0.000,32.558,251.838
15.0000,158.943,6669.3,4,209.270,1.0000,100.000,121.654,125.366,0.3762,0.0000,0.000,31.851,251.633
15.0167,159.025,6672.8,4,209.135,1.0000,100.000,121.680,125.396,0.3760,0.0000,0.000,31.139,251.446
15.0333,159.107,6676.3,4,209.000,1.0000,100.000,121.706,125.426,0.3758,0.0000,0.000,30.422,251.276
15.0500,159.188,6679.7,4,208.865,1.0000,100.000,121.731,125.457,0.3757,0.0000,0.000,29.701,251.123
15.0667,159.270,6683.2,4,208.730,1.0000,100.000,121.757,125.487,0.3755,0.0000,0.000,28.976,250.988
15.0833,159.351,6686.7,4,208.596,1.0000,100.000,121.783,125.517,0.3753,0.0000,0.000,28.248,250.870
15.1000,159.433,6690.1,4,208.462,1.0000,100.000,121.809,125.547,0.3752,0.0000,0.000,27.517,250.769
15.1167,159.514,6693.6,4,208.328,1.0000,100.000,121.834,125.578,0.3750,0.0000,0.000,26.783,250.686
15.1333,159.595,6697.0,4,208.195,1.0000,100.000,121.860,125.608,0.3748,0.0000,0.000,26.047,250.620
15.1500,159.676,6700.4,4,208.061,1.0000,100.000,121.886,125.638,0.3747,0.0000,0.000,25.309,250.573
15.1667,159.757,6703.9,4,207.928,1.0000,100.000,121.912,125.669,0.3745,0.0000,0.000,24.570,250.542
15.1833,159.837,6707.3,4,207.795,1.0000,100.000,121.937,125.699,0.3743,0.0000,0.000,23.830,250.530
15.2000,159.918,6710.7,4,207.663,1.0000,100.000,121.963,125.729,0.3742,0.0000,0.000,23.090,250.535
15.2167,159.998,6714.1,4,207.530,1.0000,100.000,121.989,125.759,0.3740,0.0000,0.000,22.350,250.558
15.2333,160.079,6717.6,4,207.398,1.0000,100.000,122.014,125.790,0.3738,0.0000,0.000,21.610,250.598
15.2500,160.159,6721.0,4,207.266,1.0000,100.000,122.040,125.820,0.3737,0.0000,0.000,20.870,250.657
15.2667,160.239,6724.4,4,207.134,1.0000,100.000,122.066,125.850,0.3735,0.0000,0.000,20.133,250.732
15.2833,160.319,6727.8,4,207.003,1.0000,100.000,122.091,125.880,0.3733,0.0000,0.000,19.396,250.826
15.3000,160.399,6731.2,4,206.871,1.0000,100.000,122.117,125.910,0.3732,0.0000,0.000,18.662,250.937
15.3167,160.478,6734.5,4,206.740,1.0000,100.000,122.142,125.941,0.3730,0.0000,0.000,17.930,251.066
15.3333,160.558,6737.9,4,206.610,1.0000,100.000,122.168,125.971,0.3728,0.0000,0.000,17.201,251.212
15.3500,160.638,6741.3,4,206.479,1.0000,100.000,122.194,126.001,0.3727,0.0000,0.000,16.476,251.376
15.3667,160.717,6744.7,4,206.349,1.0000,100.000,122.219,126.031,0.3725,0.0000,0.000,15.754,251.556
15.3833,160.796,6748.0,4,206.219,1.0000,100.000,122.245,126.062,0.3723,0.0000,0.000,15.037,251.755
15.4000,160.875,6751.4,4,206.089,1.0000,100.000,122.271,126.092,0.3722,0.0000,0.000,14.324,251.970
15.4167,160.954,6754.8,4,205.959,1.0000,100.000,122.297,126.122,0.3720,0.0000,0.000,13.616,252.203
15.4333,161.033,6758.1,4,205.830,1.0000,100.000,122.322,126.152,0.3718,0.0000,0.000,12.913,252.452
15.4500,161.112,6761.4,4,205.700,1.0000,100.000,122.348,126.183,0.3717,0.0000,0.000,12.217,252.718
15.4667,161.190,6764.8,4,205.571,1.0000,100.000,122.374,126.213,0.3715,0.0000,0.000,11.526,253.002
15.4833,161.269,6768.1,4,205.443,1.0000,100.000,122.399,126.243,0.3713,0.0000,0.000,10.842,253.301
15.5000,161.347,6771.5,4,205.314,1.0000,100.000,122.425,126.274,0.3712,0.0000,0.000,10.165,253.617
15.5167,161.426,6774.8,4,205.186,1.0000,100.000,122.451,126.304,0.3710,0.0000,0.000,9.496,253.950
15.5333,161.504,6778.1,4,205.058,1.0000,100.000,122.476,126.334,0.3708,0.0000,0.000,8.834,254.298
15.5500,161.582,6781.4,4,204.930,1.0000,100.000,122.502,126.364,0.3707,0.0000,0.000,8.181,254.662
15.5667,161.660,6784.7,4,204.802,1.0000,100.000,122.528,126.395,0.3705,0.0000,0.000,7.536,255.042
15.5833,161.738,6788.0,4,204.675,1.0000,100.000,122.553,126.425,0.3703,0.0000,0.000,6.901,255.438
15.6000,161.815,6791.3,4,204.548,1.0000,100.000,122.579,126.455,0.3702,0.0000,0.000,6.274,255.849
15.6167,161.893,6794.6,4,204.421,1.0000,100.000,122.605,126.485,0.3700,0.0000,0.000,5.658,256.275
15.6333,161.970,6797.9,4,204.294,1.0000,100.000,122.630,126.516,0.3698,0.0000,0.000,5.051,256.716
15.6500,162.048,6801.2,4,204.168,1.0000,100.000,122.656,126.546,0.3697,0.0000,0.000,4.455,257.171
15.6667,162.125,6804.5,4,204.041,1.0000,100.000,122.682,126.576,0.3695,0.0000,0.000,3.870,257.641
15.6833,162.202,6807.8,4,203.915,1.0000,100.000,122.708,126.606,0.3693,0.0000,0.000,3.296,258.125
15.7000,162.279,6811.0,4,203.789,1.0000,100.000,122.733,126.637,0.3692,0.0000,0.000,2.733,258.624
15.7167,162.356,6814.3,4,203.664,1.0000,100.000,122.759,126.667,0.3690,0.0000,0.000,2.183,259.135
15.7333,162.433,6817.6,4,203.538,1.0000,100.000,122.785,126.697,0.3688,0.0000,0.000,1.644,259.660
15.7500,162.509,6820.8,4,203.413,1.0000,100.000,122.810,126.728,0.3687,0.0000,0.000,1.118,260.198
15.7667,162.586,6824.1,4,203.288,1.0000,100.000,122.836,126.758,0.3685,0.0000,0.000,0.605,260.749
15.7833,162.662,6827.3,4,203.164,1.0000,100.000,122.862,126.788,0.3683,0.0000,0.000,0.106,261.312
15.8000,162.738,6830.6,4,203.039,1.0000,100.000,122.888,126.818,0.3682,0.0000,0.000,-0.381,261.888
15.8167,162.815,6833.8,4,202.915,1.0000,100.000,122.913,126.849,0.3680,0.0000,0.000,-0.853,262.475
15.8333,162.891,6837.0,4,202.791,1.0000,100.000,122.939,126.879,0.3678,0.0000,0.000,-1.312,263.074
15.8500,162.967,6840.2,4,202.667,1.0000,100.000,122.965,126.909,0.3677,0.0000,0.000,-1.756,263.684
15.8667,163.042,6843.5,4,202.543,1.0000,100.000,122.990,126.940,0.3675,0.0000,0.000,-2.185,264.304
15.8833,163.118,6846.7,4,202.420,1.0000,100.000,123.016,126.970,0.3673,0.0000,0.000,-2.600,264.936
15.9000,163.194,6849.9,4,202.154,1.0000,100.000,123.042,127.000,0.3672,0.0000,0.000,-2.999,265.577
15.9167,163.269,6853.1,4,201.843,1.0000,100.000,123.068,127.031,0.3670,0.0000,0.000,-3.383,266.228
15.9333,163.344,6856.3,4,201.531,1.0000,100.000,123.093,127.061,0.3668,0.0000,0.000,-3.751,266.889
15.9500,163.419,6859.5,4,201.221,1.0000,100.000,123.119,127.091,0.3667,0.0000,0.000,-4.104,267.558
15.9667,163.493,6862.7,4,200.911,1.0000,100.000,123.145,127.121,0.3665,0.0000,0.000,-4.440,268.236
15.9833,163.568,6865.9,4,200.601,1.0000,100.000,123.171,127.152,0.3663,0.0000,0.000,-4.759,268.923
16.0000,163.642,6869.0,4,200.292,1.0000,100.000,123.196,127.182,0.3662,0.0000,0.000,-5.063,269.617
16.0167,163.716,6872.2,4,199.983,1.0000,100.000,123.222,127.212,0.3660,0.0000,0.000,-5.349,270.319
16.0333,163.789,6875.4,4,199.675,1.0000,100.000,123.248,127.243,0.3658,0.0000,0.000,-5.619,271.028
16.0500,163.863,6878.5,4,199.367,1.0000,100.000,123.274,127.273,0.3657,0.0000,0.000,-5.871,271.743
16.0667,163.936,6881.6,4,199.060,1.0000,100.000,123.299,127.303,0.3655,0.0000,0.000,-6.106,272.465
16.0833,164.009,6884.8,4,198.754,1.0000,100.000,123.325,127.334,0.3653,0.0000,0.000,-6.323,273.192
16.1000,164.082,6887.9,4,198.448,1.0000,100.000,123.351,127.364,0.3652,0.0000,0.000,-6.523,273.925
16.1167,164.154,6891.0,4,198.143,1.0000,100.000,123.377,127.394,0.3650,0.0000,0.000,-6.705,274.663
16.1333,164.226,6894.1,4,197.838,1.0000,100.000,123.402,127.425,0.3648,0.0000,0.000,-6.869,275.405
16.1500,164.299,6897.2,4,197.534,1.0000,100.000,123.428,127.455,0.3647,0.0000,0.000,-7.016,276.152
16.1667,164.370,6900.3,4,197.230,1.0000,100.000,123.454,127.485,0.3645,0.0000,0.000,-7.144,276.902
16.1833,164.442,6903.4,4,196.928,1.0000,100.000,123.480,127.516,0.3643,0.0000,0.000,-7.253,277.655
16.2000,164.513,6906.5,4,196.625,1.0000,100.000,123.505,127.546,0.3642,0.0000,0.000,-7.345,278.411
16.2167,164.585,6909.5,4,196.323,1.0000,100.000,123.531,127.576,0.3640,0.0000,0.000,-7.418,279.170
16.2333,164.656,6912.6,4,196.022,1.0000,100.000,123.557,127.606,0.3638,0.0000,0.000,-7.472,279.930
16.2500,164.726,6915.6,4,195.721,1.0000,100.000,123.583,127.637,0.3637,0.0000,0.000,-7.508,280.692
16.2667,164.797,6918.6,4,195.421,1.0000,100.000,123.608,127.667,0.3635,0.0000,0.000,-7.526,281.455
16.2833,164.867,6921.7,4,195.122,1.0000,100.000,123.634,127.697,0.3633,0.0000,0.000,-7.525,282.218
16.3000,164.937,6924.7,4,194.823,1.0000,100.000,123.660,127.728,0.3632,0.0000,0.000,-7.505,282.981
16.3167,165.007,6927.7,4,194.525,1.0000,100.000,123.686,127.758,0.3630,0.0000,0.000,-7.467,283.744
16.3333,165.077,6930.7,4,194.227,1.0000,100.000,123.711,127.788,0.3628,0.0000,0.000,-7.410,284.507
16.3500,165.146,6933.7,4,193.927,1.0000,100.000,123.737,127.819,0.3627,0.0000,0.000,-7.334,285.267
16.3667,165.215,6936.6,4,193.610,1.0000,100.000,123.763,127.849,0.3625,0.0000,0.000,-7.240,286.026
16.3833,165.284,6939.6,4,193.293,1.0000,100.000,123.789,127.879,0.3623,0.0000,0.000,-7.127,286.783
16.4000,165.353,6942.6,4,192.977,1.0000,100.000,123.815,127.910,0.3622,0.0000,0.000,-6.996,287.537
16.4167,165.421,6945.5,4,192.661,1.0000,100.000,123.840,127.940,0.3620,0.0000,0.000,-6.846,288.288
16.4333,165.490,6948.4,4,192.346,1.0000,100.000,123.866,127.971,0.3618,0.0000,0.000,-6.678,289.036
16.4500,165.558,6951.4,4,192.032,1.0000,100.000,123.892,128.001,0.3617,0.0000,0.000,-6.491,289.779
16.4667,165.625,6954.3,4,191.719,1.0000,100.000,123.918,128.031,0.3615,0.0000,0.000,-6.287,290.518
16.4833,165.693,6957.2,4,191.406,1.0000,100.000,123.944,128.062,0.3613,0.0000,0.000,-6.064,291.252
16.5000,165.760,6960.1,4,191.094,1.0000,100.000,123.969,128.092,0.3612,0.0000,0.000,-5.823,291.981
16.5167,165.827,6963.0,4,190.783,1.0000,100.000,123.995,128.122,0.3610,0.0000,0.000,-5.564,292.704
16.5333,165.894,6965.9,4,190.472,1.0000,100.000,124.021,128.153,0.3608,0.0000,0.000,-5.288,293.420
16.5500,165.961,6968.8,4,190.162,1.0000,100.000,124.047,128.183,0.3607,0.0000,0.000,-4.993,294.130
16.5667,166.027,6971.6,4,189.852,1.0000,100.000,124.073,128.213,0.3605,0.0000,0.000,-4.682,294.833
16.5833,166.094,6974.5,4,189.544,1.0000,100.000,124.098,128.244,0.3603,0.0000,0.000,-4.353,295.528
16.6000,166.159,6977.3,4,189.236,1.0000,100.000,124.124,128.274,0.3602,0.0000,0.000,-4.007,296.215
16.6167,166.225,6980.1,4,188.928,1.0000,100.000,124.150,128.304,0.3600,0.0000,0.000,-3.644,296.894
16.6333,166.291,6983.0,4,188.621,1.0000,100.000,124.176,128.335,0.3598,0.0000,0.000,-3.265,297.563
16.6500,166.356,6985.8,4,188.315,1.0000,100.000,124.202,128.365,0.3597,0.0000,0.000,-2.869,298.224
16.6667,166.421,6988.6,4,188.010,1.0000,100.000,124.227,128.395,0.3595,0.0000,0.000,-2.456,298.875
16.6833,166.486,6991.4,4,187.705,1.0000,100.000,124.253,128.426,0.3593,0.0000,0.000,-2.028,299.515
16.7000,166.551,6994.2,4,187.401,1.0000,100.000,124.279,128.456,0.3592,0.0000,0.000,-1.584,300.146
16.7167,166.615,6997.0,4,187.097,1.0000,100.000,124.305,128.487,0.3590,0.0000,0.000,-1.124,300.765
16.7333,166.679,6999.7,4,186.795,1.0000,100.000,124.331,128.517,0.3588,0.0000,0.000,-0.649,301.373
16.7500,166.743,7002.5,4,186.492,1.0000,100.000,124.356,128.547,0.3587,0.0000,0.000,-0.159,301.970
16.7667,166.807,7005.2,4,186.191,1.0000,100.000,124.382,128.578,0.3585,0.0000,0.000,0.346,302.554
16.7833,166.870,7008.0,4,185.890,1.0000,100.000,124.408,128.608,0.3583,0.0000,0.000,0.865,303.126
16.8000,166.934,7010.7,4,185.590,1.0000,100.000,124.434,128.638,0.3582,0.0000,0.000,1.399,303.685
16.8167,166.997,7013.4,4,185.290,1.0000,100.000,124.460,128.669,0.3580,0.0000,0.000,1.946,304.231
16.8333,167.060,7016.1,4,184.991,1.0000,100.000,124.486,128.699,0.3578,0.0000,0.000,2.507,304.764
16.8500,167.122,7018.8,4,184.693,1.0000,100.000,124.511,128.729,0.3577,0.0000,0.000,3.081,305.283
16.8667,167.185,7021.5,4,184.395,1.0000,100.000,124.537,128.760,0.3575,0.0000,0.000,3.668,305.788
16.8833,167.247,7024.2,4,184.098,1.0000,100.000,124.563,128.790,0.3573,0.0000,0.000,4.267,306.278
16.9000,167.309,7026.9,4,183.801,1.0000,100.000,124.589,128.821,0.3572,0.0000,0.000,4.879,306.753
16.9167,167.371,7029.6,4,183.506,1.0000,100.000,124.615,128.851,0.3570,0.0000,0.000,5.502,307.214
16.9333,167.432,7032.2,4,183.210,1.0000,100.000,124.641,128.881,0.3568,0.0000,0.000,6.136,307.659
16.9500,167.494,7034.9,4,182.916,1.0000,100.000,124.666,128.912,0.3567,0.0000,0.000,6.782,308.088
16.9667,167.555,7037.5,4,182.622,1.0000,100.000,124.692,128.942,0.3565,0.0000,0.000,7.439,308.501
16.9833,167.616,7040.1,4,182.328,1.0000,100.000,124.718,128.972,0.3563,0.0000,0.000,8.105,308.898
17.0000,167.677,7042.8,4,182.036,1.0000,100.000,124.744,129.003,0.3562,0.0000,0.000,8.782,309.279
17.0167,167.737,7045.4,4,181.744,1.0000,100.000,124.770,129.033,0.3560,0.0000,0.000,9.468,309.643
17.0333,167.797,7048.0,4,181.452,1.0000,100.000,124.796,129.064,0.3558,0.0000,0.000,10.163,309.990
17.0500,167.857,7050.6,4,181.161,1.0000,100.000,124.822,129.094,0.3557,0.0000,0.000,10.867,310.320
17.0667,167.917,7053.2,4,180.871,1.0000,100.000,124.847,129.124,0.3555,0.0000,0.000,11.579,310.632
17.0833,167.977,7055.7,4,180.581,1.0000,100.000,124.873,129.155,0.3553,0.0000,0.000,12.298,310.927
17.1000,168.036,7058.3,4,180.292,1.0000,100.000,124.899,129.185,0.3552,0.0000,0.000,13.025,311.204
17.1167,168.096,7060.9,4,180.003,1.0000,100.000,124.925,129.216,0.3550,0.0000,0.000,13.759,311.462
17.1333,168.155,7063.4,4,179.716,1.0000,100.000,124.951,129.246,0.3548,0.0000,0.000,14.500,311.703
17.1500,168.213,7065.9,4,179.428,1.0000,100.000,124.977,129.276,0.3547,0.0000,0.000,15.246,311.925
17.1667,168.272,7068.5,4,179.141,1.0000,100.000,125.002,129.307,0.3545,0.0000,0.000,15.998,312.129
17.1833,168.330,7071.0,4,178.855,1.0000,100.000,125.028,129.337,0.3543,0.0000,0.000,16.755,312.314
17.2000,168.389,7073.5,4,178.570,1.0000,100.000,125.054,129.368,0.3542,0.0000,0.000,17.517,312.480
17.2167,168.447,7076.0,4,178.285,1.0000,100.000,125.080,129.398,0.3540,0.0000,0.000,18.282,312.627
17.2333,168.504,7078.5,4,178.000,1.0000,100.000,125.106,129.428,0.3538,0.0000,0.000,19.052,312.756
17.2500,168.562,7081.0,4,177.717,1.0000,100.000,125.132,129.459,0.3537,0.0000,0.000,19.825,312.865
17.2667,168.619,7083.5,4,177.433,1.0000,100.000,125.158,129.489,0.3535,0.0000,0.000,20.600,312.955
17.2833,168.676,7085.9,4,177.151,1.0000,100.000,125.184,129.520,0.3533,0.0000,0.000,21.378,313.025
17.3000,168.733,7088.4,4,176.869,1.0000,100.000,125.209,129.550,0.3532,0.0000,0.000,22.157,313.076
17.3167,168.790,7090.9,4,176.587,1.0000,100.000,125.235,129.580,0.3530,0.0000,0.000,22.938,313.108
17.3333,168.847,7093.3,4,176.306,1.0000,100.000,125.261,129.611,0.3528,0.0000,0.000,23.720,313.121
17.3500,168.903,7095.7,4,176.026,1.0000,100.000,125.287,129.641,0.3527,0.0000,0.000,24.502,313.113
17.3667,168.959,7098.2,4,175.746,1.0000,100.000,125.313,129.672,0.3525,0.0000,0.000,25.283,313.087
17.3833,169.015,7100.6,4,175.467,1.0000,100.000,125.339,129.702,0.3523,0.0000,0.000,26.064,313.041
17.4000,169.071,7103.0,4,175.188,1.0000,100.000,125.365,129.732,0.3522,0.0000,0.000,26.844,312.975
17.4167,169.126,7105.4,4,174.910,1.0000,100.000,125.391,129.763,0.3520,0.0000,0.000,27.623,312.890
17.4333,169.182,7107.8,4,174.633,1.0000,100.000,125.416,129.793,0.3518,0.0000,0.000,28.399,312.786
17.4500,169.237,7110.2,4,174.356,1.0000,100.000,125.442,129.824,0.3517,0.0000,0.000,29.173,312.662
17.4667,169.292,7112.5,4,174.079,1.0000,100.000,125.468,129.854,0.3515,0.0000,0.000,29.943,312.519
17.4833,169.347,7114.9,4,173.803,1.0000,100.000,125.494,129.884,0.3513,0.0000,0.000,30.710,312.356
17.5000,169.401,7117.3,4,173.528,1.0000,100.000,125.520,129.915,0.3512,0.0000,0.000,31.473,312.175
17.5167,169.455,7119.6,4,173.253,1.0000,100.000,125.546,129.945,0.3510,0.0000,0.000,32.232,311.974
17.5333,169.510,7122.0,4,172.979,1.0000,100.000,125.572,129.976,0.3508,0.0000,0.000,32.985,311.754
17.5500,169.563,7124.3,4,172.705,1.0000,100.000,125.598,130.006,0.3507,0.0000,0.000,33.733,311.516
17.5667,169.617,7126.6,4,172.432,1.0000,100.000,125.623,130.036,0.3505,0.0000,0.000,34.475,311.259
17.5833,169.671,7128.9,4,172.160,1.0000,99.999,125.649,130.067,0.3503,0.0000,0.000,35.210,310.983
17.6000,169.724,7131.2,4,171.888,1.0000,99.999,125.675,130.097,0.3502,0.0000,0.000,35.939,310.689
17.6167,169.777,7133.5,4,171.616,1.0000,99.999,125.701,130.128,0.3500,0.0000,0.000,36.660,310.377
17.6333,169.830,7135.8,4,171.345,1.0000,99.999,125.727,130.158,0.3498,0.0000,0.000,37.374,310.046
17.6500,169.883,7138.1,4,171.075,1.0000,99.999,125.753,130.189,0.3497,0.0000,0.000,38.079,309.698
17.6667,169.936,7140.4,4,170.805,1.0000,99.999,125.779,130.219,0.3495,0.0000,0.000,38.775,309.332
17.6833,169.988,7142.6,4,170.535,1.0000,99.998,125.805,130.249,0.3493,0.0000,0.000,39.463,308.949
17.7000,170.040,7144.9,4,170.267,1.0000,99.998,125.831,130.280,0.3492,0.0000,0.000,40.140,308.548
17.7167,170.092,7147.1,4,169.998,1.0000,99.998,125.857,130.310,0.3490,0.0000,0.000,40.808,308.130
17.7333,170.144,7149.4,4,169.730,1.0000,99.998,125.882,130.341,0.3488,0.0000,0.000,41.465,307.696
17.7500,170.195,7151.6,4,169.463,1.0000,99.998,125.908,130.371,0.3487,0.0000,0.000,42.111,307.245
17.7667,170.247,7153.8,4,169.196,1.0000,99.998,125.934,130.402,0.3485,0.0000,0.000,42.746,306.778
17.7833,170.298,7156.1,4,168.930,1.0000,99.997,125.960,130.432,0.3483,0.0000,0.000,43.370,306.295
17.8000,170.349,7158.3,4,168.664,1.0000,99.997,125.986,130.462,0.3482,0.0000,0.000,43.981,305.797
17.8167,170.400,7160.5,4,168.399,1.0000,99.997,126.012,130.493,0.3480,0.0000,0.000,44.579,305.283
17.8333,170.451,7162.7,4,168.135,1.0000,99.997,126.038,130.523,0.3478,0.0000,0.000,45.165,304.754
17.8500,170.501,7164.8,4,167.870,1.0000,99.997,126.064,130.554,0.3477,0.0000,0.000,45.737,304.210
17.8667,170.551,7167.0,4,167.607,1.0000,99.996,126.090,130.584,0.3475,0.0000,0.000,46.296,303.652
17.8833,170.601,7169.2,4,167.343,1.0000,99.996,126.116,130.615,0.3473,0.0000,0.000,46.840,303.080
17.9000,170.651,7171.3,4,167.081,1.0000,99.996,126.142,130.645,0.3472,0.0000,0.000,47.370,302.494
17.9167,170.701,7173.5,4,166.819,1.0000,99.996,126.167,130.675,0.3470,0.0000,0.000,47.886,301.895
17.9333,170.750,7175.6,4,166.557,1.0000,99.996,126.193,130.706,0.3468,0.0000,0.000,48.386,301.283
17.9500,170.800,7177.8,4,166.296,1.0000,99.996,126.219,130.736,0.3467,0.0000,0.000,48.871,300.659
17.9667,170.849,7179.9,4,166.035,1.0000,99.995,126.245,130.767,0.3465,0.0000,0.000,49.340,300.022
17.9833,170.898,7182.0,4,165.775,1.0000,99.995,126.271,130.797,0.3463,0.0000,0.000,49.794,299.374
18.0000,170.742,7184.1,4,165.618,1.0000,99.995,126.278,130.814,0.3478,0.7500,0.812,50.219,298.707
18.0167,170.586,7184.6,4,165.527,1.0000,99.995,126.285,130.830,0.3492,0.7500,1.590,50.614,298.023
18.0333,170.431,7184.6,4,165.451,1.0000,99.995,126.293,130.846,0.3507,0.7500,2.336,50.978,297.322
18.0500,170.277,7184.3,4,165.391,1.0000,99.995,126.300,130.863,0.3522,0.7500,3.051,51.308,296.605
18.0667,170.122,7183.6,4,165.345,1.0000,99.995,126.307,130.879,0.3536,0.7500,3.735,51.603,295.873
18.0833,169.968,7182.5,4,165.313,1.0000,99.995,126.314,130.895,0.3551,0.7500,4.391,51.861,295.127
18.1000,169.815,7181.2,4,165.293,1.0000,99.995,126.321,130.912,0.3565,0.7500,5.019,52.080,294.369
18.1167,169.662,7179.5,4,165.284,1.0000,99.995,126.328,130.928,0.3580,0.7500,5.620,52.258,293.600
18.1333,169.509,7177.6,4,165.287,1.0000,99.995,126.335,130.944,0.3594,0.7500,6.196,52.394,292.822
18.1500,169.357,7175.4,4,165.299,1.0000,99.995,126.343,130.961,0.3609,0.7500,6.746,52.488,292.038
18.1667,169.205,7172.9,4,165.322,1.0000,99.995,126.350,130.977,0.3624,0.7500,7.273,52.536,291.250
18.1833,169.054,7170.2,4,165.354,1.0000,99.995,126.357,130.994,0.3638,0.7500,7.778,52.540,290.460
18.2000,168.903,7167.3,4,165.394,1.0000,99.995,126.364,131.010,0.3653,0.7500,8.261,52.497,289.671
18.2167,168.752,7164.2,4,165.441,1.0000,99.995,126.371,131.026,0.3667,0.7500,8.723,52.408,288.886
18.2333,168.602,7160.9,4,165.497,1.0000,99.995,126.378,131.043,0.3682,0.7500,9.165,52.271,288.107
18.2500,168.453,7157.5,4,165.559,1.0000,99.995,126.385,131.059,0.3697,0.7500,9.587,52.086,287.338
18.2667,168.303,7153.8,4,165.628,1.0000,99.995,126.393,131.075,0.3711,0.7500,9.992,51.855,286.582
18.2833,168.154,7150.0,4,165.703,1.0000,99.995,126.400,131.092,0.3726,0.7500,10.379,51.576,285.841
18.3000,168.006,7146.1,4,165.784,1.0000,99.995,126.407,131.108,0.3740,0.7500,10.750,51.251,285.119
18.3167,167.858,7142.0,4,165.870,1.0000,99.995,126.414,131.124,0.3755,0.7500,11.104,50.880,284.419
18.3333,167.710,7137.8,4,165.961,1.0000,99.995,126.421,131.141,0.3769,0.7500,11.443,50.465,283.745
18.3500,167.563,7133.4,4,166.057,1.0000,99.995,126.428,131.157,0.3784,0.7500,11.768,50.006,283.099
18.3667,167.415,7129.0,4,166.157,1.0000,99.995,126.435,131.173,0.3799,0.7500,12.078,49.506,282.484
18.3833,167.268,7124.4,4,166.261,1.0000,99.995,126.442,131.190,0.3813,0.7500,12.376,48.965,281.904
18.4000,167.122,7119.7,4,166.368,1.0000,99.995,126.450,131.206,0.3828,0.7500,12.660,48.387,281.361
18.4167,166.975,7115.0,4,166.480,1.0000,99.995,126.457,131.222,0.3842,0.7500,12.932,47.774,280.858
18.4333,166.828,7110.1,4,166.595,1.0000,99.995,126.464,131.239,0.3857,0.7500,13.193,47.128,280.397
18.4500,166.682,7105.2,4,166.712,1.0000,99.995,126.471,131.255,0.3872,0.7500,13.442,46.452,279.982
18.4667,166.535,7100.2,4,166.833,1.0000,99.995,126.478,131.271,0.3886,0.7500,13.681,45.749,279.614
18.4833,166.389,7095.1,4,166.957,1.0000,99.995,126.485,131.288,0.3901,0.7500,13.909,45.022,279.296
18.5000,166.243,7090.0,4,167.083,1.0000,99.995,126.492,131.304,0.3915,0.7500,14.128,44.275,279.028
18.5167,166.097,7084.8,4,167.212,1.0000,99.995,126.499,131.320,0.3930,0.7500,14.338,43.511,278.813
18.5333,165.951,7079.5,4,167.343,1.0000,99.995,126.506,131.337,0.3945,0.7500,14.538,42.734,278.652
18.5500,165.806,7074.2,4,167.476,1.0000,99.995,126.514,131.353,0.3959,0.7500,14.730,41.947,278.546
18.5667,165.660,7068.8,4,167.611,1.0000,99.995,126.521,131.369,0.3974,0.7500,14.914,41.155,278.496
18.5833,165.515,7063.4,4,167.747,1.0000,99.995,126.528,131.386,0.3988,0.7500,15.090,40.361,278.502
18.6000,165.369,7057.9,4,167.886,1.0000,99.995,126.535,131.402,0.4003,0.7500,15.259,39.570,278.564
18.6167,165.224,7052.4,4,168.026,1.0000,99.995,126.542,131.418,0.4017,0.7500,15.420,38.786,278.682
18.6333,165.079,7046.8,4,168.167,1.0000,99.995,126.549,131.435,0.4032,0.7500,15.575,38.012,278.856
18.6500,164.934,7041.2,4,168.310,1.0000,99.995,126.556,131.451,0.4047,0.7500,15.723,37.252,279.085
18.6667,164.789,7035.6,4,168.455,1.0000,99.995,126.563,131.467,0.4061,0.7500,15.865,36.511,279.368
18.6833,164.645,7029.9,4,168.600,1.0000,99.995,126.570,131.484,0.4076,0.7500,16.001,35.793,279.704
18.7000,164.500,7024.2,4,168.746,1.0000,99.995,126.577,131.500,0.4090,0.7500,16.131,35.100,280.090
18.7167,164.356,7018.5,4,168.894,1.0000,99.995,126.584,131.516,0.4105,0.7500,16.255,34.438,280.525
18.7333,164.212,7012.7,4,169.042,1.0000,99.995,126.592,131.533,0.4120,0.7500,16.375,33.809,281.007
18.7500,164.068,7006.9,4,169.192,1.0000,99.995,126.599,131.549,0.4134,0.7500,16.489,33.217,281.533
18.7667,163.924,7001.1,4,169.342,1.0000,99.995,126.606,131.565,0.4149,0.7500,16.599,32.664,282.101
18.7833,163.780,6995.3,4,169.492,1.0000,99.995,126.613,131.581,0.4163,0.7500,16.704,32.155,282.707
18.8000,163.636,6989.5,4,169.644,1.0000,99.995,126.620,131.598,0.4178,0.7500,16.805,31.691,283.348
18.8167,163.493,6983.6,4,169.796,1.0000,99.995,126.627,131.614,0.4192,0.7500,16.901,31.276,284.021
18.8333,163.350,6977.7,4,169.948,1.0000,99.995,126.634,131.630,0.4207,0.7500,16.993,30.911,284.723
18.8500,163.206,6971.8,4,170.101,1.0000,99.995,126.641,131.647,0.4222,0.7500,17.082,30.598,285.449
18.8667,163.063,6965.9,4,170.255,1.0000,99.995,126.648,131.663,0.4236,0.7500,17.167,30.340,286.195
18.8833,162.920,6960.0,4,170.409,1.0000,99.995,126.655,131.679,0.4251,0.7500,17.248,30.137,286.959
18.9000,162.777,6954.0,4,170.563,1.0000,99.995,126.662,131.696,0.4265,0.7500,17.326,29.991,287.734
18.9167,162.635,6948.1,4,170.718,1.0000,99.995,126.669,131.712,0.4280,0.7500,17.401,29.902,288.518
18.9333,162.492,6942.1,4,170.872,1.0000,99.995,126.676,131.728,0.4295,0.7500,17.472,29.870,289.306
18.9500,162.350,6936.2,4,171.028,1.0000,99.995,126.683,131.744,0.4309,0.7500,17.541,29.897,290.094
18.9667,162.208,6930.2,4,171.164,1.0000,99.995,126.690,131.761,0.4324,0.7500,17.606,29.982,290.878
18.9833,162.065,6924.2,4,171.282,1.0000,99.995,126.697,131.777,0.4338,0.7500,17.669,30.124,291.652
19.0000,161.923,6918.2,4,171.401,1.0000,99.995,126.704,131.793,0.4353,0.7500,17.730,30.323,292.414
19.0167,161.782,6912.2,4,171.519,1.0000,99.995,126.712,131.810,0.4367,0.7500,17.788,30.577,293.158
19.0333,161.640,6906.2,4,171.638,1.0000,99.995,126.719,131.826,0.4382,0.7500,17.843,30.884,293.881
19.0500,161.498,6900.2,4,171.757,1.0000,99.995,126.726,131.842,0.4397,0.7500,17.896,31.245,294.580
19.0667,161.357,6894.2,4,171.876,1.0000,99.995,126.733,131.858,0.4411,0.7500,17.947,31.655,295.249
19.0833,161.215,6888.2,4,171.995,1.0000,99.995,126.740,131.875,0.4426,0.7500,17.996,32.113,295.886
19.1000,161.074,6882.2,4,172.114,1.0000,99.995,126.747,131.891,0.4440,0.7500,18.043,32.617,296.487
19.1167,160.933,6876.2,4,172.233,1.0000,99.995,126.754,131.907,0.4455,0.7500,18.088,33.164,297.049
19.1333,160.792,6870.2,4,172.352,1.0000,99.995,126.761,131.923,0.4470,0.7500,18.131,33.750,297.569
19.1500,160.651,6864.2,4,172.471,1.0000,99.995,126.768,131.940,0.4484,0.7500,18.172,34.372,298.044
19.1667,160.510,6858.2,4,172.590,1.0000,99.995,126.775,131.956,0.4499,0.7500,18.212,35.027,298.471
19.1833,160.369,6852.1,4,172.708,1.0000,99.995,126.782,131.972,0.4513,0.7500,18.250,35.712,298.849
19.2000,160.229,6846.1,4,172.827,1.0000,99.995,126.789,131.988,0.4528,0.7500,18.286,36.422,299.175
19.2167,160.088,6840.1,4,172.946,1.0000,99.995,126.796,132.005,0.4542,0.7500,18.321,37.153,299.447
19.2333,159.948,6834.1,4,173.064,1.0000,99.995,126.803,132.021,0.4557,0.7500,18.355,37.903,299.665
19.2500,159.808,6828.1,4,173.183,1.0000,99.995,126.810,132.037,0.4572,0.7500,18.387,38.665,299.826
19.2667,159.668,6822.0,4,173.301,1.0000,99.995,126.817,132.053,0.4586,0.7500,18.418,39.437,299.931
19.2833,159.528,6816.0,4,173.419,1.0000,99.995,126.824,132.070,0.4601,0.7500,18.447,40.214,299.979
19.3000,159.388,6810.0,4,173.537,1.0000,99.995,126.831,132.086,0.4615,0.7500,18.475,40.992,299.969
19.3167,159.248,6804.0,4,173.654,1.0000,99.995,126.838,132.102,0.4630,0.7500,18.502,41.767,299.902
19.3333,159.109,6798.0,4,173.771,1.0000,99.995,126.845,132.119,0.4645,0.7500,18.528,42.534,299.779
19.3500,158.969,6792.0,4,173.888,1.0000,99.995,126.852,132.135,0.4659,0.7500,18.553,43.289,299.599
19.3667,158.830,6786.0,4,174.005,1.0000,99.995,126.860,132.151,0.4674,0.7500,18.577,44.028,299.364
19.3833,158.691,6780.0,4,174.121,1.0000,99.995,126.867,132.168,0.4688,0.7500,18.600,44.748,299.075
19.4000,158.551,6774.0,4,174.237,1.0000,99.995,126.874,132.184,0.4703,0.7500,18.622,45.443,298.734
19.4167,158.413,6768.0,4,174.352,1.0000,99.995,126.881,132.200,0.4717,0.7500,18.643,46.112,298.343
19.4333,158.274,6762.0,4,174.468,1.0000,99.995,126.888,132.217,0.4732,0.7500,18.663,46.748,297.905
19.4500,158.135,6756.0,4,174.583,1.0000,99.995,126.896,132.233,0.4747,0.7500,18.683,47.351,297.420
19.4667,157.996,6750.0,4,174.698,1.0000,99.995,126.903,132.249,0.4761,0.7500,18.701,47.915,296.893
19.4833,157.858,6744.0,4,174.812,1.0000,99.995,126.910,132.266,0.4776,0.7500,18.719,48.439,296.327
19.5000,157.719,6738.0,4,174.926,1.0000,99.995,126.918,132.282,0.4790,0.7500,18.736,48.919,295.723
19.5167,157.581,6732.0,4,175.040,1.0000,99.995,126.925,132.299,0.4805,0.7500,18.753,49.352,295.086
19.5333,157.443,6726.1,4,175.153,1.0000,99.995,126.933,132.315,0.4820,0.7500,18.768,49.737,294.420
19.5500,157.305,6720.1,4,175.266,1.0000,99.995,126.940,132.332,0.4834,0.7500,18.784,50.072,293.727
19.5667,157.167,6714.1,4,175.379,1.0000,99.995,126.948,132.348,0.4849,0.7500,18.798,50.354,293.012
19.5833,157.029,6708.2,4,175.491,1.0000,99.995,126.955,132.364,0.4863,0.7500,18.812,50.582,292.278
19.6000,156.891,6702.2,4,175.603,1.0000,99.995,126.963,132.381,0.4878,0.7500,18.825,50.755,291.531
19.6167,156.754,6696.3,4,175.715,1.0000,99.995,126.970,132.397,0.4892,0.7500,18.838,50.872,290.773
19.6333,156.616,6690.3,4,175.826,1.0000,99.995,126.978,132.414,0.4907,0.7500,18.850,50.932,290.009
19.6500,156.479,6684.4,4,175.937,1.0000,99.995,126.985,132.430,0.4922,0.7500,18.862,50.936,289.244
19.6667,156.342,6678.4,4,176.048,1.0000,99.995,126.993,132.447,0.4936,0.7500,18.873,50.883,288.481
19.6833,156.205,6672.5,4,176.158,1.0000,99.995,127.001,132.463,0.4951,0.7500,18.884,50.774,287.724
19.7000,156.068,6666.5,4,176.268,1.0000,99.995,127.008,132.480,0.4965,0.7500,18.894,50.608,286.979
19.7167,155.931,6660.6,4,176.377,1.0000,99.995,127.016,132.497,0.4980,0.7500,18.904,50.388,286.248
19.7333,155.794,6654.7,4,176.486,1.0000,99.995,127.024,132.513,0.4995,0.7500,18.914,50.115,285.536
19.7500,155.657,6648.8,4,176.595,1.0000,99.995,127.031,132.530,0.5009,0.7500,18.923,49.790,284.847
19.7667,155.521,6642.9,4,176.704,1.0000,99.995,127.039,132.546,0.5024,0.7500,18.932,49.414,284.185
19.7833,155.384,6637.0,4,176.812,1.0000,99.995,127.047,132.563,0.5038,0.7500,18.940,48.991,283.553
19.8000,155.248,6631.1,4,176.919,1.0000,99.995,127.055,132.579,0.5053,0.7500,18.948,48.522,282.955
19.8167,155.112,6625.2,4,177.027,1.0000,99.995,127.063,132.596,0.5067,0.7500,18.956,48.011,282.394
19.8333,154.975,6619.3,4,177.134,1.0000,99.995,127.070,132.613,0.5082,0.7500,18.963,47.459,281.873
19.8500,154.839,6613.4,4,177.240,1.0000,99.995,127.078,132.629,0.5097,0.7500,18.970,46.871,281.395
19.8667,154.704,6607.5,4,177.346,1.0000,99.995,127.086,132.646,0.5111,0.7500,18.977,46.249,280.962
19.8833,154.568,6601.6,4,177.452,1.0000,99.995,127.094,132.662,0.5126,0.7500,18.984,45.598,280.578
19.9000,154.432,6595.7,4,177.558,1.0000,99.995,127.102,132.679,0.5140,0.7500,18.990,44.920,280.243
19.9167,154.297,6589.9,4,177.663,1.0000,99.995,127.110,132.696,0.5155,0.7500,18.996,44.219,279.961
19.9333,154.161,6584.0,4,177.767,1.0000,99.995,127.118,132.712,0.5170,0.7500,19.002,43.500,279.731
19.9500,154.026,6578.1,4,177.872,1.0000,99.995,127.126,132.729,0.5184,0.7500,19.007,42.766,279.557
19.9667,153.890,6572.3,4,177.976,1.0000,99.995,127.134,132.746,0.5199,0.7500,19.013,42.022,279.437
19.9833,153.755,6566.4,4,178.079,1.0000,99.995,127.142,132.762,0.5213,0.7500,19.018,41.272,279.374
20.0000,153.620,6560.6,4,178.182,1.0000,99.995,127.150,132.779,0.5228,0.7500,19.023,40.520,279.367
20.0167,153.485,6554.7,4,178.285,1.0000,99.995,127.158,132.796,0.5242,0.7500,19.027,39.769,279.417
20.0333,153.351,6548.9,4,178.388,1.0000,99.995,127.166,132.813,0.5257,0.7500,19.032,39.026,279.522
20.0500,153.216,6543.1,4,178.490,1.0000,99.995,127.175,132.829,0.5272,0.7500,19.036,38.293,279.683
20.0667,153.081,6537.2,4,178.591,1.0000,99.995,127.183,132.846,0.5286,0.7500,19.040,37.575,279.898
20.0833,152.947,6531.4,4,178.693,1.0000,99.995,127.191,132.863,0.5301,0.7500,19.044,36.875,280.167
20.1000,152.813,6525.6,4,178.794,1.0000,99.995,127.199,132.880,0.5315,0.7500,19.048,36.199,280.487
20.1167,152.678,6519.8,4,178.894,1.0000,99.995,127.207,132.896,0.5330,0.7500,19.052,35.549,280.856
20.1333,152.544,6514.0,4,178.994,1.0000,99.995,127.216,132.913,0.5345,0.7500,19.055,34.929,281.273
20.1500,152.410,6508.2,4,179.094,1.0000,99.995,127.224,132.930,0.5359,0.7500,19.059,34.342,281.735
20.1667,152.276,6502.4,4,179.194,1.0000,99.995,127.232,132.947,0.5374,0.7500,19.062,33.793,282.240
20.1833,152.142,6496.6,4,179.293,1.0000,99.995,127.241,132.964,0.5388,0.7500,19.065,33.283,282.784
20.2000,152.009,6490.8,4,179.391,1.0000,99.995,127.249,132.980,0.5403,0.7500,19.068,32.817,283.364
20.2167,151.875,6485.0,4,179.490,1.0000,99.995,127.257,132.997,0.5417,0.7500,19.071,32.396,283.977
20.2333,151.741,6479.2,4,179.587,1.0000,99.995,127.266,133.014,0.5432,0.7500,19.074,32.022,284.620
20.2500,151.608,6473.5,4,179.685,1.0000,99.995,127.274,133.031,0.5447,0.7500,19.076,31.699,285.288
20.2667,151.475,6467.7,4,179.782,1.0000,99.995,127.283,133.048,0.5461,0.7500,19.079,31.427,285.979
20.2833,151.342,6461.9,4,179.879,1.0000,99.995,127.291,133.065,0.5476,0.7500,19.081,31.208,286.687
20.3000,151.208,6456.2,4,179.975,1.0000,99.995,127.300,133.081,0.5490,0.7500,19.083,31.044,287.409
20.3167,151.075,6450.4,4,180.071,1.0000,99.995,127.308,133.098,0.5505,0.7500,19.086,30.934,288.141
20.3333,150.943,6444.7,4,180.167,1.0000,99.995,127.317,133.115,0.5520,0.7500,19.088,30.881,288.879
20.3500,150.810,6438.9,4,180.262,1.0000,99.995,127.325,133.132,0.5534,0.7500,19.090,30.883,289.618
20.3667,150.677,6433.2,4,180.357,1.0000,99.995,127.334,133.149,0.5549,0.7500,19.092,30.942,290.354
20.3833,150.545,6427.5,4,180.452,1.0000,99.995,127.343,133.166,0.5563,0.7500,19.094,31.056,291.082
20.4000,150.412,6421.7,4,180.546,1.0000,99.995,127.351,133.183,0.5578,0.7500,19.096,31.224,291.800
20.4167,150.280,6416.0,4,180.640,1.0000,99.995,127.360,133.200,0.5592,0.7500,19.097,31.447,292.501
20.4333,150.147,6410.3,4,180.733,1.0000,99.995,127.369,133.217,0.5607,0.7500,19.099,31.721,293.184
20.4500,150.015,6404.6,4,180.826,1.0000,99.995,127.377,133.234,0.5622,0.7500,19.101,32.047,293.843
20.4667,149.883,6398.8,4,180.912,1.0000,99.995,127.386,133.251,0.5636,0.7500,19.102,32.421,294.475
20.4833,149.751,6393.1,4,180.970,1.0000,99.995,127.395,133.268,0.5651,0.7500,19.104,32.842,295.076
20.5000,149.619,6387.4,4,181.028,1.0000,99.995,127.404,133.285,0.5665,0.7500,19.105,33.307,295.642
20.5167,149.487,6381.7,4,181.086,1.0000,99.995,127.412,133.302,0.5680,0.7500,19.106,33.813,296.172
20.5333,149.356,6376.1,4,181.144,1.0000,99.995,127.421,133.319,0.5695,0.7500,19.108,34.358,296.660
20.5500,149.224,6370.4,4,181.201,1.0000,99.995,127.430,133.336,0.5709,0.7500,19.109,34.938,297.106
20.5667,149.093,6364.7,4,181.258,1.0000,99.995,127.439,133.353,0.5724,0.7500,19.110,35.549,297.505
20.5833,148.961,6359.0,4,181.314,1.0000,99.995,127.448,133.370,0.5738,0.7500,19.111,36.189,297.857
20.6000,148.830,6353.3,4,181.371,1.0000,99.995,127.457,133.387,0.5753,0.7500,19.113,36.853,298.158
20.6167,148.698,6347.7,4,181.427,1.0000,99.995,127.466,133.404,0.5767,0.7500,19.114,37.537,298.408
20.6333,148.567,6342.0,4,181.483,1.0000,99.995,127.475,133.421,0.5782,0.7500,19.115,38.238,298.605
20.6500,148.436,6336.3,4,181.538,1.0000,99.995,127.484,133.438,0.5797,0.7500,19.116,38.951,298.747
20.6667,148.305,6330.7,4,181.593,1.0000,99.995,127.493,133.455,0.5811,0.7500,19.117,39.673,298.834
20.6833,148.174,6325.0,4,181.648,1.0000,99.995,127.502,133.472,0.5826,0.7500,19.118,40.398,298.866
20.7000,148.043,6319.4,4,181.702,1.0000,99.995,127.511,133.489,0.5840,0.7500,19.119,41.123,298.843
20.7167,147.912,6313.7,4,181.757,1.0000,99.995,127.520,133.506,0.5855,0.7500,19.119,41.844,298.764
20.7333,147.782,6308.1,4,181.811,1.0000,99.995,127.529,133.524,0.5870,0.7500,19.120,42.555,298.630
20.7500,147.651,6302.5,4,181.864,1.0000,99.995,127.538,133.541,0.5884,0.7500,19.121,43.254,298.442
20.7667,147.521,6296.8,4,181.917,1.0000,99.995,127.547,133.558,0.5899,0.7500,19.122,43.936,298.201
20.7833,147.390,6291.2,4,181.971,1.0000,99.995,127.556,133.575,0.5913,0.7500,19.123,44.596,297.910
20.8000,147.260,6285.6,4,182.023,1.0000,99.995,127.565,133.592,0.5928,0.7500,19.123,45.232,297.568
20.8167,147.129,6280.0,4,182.076,1.0000,99.995,127.575,133.609,0.5942,0.7500,19.124,45.839,297.179
20.8333,146.999,6274.3,4,182.128,1.0000,99.995,127.584,133.627,0.5957,0.7500,19.125,46.414,296.745
20.8500,146.869,6268.7,4,182.180,1.0000,99.995,127.593,133.644,0.5972,0.7500,19.125,46.953,296.269
20.8667,146.739,6263.1,4,182.231,1.0000,99.995,127.602,133.661,0.5986,0.7500,19.126,47.454,295.753
20.8833,146.609,6257.5,4,182.282,1.0000,99.995,127.612,133.678,0.6001,0.7500,19.127,47.913,295.201
20.9000,146.479,6251.9,4,182.333,1.0000,99.995,127.621,133.695,0.6015,0.7500,19.127,48.328,294.615
20.9167,146.349,6246.3,4,182.384,1.0000,99.995,127.630,133.713,0.6030,0.7500,19.128,48.697,294.000
20.9333,146.220,6240.7,4,182.434,1.0000,99.995,127.640,133.730,0.6045,0.7500,19.128,49.016,293.358
20.9500,146.090,6235.1,4,182.484,1.0000,99.995,127.649,133.747,0.6059,0.7500,19.129,49.286,292.695
20.9667,145.960,6229.6,4,182.534,1.0000,99.995,127.659,133.764,0.6074,0.7500,19.129,49.502,292.013
20.9833,145.831,6224.0,4,182.584,1.0000,99.995,127.668,133.781,0.6088,0.7500,19.130,49.666,291.318
21.0000,145.701,6218.4,4,182.633,1.0000,99.995,127.677,133.799,0.6103,0.7500,19.130,49.775,290.612
21.0167,145.572,6212.8,4,182.682,1.0000,99.995,127.687,133.816,0.6117,0.7500,19.131,49.830,289.901
21.0333,145.443,6207.3,4,182.730,1.0000,99.995,127.696,133.833,0.6132,0.7500,19.131,49.830,289.188
21.0500,145.314,6201.7,4,182.779,1.0000,99.995,127.706,133.851,0.6147,0.7500,19.132,49.774,288.478
21.0667,145.185,6196.1,4,182.827,1.0000,99.995,127.715,133.868,0.6161,0.7500,19.132,49.664,287.776
21.0833,145.056,6190.6,4,182.875,1.0000,99.995,127.725,133.885,0.6176,0.7500,19.132,49.500,287.084
21.1000,144.927,6185.0,4,182.922,1.0000,99.995,127.735,133.903,0.6190,0.7500,19.133,49.283,286.408
21.1167,144.798,6179.5,4,182.969,1.0000,99.995,127.744,133.920,0.6205,0.7500,19.133,49.015,285.751
21.1333,144.669,6173.9,4,183.016,1.0000,99.995,127.754,133.937,0.6220,0.7500,19.134,48.697,285.117
21.1500,144.540,6168.4,4,183.063,1.0000,99.995,127.763,133.955,0.6234,0.7500,19.134,48.331,284.511
21.1667,144.412,6162.9,4,183.109,1.0000,99.995,127.773,133.972,0.6249,0.7500,19.134,47.920,283.935
21.1833,144.283,6157.3,4,183.155,1.0000,99.995,127.783,133.989,0.6263,0.7500,19.135,47.466,283.393
21.2000,144.155,6151.8,4,183.201,1.0000,99.995,127.793,134.007,0.6278,0.7500,19.135,46.971,282.888
21.2167,144.026,6146.3,4,183.246,1.0000,99.995,127.802,134.024,0.6292,0.7500,19.135,46.440,282.424
21.2333,143.898,6140.7,4,183.291,1.0000,99.995,127.812,134.041,0.6307,0.7500,19.136,45.874,282.003
21.2500,143.770,6135.2,4,183.336,1.0000,99.995,127.822,134.059,0.6322,0.7500,19.136,45.278,281.627
21.2667,143.642,6129.7,4,183.381,1.0000,99.995,127.832,134.076,0.6336,0.7500,19.136,44.656,281.299
21.2833,143.514,6124.2,4,183.425,1.0000,99.995,127.841,134.094,0.6351,0.7500,19.136,44.010,281.021
21.3000,143.386,6118.7,4,183.469,1.0000,99.995,127.851,134.111,0.6365,0.7500,19.137,43.345,280.793
21.3167,143.258,6113.2,4,183.513,1.0000,99.995,127.861,134.129,0.6380,0.7500,19.137,42.665,280.619
21.3333,143.130,6107.7,4,183.556,1.0000,99.995,127.871,134.146,0.6395,0.7500,19.137,41.974,280.498
21.3500,143.002,6102.2,4,183.599,1.0000,99.995,127.881,134.163,0.6409,0.7500,19.137,41.276,280.431
21.3667,142.874,6096.7,4,183.642,1.0000,99.995,127.891,134.181,0.6424,0.7500,19.138,40.576,280.418
21.3833,142.747,6091.2,4,183.684,1.0000,99.995,127.901,134.198,0.6438,0.7500,19.138,39.878,280.461
21.4000,142.619,6085.7,4,183.727,1.0000,99.995,127.911,134.216,0.6453,0.7500,19.138,39.186,280.557
21.4167,142.492,6080.2,4,183.769,1.0000,99.995,127.921,134.233,0.6467,0.7500,19.138,38.504,280.707
21.4333,142.364,6074.7,4,183.810,1.0000,99.995,127.931,134.251,0.6482,0.7500,19.139,37.836,280.909
21.4500,142.237,6069.3,4,183.852,1.0000,99.995,127.941,134.268,0.6497,0.7500,19.139,37.187,281.163
21.4667,142.110,6063.8,4,183.893,1.0000,99.995,127.951,134.286,0.6511,0.7500,19.139,36.560,281.466
21.4833,141.982,6058.3,4,183.934,1.0000,99.995,127.961,134.303,0.6526,0.7500,19.139,35.959,281.817
21.5000,141.855,6052.9,4,183.974,1.0000,99.995,127.971,134.321,0.6540,0.7500,19.140,35.388,282.213
21.5167,141.728,6047.4,4,184.015,1.0000,99.995,127.981,134.339,0.6555,0.7500,19.140,34.850,282.653
21.5333,141.601,6041.9,4,184.055,1.0000,99.995,127.991,134.356,0.6570,0.7500,19.140,34.349,283.132
21.5500,141.474,6036.5,4,184.094,1.0000,99.995,128.002,134.374,0.6584,0.7500,19.140,33.887,283.649
21.5667,141.348,6031.0,4,184.134,1.0000,99.995,128.012,134.391,0.6599,0.7500,19.140,33.467,284.200
21.5833,141.221,6025.6,4,184.173,1.0000,99.995,128.022,134.409,0.6613,0.7500,19.141,33.092,284.782
21.6000,141.094,6020.1,4,184.212,1.0000,99.995,128.032,134.426,0.6628,0.7500,19.141,32.764,285.391
21.6167,140.968,6014.7,4,184.250,1.0000,99.995,128.042,134.444,0.6642,0.7500,19.141,32.485,286.022
21.6333,140.841,6009.3,4,184.288,1.0000,99.995,128.053,134.462,0.6657,0.7500,19.141,32.256,286.674
21.6500,140.715,6003.8,4,184.327,1.0000,99.995,128.063,134.479,0.6672,0.7500,19.141,32.080,287.340
21.6667,140.588,5998.4,4,184.364,1.0000,99.995,128.073,134.497,0.6686,0.7500,19.142,31.956,288.018
21.6833,140.462,5993.0,4,184.402,1.0000,99.995,128.084,134.514,0.6701,0.7500,19.142,31.885,288.703
21.7000,140.336,5987.5,4,184.439,1.0000,99.995,128.094,134.532,0.6715,0.7500,19.142,31.869,289.390
21.7167,140.209,5982.1,4,184.476,1.0000,99.995,128.104,134.550,0.6730,0.7500,19.142,31.907,290.076
21.7333,140.083,5976.7,4,184.512,1.0000,99.995,128.115,134.567,0.6745,0.7500,19.142,31.998,290.757
21.7500,139.957,5971.3,4,184.548,1.0000,99.995,128.125,134.585,0.6759,0.7500,19.142,32.142,291.427
21.7667,139.831,5965.9,4,184.585,1.0000,99.995,128.136,134.603,0.6774,0.7500,19.143,32.339,292.084
21.7833,139.705,5960.5,4,184.620,1.0000,99.995,128.146,134.620,0.6788,0.7500,19.143,32.586,292.722
21.8000,139.580,5955.0,4,184.656,1.0000,99.995,128.157,134.638,0.6803,0.7500,19.143,32.882,293.339
21.8167,139.454,5949.6,4,184.691,1.0000,99.995,128.167,134.656,0.6817,0.7500,19.143,33.226,293.930
21.8333,139.328,5944.2,4,184.726,1.0000,99.995,128.178,134.674,0.6832,0.7500,19.143,33.614,294.491
21.8500,139.203,5938.9,4,184.760,1.0000,99.995,128.188,134.691,0.6847,0.7500,19.143,34.045,295.020
21.8667,139.077,5933.5,4,184.795,1.0000,99.995,128.199,134.709,0.6861,0.7500,19.144,34.516,295.512
21.8833,138.952,5928.1,4,184.829,1.0000,99.995,128.209,134.727,0.6876,0.7500,19.144,35.024,295.966
21.9000,138.826,5922.7,4,184.863,1.0000,99.995,128.220,134.744,0.6890,0.7500,19.144,35.566,296.378
21.9167,138.701,5917.3,4,184.896,1.0000,99.995,128.231,134.762,0.6905,0.7500,19.144,36.138,296.745
21.9333,138.576,5911.9,4,184.929,1.0000,99.995,128.241,134.780,0.6920,0.7500,19.144,36.736,297.066
21.9500,138.450,5906.5,4,184.962,1.0000,99.995,128.252,134.798,0.6934,0.7500,19.144,37.357,297.339
21.9667,138.325,5901.2,4,184.995,1.0000,99.995,128.263,134.816,0.6949,0.7500,19.145,37.998,297.562
21.9833,138.200,5895.8,4,185.027,1.0000,99.995,128.273,134.833,0.6963,0.7500,19.145,38.653,297.733
22.0000,138.277,5890.4,4,184.931,1.0000,99.995,128.303,134.865,0.6972,0.0000,17.040,39.306,297.881
22.0167,138.353,5880.7,4,184.953,1.0000,99.994,128.332,134.897,0.6980,0.0000,15.140,39.957,298.008
22.0333,138.429,5872.9,4,184.923,1.0000,99.994,128.361,134.928,0.6988,0.0000,13.435,40.607,298.119
22.0500,138.506,5866.7,4,184.849,1.0000,99.994,128.390,134.960,0.6997,0.0000,11.909,41.255,298.214
22.0667,138.582,5861.8,4,184.725,1.0000,99.993,128.420,134.992,0.7005,0.0000,10.547,41.903,298.296
22.0833,138.658,5858.2,4,184.571,1.0000,99.993,128.449,135.023,0.7013,0.0000,9.335,42.549,298.365
22.1000,138.734,5855.6,4,184.393,1.0000,99.993,128.478,135.055,0.7022,0.0000,8.257,43.196,298.424
22.1167,138.809,5853.8,4,184.194,1.0000,99.992,128.507,135.087,0.7030,0.0000,7.301,43.842,298.472
22.1333,138.885,5852.8,4,183.978,1.0000,99.992,128.536,135.118,0.7038,0.0000,6.453,44.488,298.511
22.1500,138.960,5852.4,4,183.747,1.0000,99.992,128.565,135.150,0.7037,0.0000,5.703,45.134,298.541
22.1667,139.036,5852.5,4,183.503,1.0000,99.991,128.594,135.181,0.7035,0.0000,5.038,45.779,298.563
22.1833,139.111,5853.1,4,183.249,1.0000,99.991,128.623,135.213,0.7033,0.0000,4.451,46.425,298.576
22.2000,139.185,5854.0,4,182.985,1.0000,99.991,128.652,135.245,0.7032,0.0000,3.931,47.071,298.582
22.2167,139.260,5855.3,4,182.714,1.0000,99.990,128.681,135.276,0.7030,0.0000,3.472,47.717,298.580
22.2333,139.335,5856.9,4,182.436,1.0000,99.990,128.710,135.308,0.7028,0.0000,3.066,48.363,298.570
22.2500,139.409,5858.6,4,182.153,1.0000,99.990,128.739,135.339,0.7027,0.0000,2.707,49.009,298.554
22.2667,139.483,5860.6,4,181.866,1.0000,99.989,128.768,135.371,0.7025,0.0000,2.391,49.655,298.530
22.2833,139.557,5862.8,4,181.575,1.0000,99.989,128.797,135.402,0.7023,0.0000,2.111,50.301,298.499
22.3000,139.630,5865.1,4,181.281,1.0000,99.989,128.826,135.434,0.7022,0.0000,1.864,50.946,298.462
22.3167,139.703,5867.5,4,180.981,1.0000,99.988,128.855,135.465,0.7020,0.0000,1.646,51.592,298.417
22.3333,139.777,5870.0,4,180.676,1.0000,99.988,128.884,135.497,0.7018,0.0000,1.453,52.237,298.366
22.3500,139.850,5872.6,4,180.368,1.0000,99.988,128.913,135.529,0.7017,0.0000,1.283,52.882,298.308
22.3667,139.922,5875.3,4,180.058,1.0000,99.987,128.942,135.560,0.7015,0.0000,1.133,53.527,298.243
22.3833,139.995,5878.0,4,179.748,1.0000,99.987,128.971,135.592,0.7013,0.0000,1.000,54.171,298.171
22.4000,140.067,5880.8,4,179.436,1.0000,99.987,129.000,135.623,0.7012,0.0000,0.883,54.815,298.093
22.4167,140.139,5883.6,4,179.124,1.0000,99.986,129.029,135.655,0.7010,0.0000,0.779,55.458,298.008
22.4333,140.211,5886.4,4,178.811,1.0000,99.986,129.058,135.686,0.7008,0.0000,0.688,56.101,297.917
22.4500,140.282,5889.3,4,178.498,1.0000,99.986,129.087,135.718,0.7007,0.0000,0.608,56.743,297.818
22.4667,140.354,5892.2,4,178.184,1.0000,99.985,129.116,135.749,0.7005,0.0000,0.536,57.384,297.713
22.4833,140.425,5895.1,4,177.871,1.0000,99.985,129.144,135.781,0.7003,0.0000,0.474,58.025,297.602
22.5000,140.496,5898.0,4,177.557,1.0000,99.984,129.173,135.812,0.7002,0.0000,0.418,58.664,297.484
22.5167,140.566,5900.9,4,177.244,1.0000,99.984,129.202,135.844,0.7000,0.0000,0.369,59.303,297.359
22.5333,140.637,5903.9,4,176.930,1.0000,99.984,129.231,135.875,0.6998,0.0000,0.326,59.941,297.227
22.5500,140.707,5906.8,4,176.617,1.0000,99.983,129.260,135.907,0.6997,0.0000,0.288,60.577,297.089
22.5667,140.777,5909.7,4,176.304,1.0000,99.983,129.289,135.938,0.6995,0.0000,0.254,61.213,296.944
22.5833,140.847,5912.7,4,175.991,1.0000,99.983,129.317,135.970,0.6993,0.0000,0.224,61.847,296.793
22.6000,140.916,5915.6,4,175.679,1.0000,99.982,129.346,136.001,0.6992,0.0000,0.198,62.480,296.635
22.6167,140.986,5918.5,4,175.367,1.0000,99.982,129.375,136.033,0.6990,0.0000,0.175,63.111,296.470
22.6333,141.055,5921.5,4,175.055,1.0000,99.982,129.404,136.064,0.6988,0.0000,0.154,63.742,296.299
22.6500,141.124,5924.4,4,174.744,1.0000,99.981,129.432,136.096,0.6987,0.0000,0.136,64.370,296.121
22.6667,141.192,5927.3,4,174.433,1.0000,99.981,129.461,136.127,0.6985,0.0000,0.120,64.997,295.936
22.6833,141.261,5930.3,4,174.122,1.0000,99.980,129.490,136.158,0.6983,0.0000,0.106,65.623,295.745
22.7000,141.329,5933.2,4,173.812,1.0000,99.980,129.519,136.190,0.6982,0.0000,0.094,66.246,295.547
22.7167,141.397,5936.1,4,173.503,1.0000,99.980,129.547,136.221,0.6980,0.0000,0.083,66.868,295.343
22.7333,141.465,5939.0,4,173.194,1.0000,99.979,129.576,136.253,0.6978,0.0000,0.073,67.488,295.132
22.7500,141.532,5941.9,4,172.885,1.0000,99.979,129.605,136.284,0.6977,0.0000,0.065,68.107,294.915
22.7667,141.599,5944.7,4,172.577,1.0000,99.979,129.633,136.316,0.6975,0.0000,0.057,68.723,294.691
22.7833,141.667,5947.6,4,172.269,1.0000,99.978,129.662,136.347,0.6973,0.0000,0.050,69.337,294.461
22.8000,141.733,5950.5,4,171.962,1.0000,99.978,129.691,136.378,0.6972,0.0000,0.044,69.949,294.224
22.8167,141.800,5953.3,4,171.655,1.0000,99.977,129.719,136.410,0.6970,0.0000,0.039,70.559,293.981
22.8333,141.867,5956.2,4,171.349,1.0000,99.977,129.748,136.441,0.6968,0.0000,0.035,71.166,293.731
22.8500,141.933,5959.0,4,171.043,1.0000,99.977,129.776,136.473,0.6967,0.0000,0.031,71.771,293.475
22.8667,141.999,5961.9,4,170.738,1.0000,99.976,129.805,136.504,0.6965,0.0000,0.027,72.374,293.212
22.8833,142.065,5964.7,4,170.433,1.0000,99.976,129.834,136.536,0.6963,0.0000,0.024,72.974,292.944
22.9000,142.130,5967.5,4,170.129,1.0000,99.975,129.862,136.567,0.6962,0.0000,0.021,73.572,292.668
22.9167,142.195,5970.3,4,169.825,1.0000,99.975,129.891,136.598,0.6960,0.0000,0.019,74.167,292.387
22.9333,142.261,5973.1,4,169.522,1.0000,99.975,129.919,136.630,0.6958,0.0000,0.016,74.759,292.099
22.9500,142.325,5975.9,4,169.219,1.0000,99.974,129.948,136.661,0.6957,0.0000,0.014,75.349,291.805
22.9667,142.390,5978.7,4,168.917,1.0000,99.974,129.976,136.692,0.6955,0.0000,0.013,75.936,291.504
22.9833,142.455,5981.5,4,168.615,1.0000,99.973,130.005,136.724,0.6953,0.0000,0.011,76.520,291.198
23.0000,142.519,5984.2,4,168.314,1.0000,99.973,130.033,136.755,0.6952,0.0000,0.010,77.101,290.885
23.0167,142.583,5987.0,4,168.013,1.0000,99.972,130.062,136.787,0.6950,0.0000,0.009,77.679,290.566
23.0333,142.647,5989.7,4,167.713,1.0000,99.972,130.090,136.818,0.6948,0.0000,0.008,78.253,290.241
23.0500,142.710,5992.5,4,167.413,1.0000,99.971,130.119,136.849,0.6947,0.0000,0.007,78.825,289.910
23.0667,142.774,5995.2,4,167.114,1.0000,99.971,130.147,136.881,0.6945,0.0000,0.006,79.394,289.573
23.0833,142.837,5997.9,4,166.815,1.0000,99.970,130.176,136.912,0.6943,0.0000,0.005,79.959,289.229
23.1000,142.900,6000.6,4,166.516,1.0000,99.969,130.204,136.943,0.6942,0.0000,0.005,80.521,288.880
23.1167,142.963,6003.3,4,166.218,1.0000,99.969,130.233,136.975,0.6940,0.0000,0.004,81.079,288.525
23.1333,143.025,6006.0,4,165.921,1.0000,99.968,130.261,137.006,0.6938,0.0000,0.004,81.634,288.164
23.1500,143.088,6008.7,4,165.624,1.0000,99.968,130.290,137.037,0.6937,0.0000,0.003,82.185,287.796
23.1667,143.150,6011.4,4,165.327,1.0000,99.967,130.318,137.069,0.6935,0.0000,0.003,82.733,287.424
23.1833,143.212,6014.0,4,165.031,1.0000,99.967,130.346,137.100,0.6933,0.0000,0.003,83.277,287.045
23.2000,143.273,6016.7,4,164.736,1.0000,99.966,130.375,137.131,0.6932,0.0000,0.002,83.818,286.660
23.2167,143.335,6019.3,4,164.441,1.0000,99.965,130.403,137.163,0.6930,0.0000,0.002,84.355,286.270
23.2333,143.396,6022.0,4,164.146,1.0000,99.965,130.432,137.194,0.6928,0.0000,0.002,84.887,285.874
23.2500,143.457,6024.6,4,163.852,1.0000,99.964,130.460,137.225,0.6927,0.0000,0.002,85.416,285.472
23.2667,143.518,6027.2,4,163.558,1.0000,99.964,130.488,137.257,0.6925,0.0000,0.001,85.941,285.065
23.2833,143.579,6029.8,4,163.265,1.0000,99.963,130.517,137.288,0.6923,0.0000,0.001,86.462,284.652
23.3000,143.639,6032.4,4,162.972,1.0000,99.962,130.545,137.319,0.6922,0.0000,0.001,86.979,284.233
23.3167,143.700,6035.0,4,162.680,1.0000,99.962,130.573,137.351,0.6920,0.0000,0.001,87.492,283.809
23.3333,143.760,6037.6,4,162.388,1.0000,99.961,130.602,137.382,0.6918,0.0000,0.001,88.000,283.380
23.3500,143.819,6040.2,4,162.096,1.0000,99.961,130.630,137.413,0.6917,0.0000,0.001,88.504,282.945
23.3667,143.879,6042.8,4,161.806,1.0000,99.960,130.658,137.444,0.6915,0.0000,0.001,89.004,282.505
23.3833,143.938,6045.3,4,161.515,1.0000,99.959,130.687,137.476,0.6913,0.0000,0.001,89.500,282.059
23.4000,143.998,6047.9,4,161.225,1.0000,99.959,130.715,137.507,0.6912,0.0000,0.001,89.991,281.608
23.4167,144.057,6050.4,4,160.935,1.0000,99.958,130.743,137.538,0.6910,0.0000,0.000,90.477,281.152
23.4333,144.115,6052.9,4,160.646,1.0000,99.958,130.771,137.570,0.6908,0.0000,0.000,90.959,280.691
23.4500,144.174,6055.5,4,160.357,1.0000,99.957,130.800,137.601,0.6907,0.0000,0.000,91.437,280.224
23.4667,144.232,6058.0,4,160.069,1.0000,99.956,130.828,137.632,0.6905,0.0000,0.000,91.909,279.753
23.4833,144.291,6060.5,4,159.781,1.0000,99.956,130.856,137.663,0.6903,0.0000,0.000,92.377,279.276
23.5000,144.349,6063.0,4,159.494,1.0000,99.955,130.884,137.695,0.6902,0.0000,0.000,92.841,278.794
23.5167,144.406,6065.5,4,159.207,1.0000,99.954,130.913,137.726,0.6900,0.0000,0.000,93.299,278.308
23.5333,144.464,6067.9,4,158.920,1.0000,99.954,130.941,137.757,0.6898,0.0000,0.000,93.753,277.816
23.5500,144.521,6070.4,4,158.634,1.0000,99.953,130.969,137.788,0.6897,0.0000,0.000,94.201,277.320
23.5667,144.578,6072.9,4,158.349,1.0000,99.953,130.997,137.820,0.6895,0.0000,0.000,94.645,276.819
23.5833,144.635,6075.3,4,158.063,1.0000,99.952,131.025,137.851,0.6893,0.0000,0.000,95.084,276.313
23.6000,144.692,6077.8,4,157.778,1.0000,99.951,131.054,137.882,0.6892,0.0000,0.000,95.517,275.802
23.6167,144.749,6080.2,4,157.494,1.0000,99.951,131.082,137.913,0.6890,0.0000,0.000,95.946,275.287
23.6333,144.805,6082.6,4,157.210,1.0000,99.950,131.110,137.945,0.6888,0.0000,0.000,96.369,274.767
23.6500,144.861,6085.1,4,156.926,1.0000,99.949,131.138,137.976,0.6887,0.0000,0.000,96.787,274.243
23.6667,144.917,6087.5,4,156.643,1.0000,99.949,131.166,138.007,0.6885,0.0000,0.000,97.200,273.714
23.6833,144.973,6089.9,4,156.361,1.0000,99.948,131.194,138.038,0.6883,0.0000,0.000,97.607,273.181
23.7000,145.028,6092.3,4,156.078,1.0000,99.948,131.222,138.069,0.6882,0.0000,0.000,98.009,272.643
23.7167,145.084,6094.7,4,155.796,1.0000,99.947,131.250,138.101,0.6880,0.0000,0.000,98.406,272.101
23.7333,145.139,6097.0,4,155.515,1.0000,99.946,131.279,138.132,0.6878,0.0000,0.000,98.797,271.555
23.7500,145.194,6099.4,4,155.234,1.0000,99.946,131.307,138.163,0.6877,0.0000,0.000,99.183,271.004
23.7667,145.249,6101.8,4,154.953,1.0000,99.945,131.335,138.194,0.6875,0.0000,0.000,99.563,270.449
23.7833,145.303,6104.1,4,154.673,1.0000,99.944,131.363,138.226,0.6873,0.0000,0.000,99.938,269.891
23.8000,145.358,6106.5,4,154.393,1.0000,99.944,131.391,138.257,0.6872,0.0000,0.000,100.307,269.328
23.8167,145.412,6108.8,4,154.114,1.0000,99.943,131.419,138.288,0.6870,0.0000,0.000,100.670,268.761
23.8333,145.466,6111.1,4,153.835,1.0000,99.942,131.447,138.319,0.6868,0.0000,0.000,101.028,268.190
23.8500,145.519,6113.4,4,153.556,1.0000,99.942,131.475,138.350,0.6867,0.0000,0.000,101.379,267.616
23.8667,145.573,6115.8,4,153.278,1.0000,99.941,131.503,138.381,0.6865,0.0000,0.000,101.725,267.037
23.8833,145.626,6118.1,4,153.000,1.0000,99.940,131.531,138.413,0.6863,0.0000,0.000,102.065,266.455
23.9000,145.680,6120.4,4,152.723,1.0000,99.940,131.559,138.444,0.6862,0.0000,0.000,102.400,265.870
23.9167,145.733,6122.6,4,152.446,1.0000,99.939,131.587,138.475,0.6860,0.0000,0.000,102.728,265.280
23.9333,145.785,6124.9,4,152.169,1.0000,99.938,131.615,138.506,0.6858,0.0000,0.000,103.050,264.687
23.9500,145.838,6127.2,4,151.893,1.0000,99.938,131.643,138.537,0.6857,0.0000,0.000,103.367,264.091
23.9667,145.890,6129.4,4,151.617,1.0000,99.937,131.671,138.569,0.6855,0.0000,0.000,103.677,263.491
23.9833,145.943,6131.7,4,151.341,1.0000,99.936,131.699,138.600,0.6853,0.0000,0.000,103.981,262.888
24.0000,145.995,6133.9,4,151.066,1.0000,99.936,131.727,138.631,0.6852,0.0000,0.000,104.280,262.281
24.0167,146.046,6136.2,4,150.792,1.0000,99.935,131.755,138.662,0.6850,0.0000,0.000,104.572,261.671
24.0333,146.098,6138.4,4,150.517,1.0000,99.934,131.783,138.693,0.6848,0.0000,0.000,104.857,261.058
24.0500,146.149,6140.6,4,150.243,1.0000,99.934,131.811,138.724,0.6847,0.0000,0.000,105.137,260.442
24.0667,146.201,6142.8,4,149.970,1.0000,99.933,131.839,138.755,0.6845,0.0000,0.000,105.410,259.823
24.0833,146.252,6145.0,4,149.697,1.0000,99.932,131.867,138.787,0.6843,0.0000,0.000,105.677,259.201
24.1000,146.302,6147.2,4,149.424,1.0000,99.932,131.895,138.818,0.6842,0.0000,0.000,105.938,258.575
24.1167,146.353,6149.4,4,149.152,1.0000,99.931,131.922,138.849,0.6840,0.0000,0.000,106.193,257.947
24.1333,146.404,6151.6,4,148.880,1.0000,99.930,131.950,138.880,0.6838,0.0000,0.000,106.441,257.317
24.1500,146.454,6153.8,4,148.608,1.0000,99.929,131.978,138.911,0.6837,0.0000,0.000,106.682,256.683
24.1667,146.504,6155.9,4,148.337,1.0000,99.929,132.006,138.942,0.6835,0.0000,0.000,106.918,256.047
24.1833,146.554,6158.1,4,148.066,1.0000,99.928,132.034,138.973,0.6833,0.0000,0.000,107.146,255.408
24.2000,146.604,6160.2,4,147.795,1.0000,99.927,132.062,139.004,0.6832,0.0000,0.000,107.369,254.767
24.2167,146.653,6162.4,4,147.525,1.0000,99.927,132.090,139.036,0.6830,0.0000,0.000,107.585,254.123
24.2333,146.702,6164.5,4,147.256,1.0000,99.926,132.118,139.067,0.6828,0.0000,0.000,107.794,253.477
24.2500,146.751,6166.6,4,146.986,1.0000,99.925,132.145,139.098,0.6827,0.0000,0.000,107.997,252.829
24.2667,146.800,6168.7,4,146.717,1.0000,99.924,132.173,139.129,0.6825,0.0000,0.000,108.193,252.178
24.2833,146.849,6170.8,4,146.448,1.0000,99.924,132.201,139.160,0.6823,0.0000,0.000,108.382,251.525
24.3000,146.898,6172.9,4,146.180,1.0000,99.923,132.229,139.191,0.6822,0.0000,0.000,108.565,250.870
24.3167,146.946,6175.0,4,145.912,1.0000,99.922,132.257,139.222,0.6820,0.0000,0.000,108.741,250.213
24.3333,146.994,6177.1,4,145.644,1.0000,99.922,132.284,139.253,0.6818,0.0000,0.000,108.911,249.554
24.3500,147.042,6179.2,4,145.377,1.0000,99.921,132.312,139.284,0.6817,0.0000,0.000,109.074,248.893
24.3667,147.090,6181.3,4,145.110,1.0000,99.920,132.340,139.315,0.6815,0.0000,0.000,109.230,248.230
24.3833,147.138,6183.3,4,144.844,1.0000,99.919,132.368,139.347,0.6813,0.0000,0.000,109.379,247.565
24.4000,147.185,6185.4,4,144.578,1.0000,99.919,132.396,139.378,0.6812,0.0000,0.000,109.522,246.899
24.4167,147.232,6187.4,4,144.312,1.0000,99.918,132.423,139.409,0.6810,0.0000,0.000,109.658,246.231
24.4333,147.279,6189.4,4,144.046,1.0000,99.917,132.451,139.440,0.6808,0.0000,0.000,109.787,245.562
24.4500,147.326,6191.5,4,143.781,1.0000,99.917,132.479,139.471,0.6807,0.0000,0.000,109.909,244.891
24.4667,147.373,6193.5,4,143.516,1.0000,99.916,132.507,139.502,0.6805,0.0000,0.000,110.024,244.218
24.4833,147.419,6195.5,4,143.252,1.0000,99.915,132.534,139.533,0.6803,0.0000,0.000,110.133,243.544
24.5000,147.466,6197.5,4,142.988,1.0000,99.914,132.562,139.564,0.6802,0.0000,0.000,110.235,242.869
24.5167,147.512,6199.5,4,142.724,1.0000,99.914,132.590,139.595,0.6800,0.0000,0.000,110.329,242.193
24.5333,147.558,6201.5,4,142.461,1.0000,99.913,132.617,139.626,0.6798,0.0000,0.000,110.417,241.515
24.5500,147.604,6203.5,4,142.198,1.0000,99.912,132.645,139.657,0.6797,0.0000,0.000,110.498,240.837
24.5667,147.649,6205.4,4,141.935,1.0000,99.911,132.673,139.688,0.6795,0.0000,0.000,110.572,240.157
24.5833,147.695,6207.4,4,141.673,1.0000,99.911,132.700,139.719,0.6793,0.0000,0.000,110.640,239.477
24.6000,147.740,6209.4,4,141.411,1.0000,99.910,132.728,139.750,0.6792,0.0000,0.000,110.700,238.796
24.6167,147.785,6211.3,4,141.149,1.0000,99.909,132.756,139.781,0.6790,0.0000,0.000,110.753,238.114
24.6333,147.830,6213.2,4,140.888,1.0000,99.908,132.783,139.812,0.6788,0.0000,0.000,110.800,237.431
24.6500,147.874,6215.2,4,140.626,1.0000,99.908,132.811,139.844,0.6787,0.0000,0.000,110.839,236.747
24.6667,147.919,6217.1,4,140.366,1.0000,99.907,132.839,139.875,0.6785,0.0000,0.000,110.872,236.063
24.6833,147.963,6219.0,4,140.105,1.0000,99.906,132.866,139.906,0.6783,0.0000,0.000,110.897,235.379
24.7000,148.007,6220.9,4,139.845,1.0000,99.905,132.894,139.937,0.6782,0.0000,0.000,110.916,234.694
24.7167,148.051,6222.8,4,139.586,1.0000,99.905,132.922,139.968,0.6780,0.0000,0.000,110.927,234.008
24.7333,148.095,6224.7,4,139.326,1.0000,99.904,132.949,139.999,0.6778,0.0000,0.000,110.932,233.323
24.7500,148.139,6226.6,4,139.067,1.0000,99.903,132.977,140.030,0.6777,0.0000,0.000,110.930,232.637
24.7667,148.182,6228.5,4,138.808,1.0000,99.902,133.005,140.061,0.6775,0.0000,0.000,110.920,231.951
24.7833,148.225,6230.4,4,138.550,1.0000,99.902,133.032,140.092,0.6773,0.0000,0.000,110.904,231.265
24.8000,148.268,6232.2,4,138.292,1.0000,99.901,133.060,140.123,0.6772,0.0000,0.000,110.880,230.579
24.8167,148.311,6234.1,4,138.034,1.0000,99.900,133.087,140.154,0.6770,0.0000,0.000,110.850,229.893
24.8333,148.354,6235.9,4,137.777,1.0000,99.899,133.115,140.185,0.6768,0.0000,0.000,110.813,229.207
24.8500,148.396,6237.8,4,137.519,1.0000,99.898,133.142,140.216,0.6767,0.0000,0.000,110.768,228.522
24.8667,148.439,6239.6,4,137.263,1.0000,99.898,133.170,140.247,0.6765,0.0000,0.000,110.717,227.836
24.8833,148.481,6241.4,4,137.006,1.0000,99.897,133.198,140.278,0.6763,0.0000,0.000,110.659,227.151
24.9000,148.523,6243.2,4,136.750,1.0000,99.896,133.225,140.309,0.6762,0.0000,0.000,110.593,226.467
24.9167,148.564,6245.1,4,136.494,1.0000,99.895,133.253,140.340,0.6760,0.0000,0.000,110.521,225.783
24.9333,148.606,6246.9,4,136.238,1.0000,99.895,133.280,140.371,0.6758,0.0000,0.000,110.442,225.099
24.9500,148.647,6248.7,4,135.983,1.0000,99.894,133.308,140.402,0.6757,0.0000,0.000,110.356,224.417
24.9667,148.689,6250.4,4,135.728,1.0000,99.893,133.335,140.433,0.6755,0.0000,0.000,110.262,223.735
24.9833,148.730,6252.2,4,135.474,1.0000,99.892,133.363,140.464,0.6753,0.0000,0.000,110.162,223.053
25.0000,148.771,6254.0,4,135.219,1.0000,99.891,133.390,140.495,0.6752,0.0000,0.000,110.055,222.373
25.0167,148.811,6255.8,4,134.965,1.0000,99.891,133.418,140.526,0.6750,0.0000,0.000,109.941,221.694
25.0333,148.852,6257.5,4,134.711,1.0000,99.890,133.445,140.557,0.6748,0.0000,0.000,109.820,221.015
25.0500,148.892,6259.3,4,134.458,1.0000,99.889,133.473,140.588,0.6747,0.0000,0.000,109.692,220.338
25.0667,148.932,6261.0,4,134.205,1.0000,99.888,133.500,140.619,0.6745,0.0000,0.000,109.557,219.662
25.0833,148.972,6262.7,4,133.952,1.0000,99.887,133.528,140.650,0.6743,0.0000,0.000,109.416,218.987
25.1000,149.012,6264.5,4,133.699,1.0000,99.887,133.555,140.681,0.6742,0.0000,0.000,109.267,218.313
25.1167,149.052,6266.2,4,133.447,1.0000,99.886,133.583,140.711,0.6740,0.0000,0.000,109.112,217.641
25.1333,149.091,6267.9,4,133.195,1.0000,99.885,133.610,140.742,0.6738,0.0000,0.000,108.949,216.970
25.1500,149.131,6269.6,4,132.944,1.0000,99.884,133.638,140.773,0.6737,0.0000,0.000,108.780,216.300
25.1667,149.170,6271.3,4,132.692,1.0000,99.884,133.665,140.804,0.6735,0.0000,0.000,108.604,215.633
25.1833,149.209,6273.0,4,132.441,1.0000,99.883,133.692,140.835,0.6733,0.0000,0.000,108.421,214.966
25.2000,149.248,6274.7,4,132.190,1.0000,99.882,133.720,140.866,0.6732,0.0000,0.000,108.232,214.302
25.2167,149.286,6276.4,4,131.940,1.0000,99.881,133.747,140.897,0.6730,0.0000,0.000,108.035,213.639
25.2333,149.325,6278.0,4,131.690,1.0000,99.880,133.775,140.928,0.6728,0.0000,0.000,107.832,212.979
25.2500,149.363,6279.7,4,131.440,1.0000,99.880,133.802,140.959,0.6727,0.0000,0.000,107.622,212.320
25.2667,149.401,6281.4,4,131.190,1.0000,99.879,133.830,140.990,0.6725,0.0000,0.000,107.406,211.663
25.2833,149.439,6283.0,4,130.941,1.0000,99.878,133.857,141.021,0.6723,0.0000,0.000,107.182,211.008
25.3000,149.477,6284.6,4,130.692,1.0000,99.877,133.884,141.052,0.6722,0.0000,0.000,106.952,210.355
25.3167,149.514,6286.3,4,130.443,1.0000,99.876,133.912,141.083,0.6720,0.0000,0.000,106.716,209.705
25.3333,149.552,6287.9,4,130.194,1.0000,99.876,133.939,141.114,0.6718,0.0000,0.000,106.473,209.057
25.3500,149.589,6289.5,4,129.946,1.0000,99.875,133.967,141.145,0.6717,0.0000,0.000,106.223,208.411
25.3667,149.626,6291.1,4,129.698,1.0000,99.874,133.994,141.176,0.6715,0.0000,0.000,105.966,207.767
25.3833,149.663,6292.7,4,129.451,1.0000,99.873,134.021,141.207,0.6713,0.0000,0.000,105.703,207.126
25.4000,149.700,6294.3,4,129.203,1.0000,99.872,134.049,141.237,0.6712,0.0000,0.000,105.433,206.488
25.4167,149.736,6295.9,4,128.956,1.0000,99.872,134.076,141.268,0.6710,0.0000,0.000,105.157,205.852
25.4333,149.773,6297.5,4,128.709,1.0000,99.871,134.103,141.299,0.6708,0.0000,0.000,104.875,205.219
25.4500,149.809,6299.1,4,128.463,1.0000,99.870,134.131,141.330,0.6707,0.0000,0.000,104.586,204.588
25.4667,149.845,6300.6,4,128.217,1.0000,99.869,134.158,141.361,0.6705,0.0000,0.000,104.290,203.961
25.4833,149.881,6302.2,4,127.971,1.0000,99.868,134.185,141.392,0.6703,0.0000,0.000,103.988,203.336
25.5000,149.917,6303.8,4,127.725,1.0000,99.867,134.213,141.423,0.6702,0.0000,0.000,103.680,202.714
25.5167,149.952,6305.3,4,127.479,1.0000,99.867,134.240,141.454,0.6700,0.0000,0.000,103.365,202.095
25.5333,149.988,6306.8,4,127.234,1.0000,99.866,134.267,141.485,0.6698,0.0000,0.000,103.044,201.479
25.5500,150.023,6308.4,4,126.989,1.0000,99.865,134.295,141.516,0.6697,0.0000,0.000,102.717,200.867
25.5667,150.058,6309.9,4,126.745,1.0000,99.864,134.322,141.547,0.6695,0.0000,0.000,102.383,200.257
25.5833,150.093,6311.4,4,126.500,1.0000,99.863,134.349,141.577,0.6693,0.0000,0.000,102.044,199.651
25.6000,150.127,6312.9,4,126.256,1.0000,99.863,134.376,141.608,0.6692,0.0000,0.000,101.698,199.048
25.6167,150.162,6314.4,4,126.012,1.0000,99.862,134.404,141.639,0.6690,0.0000,0.000,101.346,198.449
25.6333,150.196,6315.9,4,125.768,1.0000,99.861,134.431,141.670,0.6688,0.0000,0.000,100.988,197.853
25.6500,150.230,6317.4,4,125.525,1.0000,99.860,134.458,141.701,0.6687,0.0000,0.000,100.623,197.261
25.6667,150.264,6318.9,4,125.282,1.0000,99.859,134.486,141.732,0.6685,0.0000,0.000,100.253,196.672
25.6833,150.298,6320.4,4,125.039,1.0000,99.859,134.513,141.763,0.6683,0.0000,0.000,99.877,196.086
25.7000,150.332,6321.8,4,124.797,1.0000,99.858,134.540,141.794,0.6682,0.0000,0.000,99.494,195.505
25.7167,150.366,6323.3,4,124.554,1.0000,99.857,134.567,141.825,0.6680,0.0000,0.000,99.106,194.927
25.7333,150.399,6324.7,4,124.312,1.0000,99.856,134.595,141.855,0.6678,0.0000,0.000,98.712,194.353
25.7500,150.432,6326.2,4,124.070,1.0000,99.855,134.622,141.886,0.6677,0.0000,0.000,98.312,193.783
25.7667,150.465,6327.6,4,123.829,1.0000,99.854,134.649,141.917,0.6675,0.0000,0.000,97.906,193.217
25.7833,150.498,6329.1,4,123.587,1.0000,99.854,134.676,141.948,0.6673,0.0000,0.000,97.494,192.655
25.8000,150.531,6330.5,4,123.346,1.0000,99.853,134.704,141.979,0.6672,0.0000,0.000,97.077,192.096
25.8167,150.563,6331.9,4,123.105,1.0000,99.852,134.731,142.010,0.6670,0.0000,0.000,96.654,191.543
25.8333,150.596,6333.3,4,122.865,1.0000,99.851,134.758,142.041,0.6668,0.0000,0.000,96.225,190.993
25.8500,150.628,6334.7,4,122.625,1.0000,99.850,134.785,142.072,0.6667,0.0000,0.000,95.791,190.447
25.8667,150.660,6336.1,4,122.384,1.0000,99.849,134.812,142.102,0.6665,0.0000,0.000,95.351,189.906
25.8833,150.692,6337.5,4,122.145,1.0000,99.849,134.840,142.133,0.6663,0.0000,0.000,94.905,189.369
25.9000,150.724,6338.9,4,121.905,1.0000,99.848,134.867,142.164,0.6662,0.0000,0.000,94.455,188.836
25.9167,150.755,6340.3,4,121.666,1.0000,99.847,134.894,142.195,0.6660,0.0000,0.000,93.998,188.308
25.9333,150.787,6341.6,4,121.427,1.0000,99.846,134.921,142.226,0.6658,0.0000,0.000,93.536,187.785
25.9500,150.818,6343.0,4,121.188,1.0000,99.845,134.948,142.257,0.6657,0.0000,0.000,93.069,187.266
25.9667,150.849,6344.4,4,120.949,1.0000,99.844,134.975,142.287,0.6655,0.0000,0.000,92.597,186.752
25.9833,150.880,6345.7,4,120.711,1.0000,99.844,135.003,142.318,0.6653,0.0000,0.000,92.119,186.242
26.0000,150.854,6347.1,4,120.773,1.0000,99.844,134.983,142.314,0.6652,0.0000,0.000,91.636,185.737
26.0167,150.829,6348.1,4,120.775,0.9982,99.844,134.964,142.310,0.6650,0.0000,0.000,91.149,185.237
26.0333,150.804,6348.8,4,120.733,0.9952,99.844,134.944,142.306,0.6648,0.0000,0.000,90.656,184.743
26.0500,150.779,6349.2,4,120.695,0.9922,99.844,134.925,142.302,0.6647,0.0000,0.000,90.159,184.253
26.0667,150.753,6349.5,4,120.632,0.9885,99.844,134.906,142.298,0.6645,0.0000,0.000,89.656,183.768
26.0833,150.728,6349.5,4,120.485,0.9825,99.844,134.886,142.294,0.6643,0.0000,0.000,89.149,183.289
26.1000,150.703,6349.5,4,120.341,0.9765,99.844,134.867,142.290,0.6642,0.0000,0.000,88.637,182.815
26.1167,150.677,6349.2,4,120.199,0.9705,99.844,134.848,142.286,0.6640,0.0000,0.000,88.121,182.346
26.1333,150.652,6348.9,4,119.845,0.9590,99.844,134.828,142.282,0.6638,0.0000,0.000,87.600,181.882
26.1500,150.627,6348.4,4,119.473,0.9470,99.844,134.809,142.278,0.6637,0.0000,0.000,87.074,181.424
26.1667,150.601,6347.9,4,119.102,0.9350,99.844,134.790,142.274,0.6635,0.0000,0.000,86.544,180.971
26.1833,150.576,6347.3,4,118.527,0.9177,99.844,134.770,142.270,0.6633,0.0000,0.000,86.010,180.524
26.2000,150.550,6346.6,4,117.807,0.8967,99.844,134.751,142.266,0.6632,0.0000,0.000,85.471,180.082
26.2167,150.524,6345.9,4,117.086,0.8757,99.844,134.732,142.262,0.6630,0.0000,0.000,84.927,179.645
26.2333,150.499,6345.1,4,116.278,0.8525,99.844,134.712,142.258,0.6628,0.0000,0.000,84.380,179.215
26.2500,150.473,6344.2,4,115.205,0.8225,99.844,134.693,142.253,0.6627,0.0000,0.000,83.828,178.789
26.2667,150.447,6343.4,4,114.132,0.7925,99.844,134.674,142.249,0.6625,0.0000,0.000,83.272,178.370
26.2833,150.420,6342.5,4,113.057,0.7625,99.844,134.654,142.245,0.6623,0.0000,0.000,82.712,177.956
26.3000,150.394,6341.6,4,111.658,0.7242,99.844,134.635,142.241,0.6622,0.0000,0.000,82.148,177.548
26.3167,150.367,6340.6,4,110.228,0.6852,99.844,134.616,142.237,0.6620,0.0000,0.000,81.580,177.146
26.3333,150.340,6339.6,4,108.796,0.6462,99.844,134.596,142.233,0.6618,0.0000,0.000,81.008,176.749
26.3500,150.313,6338.6,4,107.224,0.6037,99.844,134.577,142.229,0.6617,0.0000,0.000,80.432,176.358
26.3667,150.286,6337.6,4,105.552,0.5587,99.844,134.558,142.225,0.6615,0.0000,0.000,79.852,175.974
26.3833,150.258,6336.6,4,103.877,0.5137,99.844,134.538,142.221,0.6613,0.0000,0.000,79.269,175.595
26.4000,150.230,6335.5,4,102.199,0.4687,99.844,134.519,142.217,0.6612,0.0000,0.000,78.681,175.222
26.4167,150.202,6334.4,4,100.519,0.4237,99.844,134.500,142.213,0.6610,0.0000,0.000,78.091,174.855
26.4333,150.173,6333.3,4,98.836,0.3787,99.844,134.481,142.209,0.6608,0.0000,0.000,77.496,174.495
26.4500,150.145,6332.2,4,97.149,0.3337,99.844,134.461,142.205,0.6607,0.0000,0.000,76.898,174.140
26.4667,150.116,6331.1,4,95.677,0.2942,99.844,134.442,142.201,0.6605,0.0000,0.000,76.297,173.791
26.4833,150.087,6330.0,4,94.222,0.2552,99.844,134.423,142.197,0.6603,0.0000,0.000,75.693,173.449
26.5000,150.058,6328.8,4,92.764,0.2162,99.844,134.403,142.193,0.6602,0.0000,0.000,75.085,173.113
26.5167,150.028,6327.7,4,91.581,0.1842,99.844,134.384,142.189,0.6600,0.0000,0.000,74.473,172.783
26.5333,149.999,6326.5,4,90.593,0.1572,99.844,134.365,142.185,0.6598,0.0000,0.000,73.859,172.459
26.5500,149.969,6325.3,4,89.603,0.1302,99.844,134.346,142.181,0.6597,0.0000,0.000,73.241,172.142
26.5667,149.939,6324.1,4,88.701,0.1055,99.844,134.326,142.177,0.6595,0.0000,0.000,72.621,171.831
26.5833,149.909,6322.9,4,88.064,0.0875,99.844,134.307,142.173,0.6593,0.0000,0.000,71.997,171.526
26.6000,149.879,6321.7,4,87.426,0.0695,99.844,134.288,142.169,0.6592,0.0000,0.000,71.371,171.228
26.6167,149.849,6320.5,4,86.787,0.0515,99.844,134.269,142.165,0.6590,0.0000,0.000,70.742,170.936
26.6333,149.819,6319.3,4,86.476,0.0417,99.844,134.249,142.161,0.6588,0.0000,0.000,70.109,170.650
26.6500,149.789,6318.1,4,86.193,0.0327,99.844,134.230,142.157,0.6587,0.0000,0.000,69.475,170.371
26.6667,149.759,6316.8,4,85.909,0.0237,99.844,134.211,142.153,0.6585,0.0000,0.000,68.837,170.099
26.6833,149.728,6315.6,4,85.695,0.0165,99.844,134.192,142.149,0.6583,0.0000,0.000,68.197,169.833
26.7000,149.698,6314.3,4,85.530,0.0105,99.844,134.172,142.145,0.6582,0.0000,0.000,67.554,169.573
26.7167,149.668,6313.1,4,85.365,0.0045,99.844,134.153,142.141,0.6580,0.0000,0.000,66.909,169.321
26.7333,149.638,6311.8,4,85.259,0.0000,99.844,134.134,142.137,0.6578,0.0000,0.000,66.262,169.074
26.7500,149.607,6310.6,4,85.333,0.0000,99.844,134.115,142.133,0.6577,0.0000,0.000,65.612,168.835
26.7667,149.577,6309.3,4,85.407,0.0000,99.844,134.096,142.129,0.6575,0.0000,0.000,64.960,168.602
26.7833,149.547,6308.1,4,85.481,0.0000,99.844,134.076,142.125,0.6573,0.0000,0.000,64.305,168.375
26.8000,149.517,6306.8,4,85.555,0.0000,99.844,134.057,142.121,0.6572,0.0000,0.000,63.649,168.156
26.8167,149.487,6305.5,4,85.629,0.0000,99.844,134.038,142.117,0.6570,0.0000,0.000,62.990,167.943
26.8333,149.457,6304.3,4,85.703,0.0000,99.844,134.019,142.113,0.6568,0.0000,0.000,62.330,167.737
26.8500,149.427,6303.0,4,85.777,0.0000,99.844,134.000,142.109,0.6567,0.0000,0.000,61.667,167.537
26.8667,149.397,6301.7,4,85.851,0.0000,99.844,133.981,142.105,0.6565,0.0000,0.000,61.003,167.345
26.8833,149.367,6300.5,4,85.925,0.0000,99.844,133.961,142.101,0.6563,0.0000,0.000,60.337,167.159
26.9000,149.337,6299.2,4,85.999,0.0000,99.844,133.942,142.097,0.6562,0.0000,0.000,59.669,166.980
26.9167,149.307,6297.9,4,86.073,0.0000,99.844,133.923,142.093,0.6560,0.0000,0.000,59.000,166.807
26.9333,149.277,6296.7,4,86.147,0.0000,99.844,133.904,142.089,0.6558,0.0000,0.000,58.329,166.642
26.9500,149.247,6295.4,4,86.221,0.0000,99.844,133.885,142.085,0.6557,0.0000,0.000,57.656,166.484
26.9667,149.217,6294.1,4,86.295,0.0000,99.844,133.866,142.081,0.6555,0.0000,0.000,56.982,166.332
26.9833,149.187,6292.9,4,86.369,0.0000,99.844,133.847,142.077,0.6553,0.0000,0.000,56.307,166.187
27.0000,148.990,6291.6,4,86.443,0.0000,99.844,133.827,142.073,0.6552,0.0000,0.000,55.631,166.049
27.0167,148.793,6289.4,4,86.529,0.0000,99.844,133.808,142.069,0.6550,0.0000,0.000,54.955,165.919
27.0333,148.597,6286.2,4,86.626,0.0000,99.844,133.789,142.065,0.6548,0.0000,0.000,54.278,165.795
27.0500,148.400,6282.4,4,86.731,0.0000,99.844,133.770,142.061,0.6547,0.0000,0.000,53.601,165.679
27.0667,148.204,6277.9,4,86.845,0.0000,99.844,133.751,142.057,0.6545,0.0000,0.000,52.923,165.570
27.0833,148.007,6272.9,4,86.964,0.0000,99.844,133.732,142.053,0.6543,0.0000,0.000,52.246,165.468
27.1000,147.811,6267.4,4,87.090,0.0000,99.844,133.713,142.049,0.6542,0.0000,0.000,51.568,165.373
27.1167,147.615,6261.5,4,87.220,0.0000,99.844,133.695,142.046,0.6540,0.0000,0.000,50.890,165.285
27.1333,147.419,6255.3,4,87.354,0.0000,99.844,133.676,142.042,0.6538,0.0000,0.000,50.213,165.205
27.1500,147.223,6248.8,4,87.492,0.0000,99.844,133.657,142.038,0.6537,0.0000,0.000,49.535,165.131
27.1667,147.027,6242.0,4,87.634,0.0000,99.844,133.638,142.034,0.6535,0.0000,0.000,48.858,165.065
27.1833,146.832,6235.1,4,87.777,0.0000,99.844,133.620,142.030,0.6533,0.0000,0.000,48.180,165.006
27.2000,146.636,6227.9,4,87.923,0.0000,99.844,133.601,142.027,0.6532,0.0000,0.000,47.504,164.954
27.2167,146.441,6220.6,4,88.071,0.0000,99.844,133.582,142.023,0.6530,0.0000,0.000,46.827,164.910
27.2333,146.245,6213.1,4,88.221,0.0000,99.844,133.564,142.019,0.6528,0.0000,0.000,46.151,164.872
27.2500,146.050,6205.5,4,88.372,0.0000,99.844,133.545,142.015,0.6527,0.0000,0.000,45.476,164.842
27.2667,145.855,6197.9,4,88.524,0.0000,99.844,133.527,142.012,0.6525,0.0000,0.000,44.801,164.819
27.2833,145.660,6190.1,4,88.678,0.0000,99.844,133.508,142.008,0.6523,0.0000,0.000,44.126,164.803
27.3000,145.465,6182.3,4,88.832,0.0000,99.844,133.490,142.004,0.6522,0.0000,0.000,43.453,164.794
27.3167,145.270,6174.4,4,88.987,0.0000,99.844,133.471,142.001,0.6520,0.0000,0.000,42.781,164.792
27.3333,145.075,6166.4,4,89.142,0.0000,99.844,133.453,141.997,0.6518,0.0000,0.000,42.109,164.798
27.3500,144.881,6158.5,4,89.298,0.0000,99.844,133.434,141.993,0.6517,0.0000,0.000,41.438,164.810
27.3667,144.686,6150.4,4,89.455,0.0000,99.844,133.416,141.990,0.6515,0.0000,0.000,40.769,164.830
27.3833,144.492,6142.4,4,89.612,0.0000,99.844,133.398,141.986,0.6513,0.0000,0.000,40.100,164.857
27.4000,144.298,6134.3,4,89.769,0.0000,99.844,133.380,141.983,0.6512,0.0000,0.000,39.433,164.890
27.4167,144.104,6126.2,4,89.927,0.0000,99.844,133.361,141.979,0.6510,0.0000,0.000,38.767,164.931
27.4333,143.910,6118.1,4,90.084,0.0000,99.844,133.343,141.975,0.6508,0.0000,0.000,38.103,164.979
27.4500,143.716,6110.0,4,90.242,0.0000,99.844,133.325,141.972,0.6507,0.0000,0.000,37.440,165.034
27.4667,143.522,6101.8,4,90.400,0.0000,99.844,133.307,141.968,0.6505,0.0000,0.000,36.778,165.096
27.4833,143.328,6093.7,4,90.558,0.0000,99.844,133.289,141.965,0.6503,0.0000,0.000,36.118,165.165
27.5000,143.135,6085.5,4,90.717,0.0000,99.844,133.271,141.961,0.6502,0.0000,0.000,35.460,165.241
27.5167,142.941,6077.3,4,90.875,0.0000,99.844,133.253,141.958,0.6500,0.0000,0.000,34.803,165.323
27.5333,142.748,6069.2,4,91.033,0.0000,99.844,133.235,141.954,0.6498,0.0000,0.000,34.148,165.413
27.5500,142.555,6061.0,4,91.192,0.0000,99.844,133.217,141.951,0.6497,0.0000,0.000,33.496,165.510
27.5667,142.362,6052.8,4,91.350,0.0000,99.844,133.199,141.948,0.6495,0.0000,0.000,32.845,165.613
27.5833,142.169,6044.6,4,91.508,0.0000,99.844,133.181,141.944,0.6493,0.0000,0.000,32.196,165.723
27.6000,141.976,6036.5,4,91.667,0.0000,99.844,133.163,141.941,0.6492,0.0000,0.000,31.549,165.840
27.6167,141.783,6028.3,4,91.825,0.0000,99.844,133.146,141.937,0.6490,0.0000,0.000,30.904,165.964
27.6333,141.590,6020.1,4,91.983,0.0000,99.844,133.128,141.934,0.6488,0.0000,0.000,30.262,166.095
27.6500,141.398,6011.9,4,92.142,0.0000,99.844,133.110,141.931,0.6487,0.0000,0.000,29.622,166.232
27.6667,141.205,6003.8,4,92.300,0.0000,99.844,133.092,141.927,0.6485,0.0000,0.000,28.984,166.376
27.6833,141.013,5995.6,4,92.458,0.0000,99.844,133.075,141.924,0.6483,0.0000,0.000,28.349,166.527
27.7000,140.820,5987.4,4,92.616,0.0000,99.844,133.057,141.921,0.6482,0.0000,0.000,27.717,166.685
27.7167,140.628,5979.3,4,92.774,0.0000,99.844,133.040,141.918,0.6480,0.0000,0.000,27.086,166.849
27.7333,140.436,5971.1,4,92.933,0.0000,99.844,133.022,141.914,0.6478,0.0000,0.000,26.459,167.019
27.7500,140.244,5963.0,4,93.091,0.0000,99.844,133.005,141.911,0.6477,0.0000,0.000,25.834,167.196
27.7667,140.053,5954.8,4,93.249,0.0000,99.844,132.987,141.908,0.6475,0.0000,0.000,25.213,167.380
27.7833,139.861,5946.7,4,93.406,0.0000,99.844,132.970,141.905,0.6473,0.0000,0.000,24.594,167.570
27.8000,139.669,5938.5,4,93.564,0.0000,99.844,132.952,141.901,0.6472,0.0000,0.000,23.978,167.767
27.8167,139.478,5930.4,4,93.722,0.0000,99.844,132.935,141.898,0.6470,0.0000,0.000,23.365,167.970
27.8333,139.286,5922.2,4,93.880,0.0000,99.844,132.918,141.895,0.6468,0.0000,0.000,22.755,168.179
27.8500,139.095,5914.1,4,94.037,0.0000,99.844,132.900,141.892,0.6467,0.0000,0.000,22.148,168.395
27.8667,138.904,5906.0,4,94.195,0.0000,99.844,132.883,141.889,0.6465,0.0000,0.000,21.544,168.617
27.8833,138.713,5897.9,4,94.352,0.0000,99.844,132.866,141.886,0.6463,0.0000,0.000,20.944,168.845
27.9000,138.522,5889.8,4,94.510,0.0000,99.844,132.849,141.882,0.6462,0.0000,0.000,20.347,169.080
27.9167,138.331,5881.6,4,94.667,0.0000,99.844,132.832,141.879,0.6460,0.0000,0.000,19.754,169.320
27.9333,138.140,5873.5,4,94.824,0.0000,99.844,132.814,141.876,0.6458,0.0000,0.000,19.164,169.567
27.9500,137.950,5865.4,4,94.979,0.0000,99.844,132.797,141.873,0.6457,0.0000,0.000,18.577,169.820
27.9667,137.759,5857.3,4,95.119,0.0000,99.844,132.780,141.870,0.6455,0.0000,0.000,17.995,170.079
27.9833,137.569,5849.2,4,95.259,0.0000,99.844,132.763,141.867,0.6453,0.0000,0.000,17.415,170.344
28.0000,137.378,5841.1,4,95.398,0.0000,99.844,132.746,141.864,0.6452,0.0000,0.000,16.840,170.615
28.0167,137.188,5833.1,4,95.538,0.0000,99.844,132.729,141.861,0.6450,0.0000,0.000,16.268,170.892
28.0333,136.998,5825.0,4,95.678,0.0000,99.844,132.712,141.858,0.6448,0.0000,0.000,15.701,171.174
28.0500,136.808,5816.9,4,95.817,0.0000,99.844,132.696,141.855,0.6447,0.0000,0.000,15.137,171.463
28.0667,136.618,5808.8,4,95.956,0.0000,99.844,132.679,141.852,0.6445,0.0000,0.000,14.577,171.757
28.0833,136.428,5800.7,4,96.096,0.0000,99.844,132.662,141.849,0.6443,0.0000,0.000,14.021,172.057
28.1000,136.238,5792.7,4,96.235,0.0000,99.844,132.645,141.846,0.6442,0.0000,0.000,13.469,172.363
28.1167,136.049,5784.6,4,96.374,0.0000,99.844,132.628,141.843,0.6440,0.0000,0.000,12.922,172.674
28.1333,135.859,5776.6,4,96.513,0.0000,99.844,132.612,141.840,0.6438,0.0000,0.000,12.378,172.991
28.1500,135.670,5768.5,4,96.652,0.0000,99.844,132.595,141.838,0.6437,0.0000,0.000,11.839,173.313
28.1667,135.480,5760.5,4,96.791,0.0000,99.844,132.578,141.835,0.6435,0.0000,0.000,11.305,173.641
28.1833,135.291,5752.4,4,96.930,0.0000,99.844,132.562,141.832,0.6433,0.0000,0.000,10.774,173.974
28.2000,135.102,5744.4,4,97.069,0.0000,99.844,132.545,141.829,0.6432,0.0000,0.000,10.248,174.313
28.2167,134.913,5736.4,4,97.207,0.0000,99.844,132.529,141.826,0.6430,0.0000,0.000,9.727,174.657
28.2333,134.724,5728.3,4,97.346,0.0000,99.844,132.512,141.823,0.6428,0.0000,0.000,9.210,175.006
28.2500,134.535,5720.3,4,97.484,0.0000,99.844,132.496,141.821,0.6427,0.0000,0.000,8.698,175.361
28.2667,134.347,5712.3,4,97.623,0.0000,99.844,132.479,141.818,0.6425,0.0000,0.000,8.190,175.720
28.2833,134.158,5704.3,4,97.761,0.0000,99.844,132.463,141.815,0.6423,0.0000,0.000,7.688,176.085
28.3000,133.970,5696.3,4,97.899,0.0000,99.844,132.447,141.812,0.6422,0.0000,0.000,7.190,176.454
28.3167,133.781,5688.3,4,98.037,0.0000,99.844,132.430,141.809,0.6420,0.0000,0.000,6.696,176.829
28.3333,133.593,5680.3,4,98.175,0.0000,99.844,132.414,141.807,0.6418,0.0000,0.000,6.208,177.209
28.3500,133.405,5672.3,4,98.313,0.0000,99.844,132.398,141.804,0.6417,0.0000,0.000,5.725,177.593
28.3667,133.216,5664.3,4,98.451,0.0000,99.844,132.382,141.801,0.6415,0.0000,0.000,5.246,177.982
28.3833,133.028,5656.3,4,98.589,0.0000,99.844,132.366,141.799,0.6413,0.0000,0.000,4.773,178.376
28.4000,132.841,5648.3,4,98.726,0.0000,99.844,132.349,141.796,0.6412,0.0000,0.000,4.305,178.775
28.4167,132.653,5640.3,4,98.864,0.0000,99.844,132.333,141.793,0.6410,0.0000,0.000,3.841,179.178
28.4333,132.465,5632.3,4,99.001,0.0000,99.844,132.317,141.791,0.6408,0.0000,0.000,3.383,179.586
28.4500,132.277,5624.4,4,99.139,0.0000,99.844,132.301,141.788,0.6407,0.0000,0.000,2.930,179.998
28.4667,132.090,5616.4,4,99.276,0.0000,99.844,132.285,141.785,0.6405,0.0000,0.000,2.483,180.415
28.4833,131.902,5608.4,4,99.413,0.0000,99.844,132.269,141.783,0.6403,0.0000,0.000,2.041,180.836
28.5000,131.715,5600.5,4,99.550,0.0000,99.844,132.253,141.780,0.6402,0.0000,0.000,1.604,181.261
28.5167,131.528,5592.5,4,99.687,0.0000,99.844,132.237,141.778,0.6400,0.0000,0.000,1.172,181.691
28.5333,131.341,5584.6,4,99.824,0.0000,99.844,132.221,141.775,0.6398,0.0000,0.000,0.746,182.125
28.5500,131.154,5576.6,4,99.961,0.0000,99.844,132.206,141.773,0.6397,0.0000,0.000,0.325,182.562
28.5667,130.967,5568.7,4,100.098,0.0000,99.844,132.190,141.770,0.6395,0.0000,0.000,-0.090,183.004
28.5833,130.780,5560.7,4,100.234,0.0000,99.844,132.174,141.768,0.6393,0.0000,0.000,-0.499,183.450
28.6000,130.593,5552.8,4,100.371,0.0000,99.844,132.158,141.765,0.6392,0.0000,0.000,-0.903,183.900
28.6167,130.406,5544.9,4,100.507,0.0000,99.844,132.143,141.763,0.6390,0.0000,0.000,-1.302,184.354
28.6333,130.220,5536.9,4,100.644,0.0000,99.844,132.127,141.760,0.6388,0.0000,0.000,-1.694,184.811
28.6500,130.033,5529.0,4,100.780,0.0000,99.844,132.111,141.758,0.6387,0.0000,0.000,-2.081,185.272
28.6667,129.847,5521.1,4,100.916,0.0000,99.844,132.096,141.755,0.6385,0.0000,0.000,-2.462,185.737
28.6833,129.661,5513.2,4,101.052,0.0000,99.844,132.080,141.753,0.6383,0.0000,0.000,-2.838,186.206
28.7000,129.475,5505.3,4,101.188,0.0000,99.844,132.065,141.750,0.6382,0.0000,0.000,-3.208,186.677
28.7167,129.288,5497.4,4,101.324,0.0000,99.844,132.049,141.748,0.6380,0.0000,0.000,-3.571,187.153
28.7333,129.103,5489.5,4,101.459,0.0000,99.844,132.034,141.746,0.6378,0.0000,0.000,-3.929,187.631
28.7500,128.917,5481.6,4,101.595,0.0000,99.844,132.018,141.743,0.6377,0.0000,0.000,-4.281,188.113
28.7667,128.731,5473.7,4,101.731,0.0000,99.844,132.003,141.741,0.6375,0.0000,0.000,-4.627,188.599
28.7833,128.545,5465.8,4,101.866,0.0000,99.844,131.988,141.739,0.6373,0.0000,0.000,-4.968,189.087
28.8000,128.360,5457.9,4,102.001,0.0000,99.844,131.972,141.736,0.6372,0.0000,0.000,-5.302,189.578
28.8167,128.174,5450.0,4,102.137,0.0000,99.844,131.957,141.734,0.6370,0.0000,0.000,-5.630,190.073
28.8333,127.989,5442.2,4,102.272,0.0000,99.844,131.942,141.732,0.6368,0.0000,0.000,-5.952,190.570
28.8500,127.803,5434.3,4,102.407,0.0000,99.844,131.926,141.730,0.6367,0.0000,0.000,-6.268,191.070
28.8667,127.618,5426.4,4,102.542,0.0000,99.844,131.911,141.727,0.6365,0.0000,0.000,-6.578,191.574
28.8833,127.433,5418.6,4,102.677,0.0000,99.844,131.896,141.725,0.6363,0.0000,0.000,-6.881,192.079
28.9000,127.248,5410.7,4,102.812,0.0000,99.844,131.881,141.723,0.6362,0.0000,0.000,-7.179,192.588
28.9167,127.063,5402.9,4,102.946,0.0000,99.844,131.866,141.721,0.6360,0.0000,0.000,-7.470,193.099
28.9333,126.878,5395.0,4,103.081,0.0000,99.844,131.851,141.718,0.6358,0.0000,0.000,-7.755,193.612
28.9500,126.693,5387.2,4,103.215,0.0000,99.844,131.836,141.716,0.6357,0.0000,0.000,-8.034,194.128
28.9667,126.509,5379.3,4,103.350,0.0000,99.844,131.821,141.714,0.6355,0.0000,0.000,-8.307,194.647
28.9833,126.324,5371.5,4,103.484,0.0000,99.844,131.806,141.712,0.6353,0.0000,0.000,-8.574,195.167
29.0000,126.140,5363.6,4,103.618,0.0000,99.844,131.791,141.710,0.6352,0.0000,0.000,-8.834,195.690
29.0167,125.955,5355.8,4,103.752,0.0000,99.844,131.776,141.708,0.6350,0.0000,0.000,-9.088,196.215
29.0333,125.771,5348.0,4,103.886,0.0000,99.844,131.761,141.706,0.6348,0.0000,0.000,-9.335,196.742
29.0500,125.587,5340.2,4,104.020,0.0000,99.844,131.746,141.703,0.6347,0.0000,0.000,-9.577,197.271
29.0667,125.403,5332.4,4,104.152,0.0000,99.844,131.732,141.701,0.6345,0.0000,0.000,-9.812,197.802
29.0833,125.219,5324.5,4,104.268,0.0000,99.844,131.717,141.699,0.6343,0.0000,0.000,-10.040,198.335
29.1000,125.035,5316.7,4,104.385,0.0000,99.844,131.702,141.697,0.6342,0.0000,0.000,-10.262,198.869
29.1167,124.851,5308.9,4,104.501,0.0000,99.844,131.687,141.695,0.6340,0.0000,0.000,-10.478,199.405
29.1333,124.667,5301.1,4,104.617,0.0000,99.844,131.673,141.693,0.6338,0.0000,0.000,-10.688,199.943
29.1500,124.484,5293.3,4,104.733,0.0000,99.844,131.658,141.691,0.6337,0.0000,0.000,-10.891,200.483
29.1667,124.300,5285.5,4,104.849,0.0000,99.844,131.644,141.689,0.6335,0.0000,0.000,-11.087,201.023
29.1833,124.116,5277.7,4,104.965,0.0000,99.844,131.629,141.687,0.6333,0.0000,0.000,-11.277,201.566
29.2000,123.933,5270.0,4,105.081,0.0000,99.844,131.614,141.685,0.6332,0.0000,0.000,-11.461,202.109
29.2167,123.750,5262.2,4,105.196,0.0000,99.844,131.600,141.683,0.6330,0.0000,0.000,-11.638,202.654
29.2333,123.567,5254.4,4,105.312,0.0000,99.844,131.585,141.681,0.6328,0.0000,0.000,-11.809,203.200
29.2500,123.383,5246.6,4,105.427,0.0000,99.844,131.571,141.679,0.6327,0.0000,0.000,-11.974,203.747
29.2667,123.200,5238.9,4,105.543,0.0000,99.844,131.557,141.678,0.6325,0.0000,0.000,-12.132,204.295
29.2833,123.017,5231.1,4,105.658,0.0000,99.844,131.542,141.676,0.6323,0.0000,0.000,-12.283,204.844
29.3000,122.835,5223.3,4,105.773,0.0000,99.844,131.528,141.674,0.6322,0.0000,0.000,-12.428,205.394
29.3167,122.652,5215.6,4,105.888,0.0000,99.844,131.514,141.672,0.6320,0.0000,0.000,-12.567,205.945
29.3333,122.469,5207.8,4,106.003,0.0000,99.844,131.499,141.670,0.6318,0.0000,0.000,-12.699,206.496
29.3500,122.287,5200.1,4,106.118,0.0000,99.844,131.485,141.668,0.6317,0.0000,0.000,-12.824,207.048
29.3667,122.104,5192.3,4,106.232,0.0000,99.844,131.471,141.666,0.6315,0.0000,0.000,-12.944,207.601
29.3833,121.922,5184.6,4,106.347,0.0000,99.844,131.457,141.665,0.6313,0.0000,0.000,-13.056,208.154
29.4000,121.739,5176.8,4,106.461,0.0000,99.844,131.443,141.663,0.6312,0.0000,0.000,-13.163,208.707
29.4167,121.557,5169.1,4,106.576,0.0000,99.844,131.429,141.661,0.6310,0.0000,0.000,-13.263,209.261
29.4333,121.375,5161.4,4,106.690,0.0000,99.844,131.415,141.659,0.6308,0.0000,0.000,-13.356,209.815
29.4500,121.193,5153.6,4,106.804,0.0000,99.844,131.401,141.657,0.6307,0.0000,0.000,-13.443,210.369
29.4667,121.011,5145.9,4,106.918,0.0000,99.844,131.387,141.656,0.6305,0.0000,0.000,-13.523,210.924
29.4833,120.829,5138.2,4,107.032,0.0000,99.844,131.373,141.654,0.6303,0.0000,0.000,-13.598,211.478
29.5000,120.647,5130.5,4,107.146,0.0000,99.844,131.359,141.652,0.6302,0.0000,0.000,-13.665,212.033
29.5167,120.465,5122.8,4,107.259,0.0000,99.844,131.345,141.651,0.6300,0.0000,0.000,-13.726,212.587
29.5333,120.284,5115.0,4,107.373,0.0000,99.844,131.331,141.649,0.6298,0.0000,0.000,-13.781,213.141
29.5500,120.102,5107.3,4,107.486,0.0000,99.844,131.317,141.647,0.6297,0.0000,0.000,-13.830,213.695
29.5667,119.921,5099.6,4,107.600,0.0000,99.844,131.303,141.646,0.6295,0.0000,0.000,-13.872,214.249
29.5833,119.739,5091.9,4,107.713,0.0000,99.844,131.290,141.644,0.6293,0.0000,0.000,-13.908,214.802
29.6000,119.558,5084.2,4,107.826,0.0000,99.844,131.276,141.642,0.6292,0.0000,0.000,-13.937,215.355
29.6167,119.377,5076.6,4,107.939,0.0000,99.844,131.262,141.641,0.6290,0.0000,0.000,-13.960,215.907
29.6333,119.195,5068.9,4,108.052,0.0000,99.844,131.248,141.639,0.6288,0.0000,0.000,-13.977,216.458
29.6500,119.014,5061.2,4,108.165,0.0000,99.844,131.235,141.638,0.6287,0.0000,0.000,-13.987,217.009
29.6667,118.833,5053.5,4,108.277,0.0000,99.844,131.221,141.636,0.6285,0.0000,0.000,-13.992,217.559
29.6833,118.653,5045.8,4,108.390,0.0000,99.844,131.208,141.634,0.6283,0.0000,0.000,-13.989,218.109
29.7000,118.472,5038.2,4,108.502,0.0000,99.844,131.194,141.633,0.6282,0.0000,0.000,-13.981,218.657
29.7167,118.291,5030.5,4,108.615,0.0000,99.844,131.181,141.631,0.6280,0.0000,0.000,-13.966,219.204
29.7333,118.110,5022.8,4,108.727,0.0000,99.844,131.167,141.630,0.6278,0.0000,0.000,-13.946,219.751
29.7500,117.930,5015.2,4,108.839,0.0000,99.844,131.154,141.628,0.6277,0.0000,0.000,-13.919,220.296
29.7667,117.749,5007.5,4,108.951,0.0000,99.844,131.140,141.627,0.6275,0.0000,0.000,-13.885,220.840
29.7833,117.569,4999.9,4,109.063,0.0000,99.844,131.127,141.625,0.6273,0.0000,0.000,-13.846,221.383
29.8000,117.389,4992.2,4,109.174,0.0000,99.844,131.114,141.624,0.6272,0.0000,0.000,-13.801,221.925
29.8167,117.208,4984.6,4,109.286,0.0000,99.844,131.100,141.622,0.6270,0.0000,0.000,-13.749,222.465
29.8333,117.028,4976.9,4,109.398,0.0000,99.844,131.087,141.621,0.6268,0.0000,0.000,-13.691,223.004
29.8500,116.848,4969.3,4,109.509,0.0000,99.844,131.074,141.620,0.6267,0.0000,0.000,-13.628,223.541
29.8667,116.668,4961.6,4,109.620,0.0000,99.844,131.061,141.618,0.6265,0.0000,0.000,-13.558,224.077
29.8833,116.488,4954.0,4,109.732,0.0000,99.844,131.047,141.617,0.6263,0.0000,0.000,-13.482,224.610
29.9000,116.308,4946.4,4,109.843,0.0000,99.844,131.034,141.615,0.6262,0.0000,0.000,-13.401,225.143
29.9167,116.129,4938.7,4,109.954,0.0000,99.844,131.021,141.614,0.6260,0.0000,0.000,-13.313,225.673
29.9333,115.949,4931.1,4,110.064,0.0000,99.844,131.008,141.613,0.6258,0.0000,0.000,-13.220,226.202
29.9500,115.770,4923.5,4,110.175,0.0000,99.844,130.995,141.611,0.6257,0.0000,0.000,-13.120,226.728
29.9667,115.590,4915.9,4,110.286,0.0000,99.844,130.982,141.610,0.6255,0.0000,0.000,-13.015,227.253
29.9833,115.411,4908.3,4,110.396,0.0000,99.844,130.969,141.609,0.6253,0.0000,0.000,-12.904,227.776
