sharedassets,path_id,size,name
0,516,40496,"backing"
0,517,21712,"ROADWORKS_CONE_WITH_LIGHT"
0,518,11172,"INTERIOR FLARE COLLIDER"
0,519,626840,"body.001"
0,520,19764,"gps_arrow"
0,521,2936,"Circle"
0,522,14056,"gps_arrow.004"
0,523,396852,"RIM DOLUCK DOUBLE SIX"
0,524,81364,"Door 0 Left.001"
0,525,13664,"SR20 Timimg Belt"
0,526,1144868,"_SHELL R34 COUPE GTR "
0,527,58192,"car_lod_1"
0,528,59048,"R34 COUPE LOD MAX"
0,529,425528,"CHASSIS TOYOTA MK2"
0,530,4348,"Gauge Center 1.001"
0,531,1784,"LIGHT_1"
0,532,23596,"FOG"
0,533,257120,"wipers"
0,534,17652,"R34 HEADLIGHT 0 UNLIT"
0,535,3180,"Collider.005"
0,536,347236,"Rim Panasport G7"
0,537,135820,"RIM DOLUCK DOUBLE SIX BLUR"
0,538,80820,"Door 0 Right"
0,539,47872,".fan"
0,540,45660,"CORE GLASS"
0,541,95164,"s13 fps collider"
0,542,173180,"front bumper STOCK"
0,543,26448,"BLACK_CHASSIS_NARROW.002"
0,544,249536,"wipers"
0,545,4336,"Gauge Center 1.004"
0,546,1784,"LIGHT_2"
0,547,113604,"LOD_interior"
0,548,10928,"Headlights Glass 1"
0,549,10420,"FL_1.005"
0,550,625440,"RIM NISMO LM"
0,551,81004,"Door 0 Right.001"
0,552,11000,"Sannis Livisa LOD3"
0,553,10896,"ROADWORKS_ARROW_METAL"
0,554,4152,"chassis.001"
0,555,870152,"car_lod_0"
0,556,15132,"s13 interior collider"
0,557,10732,"fog"
0,558,909116,"CHASSIS_TURBO.003"
0,559,14376,"perma chassis"
0,560,4336,"Gauge Center 1.003"
0,561,17832,"LOD_chassis"
0,562,13124,"RL_1.005"
0,563,138620,"RIM NISMO LM BLUR"
0,564,79596,"Door 0 Left"
0,565,6684,"Sannis Livisa Collider"
0,566,4328,"ROADWORKS_ARROW_METAL_COLLIDER"
0,567,2460,"chassis.002"
0,568,2360,"s13 engine collider"
0,569,11548,"indi"
0,570,241824,"wipers.001"
0,571,42516,"LOD INTERIOR"
0,572,4348,"Gauge Center 1.002"
0,573,59288,"BADGES"
0,574,8572,"R34 FRONT INDICATOR UNLIT L"
0,575,186064,"RIM VOLK TE37"
0,576,50664,"Ace stock"
0,577,145908,"Livisa 180rs rear badge"
0,578,7560,"chassis.003"
0,579,2008,"Sannis Livisa Collider.001"
0,580,25212,"front bumper STOCK.001"
0,581,3128,"COLLIDER"
0,582,728,"check engine warning light"
0,583,142772,"RIM VOLK TE37 BLUR"
0,584,44280,"Ace Proto"
0,585,1015096,"Sannis Livisa 180rs_No Sun_Shell LOD0.003"
0,586,81640,"LOD"
0,587,115688,"RL_0.010"
0,588,964,"Sannis Livisa Collider.002"
0,589,173180,"front bumper PROTO"
0,590,6108,"COLLIDER.001"
0,591,724,"check oil warning light"
0,592,56176,"HEADLIGHTS STOCK"
0,593,156160,".truck LOD 1.001"
0,594,450072,"RIM Adavan Super Racing"
0,595,35472,"Frenzy stock"
0,596,52540,"RL_1.007"
0,597,111360,"IMPORT.001"
0,598,4380,"COLLIDER.002"
0,599,728,"engine temp warning light"
0,600,164632,"RIM Adavan Super Racing BLUR"
0,601,35472,"Frenzy proto"
0,602,871072,"CHASSIS_TURBO"
0,603,10736,"fog.001"
0,604,57276,"LOD CHASSIS"
0,605,720,"fuel warning light"
0,606,424624,"RIM WORK VSFK"
0,607,35472,"Mantis stock"
0,608,64260,"TRUNK 0.002"
0,609,241820,"wipers"
0,610,11552,"indi.001"
0,611,18456,"DRIVER.002"
0,612,724,"heat warning light.001"
0,613,157264,".truck_LOD_1.001"
0,614,42212,"RL_0.006"
0,615,2312,"Collider.002"
0,616,313856,"RIM WORK VSFK BLUR"
0,617,35472,"Mantis proto"
0,618,26448,"BLACK_CHASSIS_NARROW.001"
0,619,25212,"front bumper STOCK.003"
0,620,161724,".truck_LOD_1"
0,621,375132,"TRUNK STOCK"
0,622,527344,".truck_LOD_0.001"
0,623,12312,"REAR LIGHT REVERSE UNLIT"
0,624,32580,"FL_0.006"
0,625,820,"Shadow Plane.003"
0,626,246720,"RIM BLITZ 03"
0,627,49912,"Sawshark proto"
0,628,11900,"collider.001"
0,629,57976,"BLACK INTERIOR"
0,630,56180,"HEADLIGHTS STOCK.001"
0,631,13516,"REAR LIGHT INDICATOR L UNLIT"
0,632,229764,"RIM BLITZ 03 BLUR.001"
0,633,35476,"Originator proto"
0,634,2940,"collider.002"
0,635,18456,"DRIVER.002"
0,636,37052,"CHASSIS_TURBO.004"
0,637,544336,".truck_LOD_0.007"
0,638,909600,".truck_LOD_0"
0,639,415204,"RIM Steel Basic"
0,640,35476,"Originator stock"
0,641,1015696,"Sannis Livisa 180rs_No Sun_Shell LOD0.002"
0,642,1756,"collider.003"
0,643,46676,"CHASSIS_TURBO.002"
0,644,93040,"HOOD STREET.001"
0,645,18196,"REV"
0,646,261032,"RIM Steel Basic BLUR"
0,647,90028,"Orion stock.001"
0,648,4396,"collider"
0,649,52732,"TRUNK TEMPLATE"
0,650,10792,".classic hoodpins.001"
0,651,19112,"BRAKE"
0,652,18644,"REAR LIGHT RUN LIT"
0,653,230228,"RIM RPF1"
0,654,49912,"Sawshark stock"
0,655,20564,"KORSCHEN BADGE.003"
0,656,18040,"INDI"
0,657,288892,"RIM RPF1 BLUR"
0,658,74076,"Snout stock"
0,659,78192,"interior_LOD"
0,660,968884,"CHASSIS_SUPER WIDE RS 3.6"
0,661,233232,"rear bumper RS 3.8 STOCK"
0,662,19108,"RUN"
0,663,18644,"REAR LIGHT BRAKE LIT"
0,664,123192,"Snyper stock"
0,665,20560,"KORSCHEN BADGE"
0,666,122048,"REARLIGHTS STOCK.001"
0,667,165220,"RIM BBS LM BLUR"
0,668,33124,"Stingray stock"
0,669,13392,"CAR_COLLIDER TRAFFIC/AI"
0,670,19116,"BRAKE.001"
0,671,505104,"RIM VOLK GT-C"
0,672,33044,"Sweeper stock.001"
0,673,13384,"CAR_COLLIDER.001"
0,674,18044,"INDI.001"
0,675,356316,"front bumper TBK STREET"
0,676,120632,"RIM VOLK GT-C BLUR"
0,677,18164,"Tri-Speed stock.001"
0,678,39204,"rear lights glass.002"
0,679,48944,"CANARD"
0,680,283536,"RIM MODEL 5"
0,681,46536,"Vortex stock"
0,682,18200,"REV.001"
0,683,44804,"GLASS"
0,684,375592,"RIM MODEL 5 BLUR"
0,685,33124,"AirForce stock"
0,686,40292,"collider"
0,687,19112,"RUN.001"
0,688,29720,"INDI.002"
0,689,307228,"RIM WORK CRKEI"
0,690,56932,"VStream stock"
0,691,98696,"SIDESKIRT STOCK.001"
0,692,37052,"CHASSIS_TURBO.001"
0,693,307736,"RIM WORK CRKEI BLUR"
0,694,53008,"_Livisa Stock"
0,695,375136,"TRUNK STOCK.001"
0,696,90768,"HOOD STOCK"
0,697,448924,"RIM LONGCHAMPS"
0,698,63156,"Venom stock"
0,699,20564,"KORSCHEN BADGE.004"
0,700,20564,"KORSCHEN BADGE.001"
0,701,181088,"RIM LONGCHAMPS BLUR"
0,702,100960,"Xilon stock.001"
0,703,152596,"Livisa 180rs rear badge.003"
0,704,19812,"vehicle collider"
0,705,90768,"HOOD STREET"
0,706,232512,"RIM SSR SPEEDSTAR MK2"
0,707,100960,"Xilon proto.002"
0,708,1000696,"Sannis Livisa 180rs_No Sun_Shell LOD0.004"
0,709,99740,"HOOD PROTOTYPE.001"
0,710,10788,".classic hoodpins"
0,711,191320,"RIM SSR SPEEDSTAR MK2 BLUR"
0,712,62924,"Banshee stock.001"
0,713,10792,".classic hoodpins.002"
0,714,20564,"KORSCHEN BADGE.002"
0,715,62920,"Banshee proto"
0,716,20564,"KORSCHEN BADGE.006"
0,717,172028,"REAR BUMPER STOCK"
0,718,164336,"RIM SSR MESH BLUR"
0,719,44240,"Barracuda stock.001"
0,720,382052,"TRUNK PROTOTYPE.001"
0,721,122044,"REARLIGHTS STOCK"
0,722,252472,"RIM WATANABE A-TYPE"
0,723,44800,"Venom stock.001"
0,724,709136,"Suspension LOD0.003"
0,725,73248,"TIRE_STOCK_ROUND_PRO2"
0,726,20564,"KORSCHEN BADGE.007"
0,727,39204,"rear lights glass.001"
0,728,409620,"RIM WATANABE A-TYPE BLUR"
0,729,63156,"Ghost stock"
0,730,85600,"CHASSIS AUTO GEARSTICK.003"
0,731,62676,"TIRE_STOCK_ROUND_PRO1"
0,732,109700,"LEFT.001"
0,733,119584,"SIDESKIRT STOCK"
0,734,313720,"RIM WORK MEISTER"
0,735,209792,"Originator proto.001"
0,736,67152,"TIRE_STOCK_ROUND_PRO0"
0,737,109620,"RIGHT.001"
0,738,697308,"TRUNK RWB"
0,739,172332,"RIM WORK MEISTER BLUR"
0,740,12636,"light.053"
0,741,52200,"LEFT"
0,742,567000,"TRUNK tbk"
0,743,250936,"RIM Adavan RG2"
0,744,226180,"Triton proto.001"
0,745,65808,"TIRE_STOCK_STRETCH_PRO0"
0,746,52208,"RIGHT.002"
0,747,382028,"RIM Adavan RG2 BLUR"
0,748,13068,"light.051"
0,749,61920,"TIRE_STOCK_STRETCH_PRO1"
0,750,356316,"front bumper TBK CIRCUIT"
0,751,58220,"DOORS 0"
0,752,391360,"RIM WORK XT-7"
0,753,140028,"Vortex proto"
0,754,112240,"core_interior_LOD_sunroof"
0,755,61920,"TIRE_STOCK_REGULAR_PRO2"
0,756,44184,"GLASS.001"
0,757,137840,"RIM WORK XT-7 BLUR"
0,758,13284,"light.049"
0,759,110472,"core_interior_LOD_noSun"
0,760,61920,"TIRE_STOCK_REGULAR_PRO1"
0,761,29720,"INDI.003"
0,762,239432,"RIM BUDDY CLUB P1"
0,763,146168,"Tri-Speed proto.001"
0,764,5008,"core_engine_LOD"
0,765,62136,"TIRE_STOCK_REGULAR_PRO0"
0,766,23600,"FOG.001"
0,767,58224,"DOORS 0.001"
0,768,183768,"RIM BUDDY CLUB P1 BLUR"
0,769,13284,"light.047"
0,770,31588,"Brake_Circuit"
0,771,384900,"front bumper TBK STOCK"
0,772,557056,"RIM VOLK GR-C"
0,773,159612,"Orion proto2"
0,774,50164,"circuit_Brake_green"
0,775,64488,"GLASS.002"
0,776,161048,"RIM VOLK GR-C BLUR"
0,777,13284,"light.045"
0,778,50164,"circuit_Brake_blue"
0,779,29720,"INDI.004"
0,780,223220,"RIM WORK MEISTER 2"
0,781,176156,"snyper Stock4.000"
0,782,85816,"hood supports"
0,783,50164,"circuit_Brake_grey"
0,784,23600,"FOG.002"
0,785,17304,"Front Bumper 1 fog unlit"
0,786,166812,"RIM WORK MEISTER 2 BLUR"
0,787,13500,"light.044"
0,788,155948,"wipers"
0,789,50164,"circuit_Brake_yellow"
0,790,356320,"front bumper TBK CIRCUIT.001"
0,791,17304,"Front Bumper 1 fog LIT"
0,792,412576,"RIM VOLK GR-C 2"
0,793,121232,"Livisa 180rs proto2"
0,794,20096,"default_exhaust.068"
0,795,50164,"circuit_Brake_red"
0,796,101448,"CANARD.001"
0,797,195860,"race_intercooler.010"
0,798,159560,"RIM VOLK GR-C 2 BLUR"
0,799,15216,"sub part.000"
0,800,7568,"Sannis Livisa VEHICLE COLLIDER"
0,801,12736,"Stock Brake_handbrake.002"
0,802,44808,"GLASS.003"
0,803,10840,"front bumper.001"
0,804,424632,"RIM WORK VSFK CHROME LIP"
0,805,12636,"light.041"
0,806,30904,"rearView_mirror"
0,807,31584,"Brake_Street"
0,808,29720,"INDI.005"
0,809,3664,"front bumper.002"
0,810,154932,"RIM WORK VSFK BLUR.001"
0,811,129980,"Livisa 180rs Stock4"
0,812,56260,"Street Brake_green"
0,813,23600,"FOG.003"
0,814,3436,"front bumper.003"
0,815,246732,"RIM BLITZ 03 CHROME LIP"
0,816,13500,"light.027"
0,817,56260,"Street Brake_blue"
0,818,20564,"KORSCHEN BADGE.005"
0,819,5572,"front bumper.004"
0,820,125484,"RIM BLITZ 03 BLUR.002"
0,821,15216,"sub part.001"
0,822,56368,"Street Brake_grey"
0,823,12552,"CAR COLLIDER AI/TRAFFIC"
0,824,198376,"HOOD PROTOTYPE"
0,825,186120,"RIM VOLK TE37 CHROME LIP"
0,826,211952,"Originator Stock4"
0,827,56368,"Street Brake_yellow"
0,828,10792,".classic hoodpins.003"
0,829,78984,"RIM VOLK TE37 BLUR.001"
0,830,13500,"light.032"
0,831,56256,"Street Brake_red"
0,832,20564,"KORSCHEN BADGE.008"
0,833,63412,"LOD"
0,834,252532,"RIM WATANABE A-TYPE CHROME LIP"
0,835,147948,"Orion Stock4"
0,836,12736,"Stock Brake_handbrake.001"
0,837,533128,"TRUNK PROTOTYPE"
0,838,181144,"RIM WATANABE A-TYPE BLUR.001"
0,839,13500,"light.029"
0,840,31584,"Brake_Proto"
0,841,20564,"KORSCHEN BADGE.009"
0,842,329040,"RIM BBS LM CHROME LIP"
0,843,164160,"snyper proto"
0,844,57784,"Proto Brake_blue.001"
0,845,109704,"DOORS LEFT"
0,846,18456,"DRIVER.002"
0,847,524448,"RIM VOLK GT-C  CHROME LIP"
0,848,13284,"light.035"
0,849,57780,"Proto Brake_blue"
0,850,109620,"DOORS RIGHT"
0,851,177500,"REAR LIGHT BODY.003"
0,852,469104,"RIM SSR MESH CHROME LIP"
0,853,136444,"Tri-Speed Stock4"
0,854,57780,"Proto Brake_grey"
0,855,52204,"LEFT.002"
0,856,13500,"light.030"
0,857,57784,"Proto Brake_yellow"
0,858,52204,"RIGHT"
0,859,22200,"CAR COLLIDER"
0,860,237008,"RIM WORK MEISTER 2 CHROME LIP"
0,861,131524,"Vortex Stock4"
0,862,57780,"Proto Brake_red"
0,863,120588,"RIM VOLK GT-C BLUR.001"
0,864,13500,"light.031"
0,865,12736,"Stock Brake_handbrake.003"
0,866,320008,"RIM BBS LM.002"
0,867,228076,"Triton Stock4"
0,868,24864,"Brake_Stock"
0,869,165176,"RIM BBS LM BLUR.001"
0,870,13500,"light.033"
0,871,12732,"Stock Brake_handbrake"
0,872,469096,"RIM SSR MESH.002"
0,873,270940,"Sweeper Stock4"
0,874,30764,"Stock Brake Caliper"
0,875,164292,"RIM SSR MESH BLUR.001"
0,876,71584,"Airomax Proto3"
0,877,166768,"RIM WORK MEISTER 2 BLUR.001"
0,878,13092,"light.019"
0,879,625548,"RIM NISMO LM"
0,880,283924,"RIM WORK MEISTER CHROME LIP"
0,881,79684,"Airomax Street3"
0,882,172288,"RIM WORK MEISTER BLUR.001"
0,883,13092,"light.018"
0,884,443524,"RIM VOLK GR-C 2 CHROME LIP"
0,885,79732,"Airomax Stock3"
0,886,5176,"REAR INDICATOR"
0,887,159612,"RIM VOLK GR-C 2 BLUR.001"
0,888,13092,"light.017"
0,889,18636,"REAR BRAKE"
0,890,161004,"RIM VOLK GR-C BLUR.001"
0,891,69612,"Xilon Proto3"
0,892,5172,"REAR REVERSE"
0,893,61404,"light.016"
0,894,18636,"REAR RUNNING"
0,895,94428,"REAR GLASS"
0,896,61024,"Xilon Stock3.001"
0,897,151796,"REAR LIGHT BODY.002"
0,898,3280,"body"
0,899,61404,"light.015"
0,900,31372,"stock_gaugeBody"
0,901,49688,"Front Bumper 0.002"
0,902,173524,"Vortex Proto3"
0,903,4348,"Gauge Center 1.025"
0,904,15232,"Badging Front.001"
0,905,30828,"light.014"
0,906,4424,"Gauge Center 1.028"
0,907,174168,"Vortex Race3"
0,908,4424,"Gauge Center 1.032"
0,909,30828,"light.013"
0,910,4348,"Gauge Center 1.033"
0,911,50400,"GRILL 0.001"
0,912,174220,"Vortex Street3"
0,913,30828,"light.012"
0,914,720,"heat warning light"
0,915,61032,"Sannis Sykina Stock.003"
0,916,75736,"Snyper Proto3"
0,917,720,"fuel warning light"
0,918,75988,"Xilon Prototype"
0,919,13308,"light.010"
0,920,728,"warning light check engine"
0,921,58444,"Xilon Stock.005"
0,922,724,"warning light check oil"
0,923,76196,"REAR LIGHT BODY.004"
0,924,75684,"Snyper Race3"
0,925,728,"wanring light engine heat"
0,926,78916,"Xilon Stock.004"
0,927,71140,"Snyper Stock.001"
0,928,13308,"light.009"
0,929,156992,"Sweeper Stock.004"
0,930,75692,"Snyper Street3.001"
0,931,87276,"Sweeper Stock.001"
0,932,13308,"light.008"
0,933,170204,"proto"
0,934,42868,"Sannis Sykina Stock"
0,935,170200,"race"
0,936,43428,"Xilon Stock.002"
0,937,75692,"Snyper Stock3.001"
0,938,127640,"street"
0,939,88596,"Snyper Stock.004"
0,940,33636,"Sannis Sykina Prototype"
0,941,13308,"light.007"
0,942,87496,"Snyper Stock.002"
0,943,117208,"Tri-Speed Proto3"
0,944,25116,"Sannis Sykina Stock.002"
0,945,27636,"light.006"
0,946,106720,"Snyper Prototype"
0,947,122560,"Tri-Speed Race3"
0,948,335552,"Sweeper Stock.002"
0,949,27636,"light.005"
0,950,274312,"Snyper Stock.003"
0,951,122612,"Tri-Speed Street3"
0,952,209560,"Xilon Stock"
0,953,27636,"light.004"
0,954,65696,"Sweeper Stock.003"
0,955,69616,"Livisa Proto3"
0,956,59652,"Sannis Sykina Stock.001"
0,957,13788,"light.002"
0,958,293188,"Sweeper Stock"
0,959,61024,"Livisa Street3"
0,960,73252,"TIRE_STOCK_ROUND_PRO2.001"
0,961,14136,"rear reflect"
0,962,13788,"light.001"
0,963,67372,"TIRE_STOCK_ROUND_PRO1.001"
0,964,190268,"Snyper Stock"
0,965,45400,"Sweeper Stock3"
0,966,67156,"TIRE_STOCK_ROUND_PRO0.001"
0,967,110704,"Xilon Stock.001"
0,968,61024,"Livisa Stock3"
0,969,10524,"brake lights"
0,970,13788,"light.003"
0,971,65812,"TIRE_STOCK_STRETCH_PRO0.001"
0,972,293092,"Arrow Stock0.001"
0,973,174172,"Vortex Stock3"
0,974,61924,"TIRE_STOCK_STRETCH_PRO1.001"
0,975,212872,"Arrow Stock0.005"
0,976,30828,"light.011"
0,977,61924,"TIRE_STOCK_REGULAR_PRO2.001"
0,978,85360,"Arrow Stock0.006"
0,979,109384,"Tri-Speed Stock3"
0,980,61924,"TIRE_STOCK_REGULAR_PRO1.001"
0,981,117364,"Arrow Stock0.007"
0,982,27632,"light"
0,983,62140,"TIRE_STOCK_REGULAR_PRO0.001"
0,984,13868,"Sweeper Stock.005"
0,985,61020,"Sleepy Stock"
0,986,6220,"indi"
0,987,13788,"light.026"
0,988,7912,"fog lights"
0,989,61024,"Sleepy Street3"
0,990,13788,"light.028"
0,991,196364,"Xilon Street"
0,992,69620,"Sleepy Proto3.001"
0,993,7916,"fog lights.001"
0,994,13788,"light.034"
0,995,42112,"Sweeper Proto3"
0,996,62532,"Livisa 180rs proto2.001"
0,997,11536,"kill switch.003"
0,998,84220,"TIRE_STOCK_ROUND_PRO1.002"
0,999,70964,".Modern hoodpins.002"
0,1000,67156,"TIRE_STOCK_ROUND_PRO1.003"
0,1001,50168,"circuit_Brake_green.001"
0,1002,41540,"Livisa 180rs race2"
0,1003,56264,"Street Brake_green.001"
0,1004,70964,".Modern hoodpins.001"
0,1005,57784,"Proto Brake_blue.002"
0,1006,13896,".Modern hoodpins.028"
0,1007,773952,"engineBlock"
0,1008,67368,"TIRE_STOCK_ROUND_PRO1_L"
0,1009,41540,"Livisa 180rs Sreet2"
0,1010,67152,"TIRE_STOCK_ROUND_PRO0_L"
0,1011,46560,".classic hoodpins.001"
0,1012,65812,"TIRE_STOCK_STRETCH_PRO0_L"
0,1013,13900,".classic hoodpins.014"
0,1014,61924,"TIRE_STOCK_STRETCH_PRO1_L"
0,1015,41540,"Livisa 180rs Stock2"
0,1016,61924,"TIRE_STOCK_REGULAR_PRO1_L"
0,1017,13900,"Livisa 180rs Stock2.001"
0,1018,62140,"TIRE_STOCK_REGULAR_PRO0_L"
0,1019,109212,"Livisa 200rs proto2.001"
0,1020,61920,"TIRE_STOCK_STRETCH_PRO2"
0,1021,11536,"kill switch.002"
0,1022,61924,"TIRE_STOCK_STRETCH_PRO2_L"
0,1023,70964,".Modern hoodpins.004"
0,1024,73248,"TIRE_STOCK_ROUND_PRO2_L"
0,1025,61924,"TIRE_STOCK_REGULAR_PRO2_L"
0,1026,80120,"Livisa 200rs race2"
0,1027,67372,"TIRE_STOCK_ROUND_PRO1_L.001"
0,1028,70964,".Modern hoodpins.003"
0,1029,67156,"TIRE_STOCK_ROUND_PRO0_L.001"
0,1030,13896,".Modern hoodpins.037"
0,1031,65816,"TIRE_STOCK_STRETCH_PRO0_L.001"
0,1032,80120,"Livisa 200rs Sreet2"
0,1033,61928,"TIRE_STOCK_STRETCH_PRO1_L.001"
0,1034,46560,".classic hoodpins.002"
0,1035,61928,"TIRE_STOCK_REGULAR_PRO1_L.001"
0,1036,13900,".classic hoodpins.020"
0,1037,62144,"TIRE_STOCK_REGULAR_PRO0_L.001"
0,1038,84216,"Snyper proto2"
0,1039,61924,"TIRE_STOCK_STRETCH_PRO2.001"
0,1040,11536,"kill switch.001"
0,1041,61928,"TIRE_STOCK_STRETCH_PRO2_L.001"
0,1042,70964,".Modern hoodpins.020"
0,1043,73252,"TIRE_STOCK_ROUND_PRO2_L.001"
0,1044,61928,"TIRE_STOCK_REGULAR_PRO2_L.001"
0,1045,70408,"Snyper race2"
0,1046,84220,"TIRE_STOCK_ROUND_PRO1_L.002"
0,1047,70964,".Modern hoodpins.019"
0,1048,84004,"TIRE_STOCK_ROUND_PRO0.002"
0,1049,12184,".Modern hoodpins.035"
0,1050,84004,"TIRE_STOCK_ROUND_PRO0_L.002"
0,1051,70416,"Snyper Street2.001"
0,1052,82660,"TIRE_STOCK_STRETCH_PRO0.002"
0,1053,46560,".classic hoodpins.010"
0,1054,82664,"TIRE_STOCK_STRETCH_PRO0_L.002"
0,1055,12188,".classic hoodpins.019"
0,1056,78772,"TIRE_STOCK_STRETCH_PRO1.002"
0,1057,88592,"Snyper Race"
0,1058,126392,"Vortex proto2"
0,1059,78776,"TIRE_STOCK_STRETCH_PRO1_L.002"
0,1060,13696,".Street Lip.001"
0,1061,11540,"Vortex proto2.001"
0,1062,78772,"TIRE_STOCK_REGULAR_PRO1.002"
0,1063,290236,"Snyper Race.001"
0,1064,70964,".Modern hoodpins.018"
0,1065,78776,"TIRE_STOCK_REGULAR_PRO1_L.002"
0,1066,17308,"Front Bumper 1 fog unlit.001"
0,1067,78988,"TIRE_STOCK_REGULAR_PRO0.002"
0,1068,17308,"Front Bumper 1 fog LIT.001"
0,1069,94668,"Vortex race2"
0,1070,78992,"TIRE_STOCK_REGULAR_PRO0_L.002"
0,1071,50400,"GRILL 0.002"
0,1072,70964,".Modern hoodpins.017"
0,1073,78772,"TIRE_STOCK_STRETCH_PRO2.002"
0,1074,6224,"indi.001"
0,1075,15292,".Modern hoodpins.041"
0,1076,78776,"TIRE_STOCK_STRETCH_PRO2_L.002"
0,1077,94672,"Vortex Street2"
0,1078,90100,"TIRE_STOCK_ROUND_PRO2.002"
0,1079,46200,"RIGHT"
0,1080,46560,".classic hoodpins.009"
0,1081,90100,"TIRE_STOCK_ROUND_PRO2_L.002"
0,1082,35936,"LEFT"
0,1083,15296,".classic hoodpins.022"
0,1084,78772,"TIRE_STOCK_REGULAR_PRO2.002"
0,1085,64836,"RIGHT.001"
0,1086,140024,"Tri-Speed proto2"
0,1087,78776,"TIRE_STOCK_REGULAR_PRO2_L.002"
0,1088,64832,"LEFT.001"
0,1089,11540,"Tri-Speed proto2.001"
0,1090,67156,"TIRE_STOCK_ROUND_PRO1_L.003"
0,1091,103380,"right.002"
0,1092,70964,".Modern hoodpins.016"
0,1093,66940,"TIRE_STOCK_ROUND_PRO0.003"
0,1094,103376,"left.002"
0,1095,66940,"TIRE_STOCK_ROUND_PRO0_L.003"
0,1096,50568,"right.003"
0,1097,96672,"Tri-Speed race2"
0,1098,65596,"TIRE_STOCK_STRETCH_PRO0.003"
0,1099,50564,"left.003"
0,1100,70964,".Modern hoodpins.015"
0,1101,65600,"TIRE_STOCK_STRETCH_PRO0_L.003"
0,1102,231084,"intercooler_proto.003"
0,1103,13004,".Modern hoodpins.039"
0,1104,61708,"TIRE_STOCK_STRETCH_PRO1.003"
0,1105,195860,"race_intercooler.003"
0,1106,190852,"Tri-Speed Street2.003"
0,1107,61712,"TIRE_STOCK_STRETCH_PRO1_L.003"
0,1108,195860,"race_intercooler.010"
0,1109,46560,".classic hoodpins.008"
0,1110,61708,"TIRE_STOCK_REGULAR_PRO1.003"
0,1111,195860,"race_intercooler.002"
0,1112,13008,".classic hoodpins.021"
0,1113,61712,"TIRE_STOCK_REGULAR_PRO1_L.003"
0,1114,212040,"intercooler_proto.002"
0,1115,71380,"Airomax Proto2"
0,1116,61924,"TIRE_STOCK_REGULAR_PRO0.003"
0,1117,11540,"Airomax Proto2.001"
0,1118,61928,"TIRE_STOCK_REGULAR_PRO0_L.003"
0,1119,70964,".Modern hoodpins.006"
0,1120,61708,"TIRE_STOCK_STRETCH_PRO2.003"
0,1121,61712,"TIRE_STOCK_STRETCH_PRO2_L.003"
0,1122,51612,"Airomax Race2"
0,1123,73036,"TIRE_STOCK_ROUND_PRO2.003"
0,1124,70964,".Modern hoodpins.005"
0,1125,73036,"TIRE_STOCK_ROUND_PRO2_L.003"
0,1126,14420,".Modern hoodpins.014"
0,1127,61708,"TIRE_STOCK_REGULAR_PRO2.003"
0,1128,51612,"Airomax Street2"
0,1129,61712,"TIRE_STOCK_REGULAR_PRO2_L.003"
0,1130,46560,".classic hoodpins.003"
0,1131,67360,"TIRE_DRAG_PRO1"
0,1132,14424,".classic hoodpins.015"
0,1133,67364,"TIRE_DRAG_PRO1_L.001"
0,1134,128224,"Ace Proto2"
0,1135,67144,"TIRE_DRAG_PRO0"
0,1136,11536,"Ace Proto2.001"
0,1137,67148,"TIRE_DRAG_PRO0_L.001"
0,1138,70964,".Modern hoodpins.025"
0,1139,78316,"TIRE_DRAG_PRO2"
0,1140,115272,"Ace Race2"
0,1141,78320,"TIRE_DRAG_PRO2_L.001"
0,1142,70964,".Modern hoodpins.024"
0,1143,13888,"underside"
0,1144,67372,"TIRE_STOCK_ROUND_PRO1_L.004"
0,1145,115512,"Ace Street2.001"
0,1146,67156,"TIRE_STOCK_ROUND_PRO0_L.004"
0,1147,46560,".classic hoodpins.013"
0,1148,65816,"TIRE_STOCK_STRETCH_PRO0_L.004"
0,1149,13892,"underside.001"
0,1150,61928,"TIRE_STOCK_STRETCH_PRO1_L.004"
0,1151,160640,"VStream Stock2.001"
0,1152,61928,"TIRE_STOCK_STRETCH_PRO2_L.004"
0,1153,11540,"VStream Stock2.002"
0,1154,61928,"TIRE_STOCK_REGULAR_PRO1_L.004"
0,1155,70964,".Modern hoodpins.013"
0,1156,62144,"TIRE_STOCK_REGULAR_PRO0_L.004"
0,1157,111196,"VStream Race2"
0,1158,61928,"TIRE_STOCK_REGULAR_PRO2_L.004"
0,1159,24404,".Modern hoodpins.022"
0,1160,73684,"TIRE_STOCK_ROUND_PRO2_L.007"
0,1161,70964,".Modern hoodpins.026"
0,1162,67372,"TIRE_STOCK_ROUND_PRO1_L.008"
0,1163,111196,"VStream Street2"
0,1164,67156,"TIRE_STOCK_ROUND_PRO0_L.008"
0,1165,46560,".classic hoodpins.007"
0,1166,65816,"TIRE_STOCK_STRETCH_PRO0_L.008"
0,1167,12408,".classic hoodpins.011"
0,1168,61928,"TIRE_STOCK_STRETCH_PRO1_L.008"
0,1169,106144,"Triton Proto2"
0,1170,61928,"TIRE_STOCK_STRETCH_PRO2_L.008"
0,1171,11540,"Triton Proto2.001"
0,1172,61928,"TIRE_STOCK_REGULAR_PRO1_L.008"
0,1173,70964,".Modern hoodpins.012"
0,1174,62144,"TIRE_STOCK_REGULAR_PRO0_L.008"
0,1175,73680,"Triton Race2"
0,1176,61928,"TIRE_STOCK_REGULAR_PRO2_L.008"
0,1177,70964,".Modern hoodpins.011"
0,1178,73684,"TIRE_STOCK_ROUND_PRO2_L.011"
0,1179,15760,".Modern hoodpins.030"
0,1180,67372,"TIRE_STOCK_ROUND_PRO1_L.012"
0,1181,73684,"Triton Street2"
0,1182,67156,"TIRE_STOCK_ROUND_PRO0_L.012"
0,1183,46560,".classic hoodpins.006"
0,1184,65816,"TIRE_STOCK_STRETCH_PRO0_L.012"
0,1185,15764,".classic hoodpins.016"
0,1186,61928,"TIRE_STOCK_STRETCH_PRO1_L.012"
0,1187,115020,"Xilon Proto2"
0,1188,61928,"TIRE_STOCK_STRETCH_PRO2_L.012"
0,1189,11536,"Xilon Proto2.001"
0,1190,61928,"TIRE_STOCK_REGULAR_PRO1_L.012"
0,1191,70964,".Modern hoodpins.010"
0,1192,62144,"TIRE_STOCK_REGULAR_PRO0_L.012"
0,1193,61928,"TIRE_STOCK_REGULAR_PRO2_L.012"
0,1194,83844,"Xilon Race2"
0,1195,73684,"TIRE_STOCK_ROUND_PRO2_L.016"
0,1196,70964,".Modern hoodpins.009"
0,1197,67372,"TIRE_STOCK_ROUND_PRO1_L.016"
0,1198,13720,".Modern hoodpins.031"
0,1199,67156,"TIRE_STOCK_ROUND_PRO0_L.016"
0,1200,83848,"Xilon Street2"
0,1201,65816,"TIRE_STOCK_STRETCH_PRO0_L.016"
0,1202,46560,".classic hoodpins.012"
0,1203,61928,"TIRE_STOCK_STRETCH_PRO1_L.016"
0,1204,13724,".classic hoodpins.017"
0,1205,61928,"TIRE_STOCK_STRETCH_PRO2_L.016"
0,1206,196476,"Originator Prototype2"
0,1207,61928,"TIRE_STOCK_REGULAR_PRO1_L.016"
0,1208,11548,"Originator Prototype2.001"
0,1209,62144,"TIRE_STOCK_REGULAR_PRO0_L.016"
0,1210,70964,".Modern hoodpins.023"
0,1211,61928,"TIRE_STOCK_REGULAR_PRO2_L.016"
0,1212,73684,"TIRE_STOCK_ROUND_PRO2_L.009"
0,1213,117648,"Originator Street2"
0,1214,67372,"TIRE_STOCK_ROUND_PRO1_L.005"
0,1215,46560,".classic hoodpins.004"
0,1216,67156,"TIRE_STOCK_ROUND_PRO0_L.005"
0,1217,11836,".classic hoodpins.018"
0,1218,65816,"TIRE_STOCK_STRETCH_PRO0_L.005"
0,1219,117876,"Originator Stock2"
0,1220,61928,"TIRE_STOCK_STRETCH_PRO1_L.005"
0,1221,11836,"Originator Stock2.001"
0,1222,61928,"TIRE_STOCK_STRETCH_PRO2_L.005"
0,1223,111196,"VStream Stock2"
0,1224,61928,"TIRE_STOCK_REGULAR_PRO1_L.005"
0,1225,12404,"VStream Stock2.003"
0,1226,62144,"TIRE_STOCK_REGULAR_PRO0_L.005"
0,1227,117568,"Originator Race2"
0,1228,61928,"TIRE_STOCK_REGULAR_PRO2_L.005"
0,1229,70964,".Modern hoodpins.007"
0,1230,73684,"TIRE_STOCK_ROUND_PRO2_L.006"
0,1231,11832,".Modern hoodpins.034"
0,1232,67372,"TIRE_STOCK_ROUND_PRO1_L.009"
0,1233,94672,"Vortex Stock2"
0,1234,67156,"TIRE_STOCK_ROUND_PRO0_L.009"
0,1235,15292,"Vortex Stock2.001"
0,1236,65816,"TIRE_STOCK_STRETCH_PRO0_L.009"
0,1237,115272,"Ace Stock2"
0,1238,61928,"TIRE_STOCK_STRETCH_PRO1_L.009"
0,1239,13892,"Ace Stock2.001"
0,1240,61928,"TIRE_STOCK_STRETCH_PRO2_L.009"
0,1241,51612,"Airomax Stock2"
0,1242,61928,"TIRE_STOCK_REGULAR_PRO1_L.009"
0,1243,14420,"Airomax Stock2.001"
0,1244,62144,"TIRE_STOCK_REGULAR_PRO0_L.009"
0,1245,96368,"Tri-Speed Stock2"
0,1246,61928,"TIRE_STOCK_REGULAR_PRO2_L.009"
0,1247,13004,"Tri-Speed Stock2.001"
0,1248,73684,"TIRE_STOCK_ROUND_PRO2_L.010"
0,1249,70412,"Snyper Stock2"
0,1250,67372,"TIRE_STOCK_ROUND_PRO1_L.013"
0,1251,12184,"Snyper Stock2.001"
0,1252,67156,"TIRE_STOCK_ROUND_PRO0_L.013"
0,1253,73684,"Triton Stock2"
0,1254,65816,"TIRE_STOCK_STRETCH_PRO0_L.013"
0,1255,404,"Triton Stock2.001"
0,1256,61928,"TIRE_STOCK_STRETCH_PRO1_L.013"
0,1257,15756,"Ace Stock2.002"
0,1258,61928,"TIRE_STOCK_STRETCH_PRO2_L.013"
0,1259,83844,"Xilon Stock2"
0,1260,61928,"TIRE_STOCK_REGULAR_PRO1_L.013"
0,1261,13716,"Xilon Stock2.001"
0,1262,62144,"TIRE_STOCK_REGULAR_PRO0_L.013"
0,1263,70964,".Modern hoodpins.021"
0,1264,61928,"TIRE_STOCK_REGULAR_PRO2_L.013"
0,1265,80124,"Livisa 180rs Stock2.002"
0,1266,73684,"TIRE_STOCK_ROUND_PRO2_L.015"
0,1267,13900,"Livisa 180rs Stock2.003"
0,1268,67372,"TIRE_STOCK_ROUND_PRO1_L.017"
0,1269,167144,"Triton Prototype12"
0,1270,67156,"TIRE_STOCK_ROUND_PRO0_L.017"
0,1271,16776,"exhaust.034"
0,1272,65816,"TIRE_STOCK_STRETCH_PRO0_L.017"
0,1273,38748,".Street Lip.042"
0,1274,61928,"TIRE_STOCK_STRETCH_PRO1_L.017"
0,1275,11020,".Livisa 200rs Prototype.020"
0,1276,61928,"TIRE_STOCK_STRETCH_PRO2_L.017"
0,1277,156664,"Triton Race12"
0,1278,61928,"TIRE_STOCK_REGULAR_PRO1_L.017"
0,1279,16776,"exhaust.033"
0,1280,62144,"TIRE_STOCK_REGULAR_PRO0_L.017"
0,1281,38748,".Street Lip.079"
0,1282,61928,"TIRE_STOCK_REGULAR_PRO2_L.017"
0,1283,156664,"Triton Street12"
0,1284,73684,"TIRE_STOCK_ROUND_PRO2_L.004"
0,1285,16776,"exhaust.032"
0,1286,84220,"TIRE_STOCK_ROUND_PRO1_L.006"
0,1287,15892,".Street Lip.078"
0,1288,84004,"TIRE_STOCK_ROUND_PRO0_L.006"
0,1289,132892,"Sawshark Prototype12"
0,1290,90100,"TIRE_STOCK_ROUND_PRO2_L.005"
0,1291,18024,"exhaust.006"
0,1292,82664,"TIRE_STOCK_STRETCH_PRO0_L.006"
0,1293,40824,".Street Lip.094"
0,1294,78776,"TIRE_STOCK_STRETCH_PRO1_L.006"
0,1295,11020,".Livisa 200rs Prototype.031"
0,1296,78776,"TIRE_STOCK_STRETCH_PRO2_L.006"
0,1297,132888,"Sawshark Race12"
0,1298,78776,"TIRE_STOCK_REGULAR_PRO1_L.006"
0,1299,18024,"exhaust.008"
0,1300,78992,"TIRE_STOCK_REGULAR_PRO0_L.006"
0,1301,11020,".Livisa 200rs Prototype.030"
0,1302,78776,"TIRE_STOCK_REGULAR_PRO2_L.006"
0,1303,17392,".Street Lip.093"
0,1304,84220,"TIRE_STOCK_ROUND_PRO1_L.010"
0,1305,132892,"Sawshark Street12"
0,1306,84004,"TIRE_STOCK_ROUND_PRO0_L.010"
0,1307,18024,"exhaust.007"
0,1308,90100,"TIRE_STOCK_ROUND_PRO2_L.012"
0,1309,17392,".Street Lip.041"
0,1310,82664,"TIRE_STOCK_STRETCH_PRO0_L.010"
0,1311,145144,"Mantis proto.001"
0,1312,78776,"TIRE_STOCK_STRETCH_PRO1_L.010"
0,1313,18024,"exhaust.010"
0,1314,78776,"TIRE_STOCK_STRETCH_PRO2_L.010"
0,1315,39804,".Street Lip.089"
0,1316,79532,"TIRE_STOCK_REGULAR_PRO1_L.010"
0,1317,11008,".Street Lip.091"
0,1318,78992,"TIRE_STOCK_REGULAR_PRO0_L.010"
0,1319,145144,"Mantis Race12"
0,1320,78776,"TIRE_STOCK_REGULAR_PRO2_L.010"
0,1321,18024,"exhaust.012"
0,1322,84220,"TIRE_STOCK_ROUND_PRO1_L.014"
0,1323,22932,".Street Lip.086"
0,1324,84004,"TIRE_STOCK_ROUND_PRO0_L.014"
0,1325,145144,"Mantis Street12"
0,1326,90100,"TIRE_STOCK_ROUND_PRO2_L.017"
0,1327,18024,"exhaust.011"
0,1328,82664,"TIRE_STOCK_STRETCH_PRO0_L.014"
0,1329,16660,".Street Lip.045"
0,1330,78776,"TIRE_STOCK_STRETCH_PRO1_L.014"
0,1331,167376,"Sweeper proto"
0,1332,78776,"TIRE_STOCK_STRETCH_PRO2_L.014"
0,1333,18024,"exhaust.013"
0,1334,78776,"TIRE_STOCK_REGULAR_PRO1_L.014"
0,1335,11020,".Livisa 200rs Prototype.029"
0,1336,78992,"TIRE_STOCK_REGULAR_PRO0_L.014"
0,1337,42700,".Street Lip.006"
0,1338,78776,"TIRE_STOCK_REGULAR_PRO2_L.014"
0,1339,114760,".Street Lip.051"
0,1340,84220,"TIRE_STOCK_ROUND_PRO1_L.018"
0,1341,161972,"Sweeper race"
0,1342,84004,"TIRE_STOCK_ROUND_PRO0_L.018"
0,1343,18024,"exhaust.016"
0,1344,90100,"TIRE_STOCK_ROUND_PRO2_L.014"
0,1345,11020,".Livisa 200rs Prototype.028"
0,1346,82664,"TIRE_STOCK_STRETCH_PRO0_L.018"
0,1347,18756,".Street Lip.083"
0,1348,78776,"TIRE_STOCK_STRETCH_PRO1_L.018"
0,1349,114760,".Street Lip.046"
0,1350,78776,"TIRE_STOCK_STRETCH_PRO2_L.018"
0,1351,161976,"Sweeper Street12"
0,1352,78776,"TIRE_STOCK_REGULAR_PRO1_L.018"
0,1353,18024,"exhaust.015"
0,1354,78992,"TIRE_STOCK_REGULAR_PRO0_L.018"
0,1355,18072,".Street Lip.081"
0,1356,78776,"TIRE_STOCK_REGULAR_PRO2_L.018"
0,1357,114760,".Street Lip.048"
0,1358,67156,"TIRE_STOCK_ROUND_PRO1_L.007"
0,1359,200476,"Ace Prototype12"
0,1360,66940,"TIRE_STOCK_ROUND_PRO0_L.007"
0,1361,18024,"exhaust.021"
0,1362,73036,"TIRE_STOCK_ROUND_PRO2_L.008"
0,1363,11020,".Livisa 200rs Prototype.027"
0,1364,65600,"TIRE_STOCK_STRETCH_PRO0_L.007"
0,1365,74060,"Ace Prototype12.001"
0,1366,61712,"TIRE_STOCK_STRETCH_PRO1_L.007"
0,1367,235248,"Ace Race12"
0,1368,61712,"TIRE_STOCK_STRETCH_PRO2_L.007"
0,1369,18024,"exhaust.020"
0,1370,61712,"TIRE_STOCK_REGULAR_PRO1_L.007"
0,1371,11020,".Livisa 200rs Prototype.026"
0,1372,61928,"TIRE_STOCK_REGULAR_PRO0_L.007"
0,1373,187620,"Ace Street12"
0,1374,61712,"TIRE_STOCK_REGULAR_PRO2_L.007"
0,1375,18024,"exhaust.019"
0,1376,67156,"TIRE_STOCK_ROUND_PRO1_L.011"
0,1377,62608,"Ace Street12.001"
0,1378,66940,"TIRE_STOCK_ROUND_PRO0_L.011"
0,1379,118796,"Snyper Prototype12"
0,1380,73036,"TIRE_STOCK_ROUND_PRO2_L.013"
0,1381,18024,"exhaust.022"
0,1382,65600,"TIRE_STOCK_STRETCH_PRO0_L.011"
0,1383,11020,".Livisa 200rs Prototype.025"
0,1384,61712,"TIRE_STOCK_STRETCH_PRO1_L.011"
0,1385,71552,"Rear Bumper.015"
0,1386,61712,"TIRE_STOCK_STRETCH_PRO2_L.011"
0,1387,49448,"Rear Bumper.022"
0,1388,61712,"TIRE_STOCK_REGULAR_PRO1_L.011"
0,1389,108900,"Snyper Prototype12.001"
0,1390,61928,"TIRE_STOCK_REGULAR_PRO0_L.011"
0,1391,217060,"Snyper Race12"
0,1392,61712,"TIRE_STOCK_REGULAR_PRO2_L.011"
0,1393,18024,"exhaust.025"
0,1394,67156,"TIRE_STOCK_ROUND_PRO1_L.015"
0,1395,87968,"Rear Bumper.021"
0,1396,66940,"TIRE_STOCK_ROUND_PRO0_L.015"
0,1397,56168,"Rear Bumper.018"
0,1398,73036,"TIRE_STOCK_ROUND_PRO2_L.018"
0,1399,11020,".Livisa 200rs Prototype.024"
0,1400,65600,"TIRE_STOCK_STRETCH_PRO0_L.015"
0,1401,205948,"Snyper Street12"
0,1402,61712,"TIRE_STOCK_STRETCH_PRO1_L.015"
0,1403,18024,"exhaust.024"
0,1404,61712,"TIRE_STOCK_STRETCH_PRO2_L.015"
0,1405,162708,"Tri-Speed Prototype12"
0,1406,61712,"TIRE_STOCK_REGULAR_PRO1_L.015"
0,1407,16776,"exhaust.028"
0,1408,61928,"TIRE_STOCK_REGULAR_PRO0_L.015"
0,1409,11020,".Livisa 200rs Prototype.023"
0,1410,61712,"TIRE_STOCK_REGULAR_PRO2_L.015"
0,1411,116644,"DIFFUSE"
0,1412,67156,"TIRE_STOCK_ROUND_PRO1_L.019"
0,1413,278304,"Tri-Speed Race12"
0,1414,66940,"TIRE_STOCK_ROUND_PRO0_L.019"
0,1415,16776,"exhaust.029"
0,1416,73036,"TIRE_STOCK_ROUND_PRO2_L.019"
0,1417,11020,".Livisa 200rs Prototype.022"
0,1418,65600,"TIRE_STOCK_STRETCH_PRO0_L.019"
0,1419,234892,"Tri-Speed Street12"
0,1420,61712,"TIRE_STOCK_STRETCH_PRO1_L.019"
0,1421,16776,"exhaust.027"
0,1422,61712,"TIRE_STOCK_STRETCH_PRO2_L.019"
0,1423,131768,"Stingray Prototype12"
0,1424,61712,"TIRE_STOCK_REGULAR_PRO1_L.019"
0,1425,16512,"exhaust.037"
0,1426,61928,"TIRE_STOCK_REGULAR_PRO0_L.019"
0,1427,11020,".Livisa 200rs Prototype.018"
0,1428,61712,"TIRE_STOCK_REGULAR_PRO2_L.019"
0,1429,106948,".Street Lip.076"
0,1430,117784,"Stingray Race12"
0,1431,11020,".Livisa 200rs Prototype.017"
0,1432,76948,".Street Lip.075"
0,1433,117788,"Stingray Street12"
0,1434,21000,"exhaust.038"
0,1435,121992,"Stingray Street12.001"
0,1436,147528,"Xilon Race12"
0,1437,16776,"exhaust.041"
0,1438,16976,".Street Lip.073"
0,1439,147536,"Xilon Prototype12"
0,1440,16776,"exhaust.042"
0,1441,678168,"RIM MODEL 5"
0,1442,11020,".Livisa 200rs Prototype.015"
0,1443,161824,"RIM MODEL 5 BLUR"
0,1444,40248,".Street Lip.072"
0,1445,147532,"Xilon Street12"
0,1446,16776,"exhaust.031"
0,1447,16972,"exhaust.063"
0,1448,216736,"Orion Race12"
0,1449,16776,"exhaust.044"
0,1450,22920,".Street Lip.070"
0,1451,11020,".Livisa 200rs Prototype.014"
0,1452,149552,"Frenzy Prototype12"
0,1453,16776,"exhaust.048"
0,1454,11020,".Livisa 200rs Prototype.013"
0,1455,149920,"Frenzy Race12"
0,1456,16776,"exhaust.047"
0,1457,11020,".Livisa 200rs Prototype.012"
0,1458,155920,"Frenzy Street12"
0,1459,16776,"exhaust.040"
0,1460,115664,"Snout Prototype12"
0,1461,12288,"exhaust.052"
0,1462,205852,".dash_gauges_STOCK"
0,1463,11020,".Livisa 200rs Prototype.011"
0,1464,586440,"RIM VOLK GR-C CHROME LIP"
0,1465,88840,".Street Lip.069"
0,1466,113820,"Snout Race12"
0,1467,12288,"exhaust.051"
0,1468,71968,".Street Lip.068"
0,1469,11020,".Livisa 200rs Prototype.010"
0,1470,113824,"Snout Street12"
0,1471,22772,".Livisa 200rs Prototype.009"
0,1472,16776,"exhaust.049"
0,1473,271316,"Vortex Prototype12"
0,1474,16776,"exhaust.056"
0,1475,62800,"Rear Bumper 3 Trim 1.002"
0,1476,95804,"Vortex Stock12.003"
0,1477,11020,".Livisa 200rs Prototype.007"
0,1478,271312,"Vortex Race12"
0,1479,16776,"exhaust.055"
0,1480,11020,".Livisa 200rs Prototype.006"
0,1481,87812,"Vortex Stock12.006"
0,1482,62800,"Rear Bumper 3 Trim 1.000"
0,1483,271312,"Vortex Street12"
0,1484,16776,"exhaust.054"
0,1485,87860,"Vortex Stock12.005"
0,1486,51856,"Rear Bumper 3 Trim 1.003"
0,1487,157180,"Originator Street12"
0,1488,16776,"exhaust.058"
0,1489,17576,"Originator Street12.001"
0,1490,134248,"VStream Prototype12"
0,1491,22836,"VStream Prototype12.001"
0,1492,40972,".Street Lip.066"
0,1493,11020,".Livisa 200rs Prototype.005"
0,1494,130896,"VStream Race12"
0,1495,22832,"VStream Race12.001"
0,1496,17508,".Street Lip.065"
0,1497,130896,"VStream Street12"
0,1498,22832,"VStream Street12.002"
0,1499,17512,"VStream Street12.001"
0,1500,158928,"Livisa 180rs Prototype11"
0,1501,15948,"exhaust.004"
0,1502,11020,".Livisa 200rs Prototype.000"
0,1503,41148,".Street Lip.062"
0,1504,157364,"Livisa 180rs Race11"
0,1505,18020,"exhaust"
0,1506,122012,"Livisa 180rs Street11"
0,1507,18024,"exhaust.003"
0,1508,106228,"Livisa 180rs Street11.001"
0,1509,31996,"Livisa 180rs Street11.002"
0,1510,196048,"Livisa 180rs Stock11"
0,1511,18024,"exhaust.002"
0,1512,132888,"Sawshark Stock12"
0,1513,18024,"exhaust.005"
0,1514,113824,"Snout Stock12"
0,1515,16776,"exhaust.046"
0,1516,145144,"Mantis Stock12"
0,1517,16776,"exhaust.009"
0,1518,156664,"Triton Stock12"
0,1519,16776,"exhaust.030"
0,1520,196276,"Snyper Stock12"
0,1521,18024,"exhaust.023"
0,1522,65584,"TIRE_DRAG_PRO-1"
0,1523,239416,"Stingray Stock12"
0,1524,65588,"TIRE_DRAG_PRO-1_L"
0,1525,21000,"exhaust.001"
0,1526,205772,"Tri-Speed Stock12"
0,1527,473656,"Rim Advan A3A"
0,1528,18024,"exhaust.017"
0,1529,197532,"Rim Advan A3A Photomode"
0,1530,200172,"Orion Stock12"
0,1531,473180,"Rim Advan A3A.001"
0,1532,16776,"exhaust.043"
0,1533,197488,"Rim Advan A3A Photomode.001"
0,1534,141240,"Sweeper Stock12"
0,1535,530200,"Rim AP"
0,1536,18024,"exhaust.014"
0,1537,236200,"Rim AP Photomode"
0,1538,139876,"Frenzy Stock12"
0,1539,530264,"Rim AP.001"
0,1540,16776,"exhaust.045"
0,1541,236156,"Rim AP Photomode.001"
0,1542,147532,"Xilon Stock12"
0,1543,799616,"Rim Blitz 01"
0,1544,16776,"exhaust.039"
0,1545,202308,"Rim Blitz 01 Photomode"
0,1546,130896,"VStream Stock12"
0,1547,799668,"Rim Blitz 01.001"
0,1548,22832,"VStream Stock12.001"
0,1549,202360,"Rim Blitz 01 Photomode.001"
0,1550,247120,"Vortex Stock12"
0,1551,643296,"Rim Cerberus II"
0,1552,16776,"exhaust.050"
0,1553,137556,"Rim Cerberus II Photomde"
0,1554,66236,"Vortex Stock12.002"
0,1555,641740,"Rim Cerberus II.001"
0,1556,157180,"Originator Stock12"
0,1557,137512,"Rim Cerberus II Photomde.001"
0,1558,16776,"exhaust.057"
0,1559,606116,"Rim CR"
0,1560,249880,"Ace Stock12.003"
0,1561,142864,"Rim CR Photomode"
0,1562,18024,"exhaust.026"
0,1563,805080,"Rim Euroline"
0,1564,157180,"Originator Race12"
0,1565,119316,"Rim Euroline Photomode"
0,1566,16776,"exhaust.059"
0,1567,805132,"Rim Euroline.001"
0,1568,18336,"Originator Street12.003"
0,1569,119812,"Rim Euroline Photomode.001"
0,1570,176836,"Originator Proto12"
0,1571,195272,"Rim EVO1"
0,1572,16776,"exhaust.060"
0,1573,77204,"Rim EVO1 Photomode"
0,1574,18336,"Originator Street12.002"
0,1575,721528,"Rim G5"
0,1576,11008,".tow hook.001"
0,1577,211588,"Rim G5 Photomode"
0,1578,200172,"Orion Street12"
0,1579,721052,"Rim G5.001"
0,1580,16776,"exhaust.061"
0,1581,211544,"Rim G5 Photomode.001"
0,1582,225180,"Orion Prototype12"
0,1583,601456,"Rim Oni"
0,1584,16776,"exhaust.062"
0,1585,189608,"Rim Oni Photomode"
0,1586,22920,".Street Lip.032"
0,1587,599792,"Rim Oni.001"
0,1588,11020,".Livisa 200rs Prototype.032"
0,1589,189564,"Rim Oni Photomode.001"
0,1590,13572,"brake.012"
0,1591,719332,"Rim Panasport G7"
0,1592,13568,"run.010"
0,1593,91660,"Rim Panasport G7 Photomode"
0,1594,15580,"indi right.022"
0,1595,719828,"Rim Panasport G7.001"
0,1596,91616,"Rim Panasport G7 Photomode.001"
0,1597,18392,"rev.024"
0,1598,486516,"Rim SSR 1"
0,1599,24836,"body.064"
0,1600,209156,"Rim SSR 1 Photomode"
0,1601,164684,"body.065"
0,1602,486688,"Rim SSR 1.001"
0,1603,13572,"brake.014"
0,1604,209112,"Rim SSR 1 Photomode.001"
0,1605,625440,"Rim SSR 3"
0,1606,15580,"indi right.021"
0,1607,259352,"Rim SSR 3 Photmode"
0,1608,13568,"run.012"
0,1609,619904,"Minerva"
0,1610,19472,"rev.023"
0,1611,118100,"Minerva Photomode"
0,1612,161828,"body.058"
0,1613,619212,"Minerva.001"
0,1614,24836,"body.041"
0,1615,118056,"Minerva Photomode.001"
0,1616,167532,"brake.020"
0,1617,938564,"Rim GT7"
0,1618,18608,"rev.022"
0,1619,165164,"Rim GT7 Photomode"
0,1620,137752,"indi Right.003"
0,1621,938844,"Rim GT7.001"
0,1622,165120,"Rim GT7 Photomode.001"
0,1623,167312,"run.015"
0,1624,626000,"Rim XD9"
0,1625,170540,"body.039"
0,1626,166868,"Rim XD9 Photomode"
0,1627,44792,"body.034"
0,1628,614244,"RIM DrugC"
0,1629,1171964,"interiorGeneral fully stripped_NOSUN"
0,1630,167532,"brake.019"
0,1631,102976,"DrugC Photomode"
0,1632,2660,".fuel_tank stock.001"
0,1633,45008,"body.037"
0,1634,869784,"RIM GT-AV"
0,1635,7248,".fuel_tank street.001"
0,1636,167312,"run.013"
0,1637,230980,"GT-AV Photomode"
0,1638,151556,".fuel_tank race.001"
0,1639,697460,"RIM LXZ"
0,1640,230820,".fuel_tank prototype.001"
0,1641,137752,"indi Right.002"
0,1642,125644,"LXZ Photomode"
0,1643,80024,".nos bottle street.003"
0,1644,167684,"body.066"
0,1645,605144,"RIM Profound"
0,1646,80840,".nos bottle stock.003"
0,1647,18608,"rev.025"
0,1648,123140,"Profound Photomode"
0,1649,83284,".nos bottle race.002"
0,1650,29676,"brake.017"
0,1651,81212,".nos bottle proto.002"
0,1652,29024,"run.009"
0,1653,1184784,"interiorGeneral fully stripped_SUNROOF"
0,1654,773052,"RIM Riverside"
0,1655,23200,"indi Right.001"
0,1656,164108,"Riverside Photomode"
0,1657,45224,"body.038"
0,1658,544604,"RIM Shark CHROME LIP"
0,1659,167732,"body.048"
0,1660,186076,"Shark CHROME LIP Photomode"
0,1661,18608,"rev.020"
0,1662,1170528,"RIM Southern"
0,1663,13572,"brake.015"
0,1664,170780,"Southern Photomode"
0,1665,13568,"run.011"
0,1666,793140,"RIM Strusse"
0,1667,15580,"indi right.020"
0,1668,144284,"Strusse Photomode"
0,1669,544548,"RIM Shark"
0,1670,161876,"body.040"
0,1671,186020,"Shark Photomode.001"
0,1672,18392,"rev.054"
0,1673,1170588,"RIM Southern CHROME LIP"
0,1674,24836,"body.062"
0,1675,170840,"Southern Photomode CHROME LIP"
0,1676,167532,"brake.018"
0,1677,869840,"RIM GT-AV CHROME LIP"
0,1678,137748,"indi Right"
0,1679,231040,"GT-AV Photomode CHROME LIP"
0,1680,860500,"RIM PROT-GT PROTO"
0,1681,167308,"run"
0,1682,197856,"Profound Photomode PROTO"
0,1683,860500,"RIM PROT-GT CIRCUIT"
0,1684,45272,"body.036"
0,1685,197860,"Profound Photomode CIRCUIT"
0,1686,170540,"body.010"
0,1687,859960,"RIM PROT-GT STREET"
0,1688,18608,"rev.027"
0,1689,197860,"Profound Photomode STREET"
0,1690,270776,"body.029"
0,1691,21704,"rev.049"
0,1692,49544,"body.028"
0,1693,24104,"run.063"
0,1694,24104,"brake"
0,1695,13880,"indi.017"
0,1696,270756,"doorCard fully stripped L"
0,1697,448916,"body.018"
0,1698,58460,"body.020"
0,1699,448916,"body.070"
0,1700,57164,"body.021"
0,1701,126824,"rearSeats fully stripped"
0,1702,361640,"body.035"
0,1703,21704,"rev.021"
0,1704,357272,"body.022"
0,1705,11144,"rev.008"
0,1706,14036,"run.008"
0,1707,31392,"brake.008"
0,1708,14092,"indi right.008"
0,1709,193304,"body.008"
0,1710,193304,"body.007"
0,1711,14092,"indi right.007"
0,1712,31392,"brake.007"
0,1713,14036,"run.007"
0,1714,11144,"rev.007"
0,1715,11144,"rev.006"
0,1716,14036,"run.006"
0,1717,31392,"brake.006"
0,1718,14092,"indi right.006"
0,1719,193304,"body.006"
0,1720,11144,"rev.005"
0,1721,14036,"run.005"
0,1722,31392,"brake.005"
0,1723,14092,"indi right.005"
0,1724,195740,"body.043"
0,1725,14092,"indi right.004"
0,1726,31392,"brake.004"
0,1727,14036,"run.004"
0,1728,11144,"rev.004"
0,1729,193792,"body.011"
0,1730,193952,"body.003"
0,1731,14092,"indi right.003"
0,1732,31392,"brake.003"
0,1733,14036,"run.003"
0,1734,11144,"rev.003"
0,1735,11144,"rev.002"
0,1736,14036,"run.002"
0,1737,31392,"brake.002"
0,1738,14092,"indi right.002"
0,1739,193088,"body.002"
0,1740,14092,"indi right.001"
0,1741,31392,"brake.001"
0,1742,14036,"run.001"
0,1743,11144,"rev.001"
0,1744,193304,"body.001"
0,1745,11144,"rev.026"
0,1746,14036,"run.014"
0,1747,31392,"brake.009"
0,1748,14092,"indi right.009"
0,1749,193304,"body.005"
0,1750,194288,"body.009"
0,1751,43548,"indi right"
0,1752,281132,"body.026"
0,1753,41644,"body.025"
0,1754,124044,"brake.026"
0,1755,124040,"run.018"
0,1756,21704,"rev.015"
0,1757,43552,"indi left.010"
0,1758,270332,"body.013"
0,1759,40232,"body.019"
0,1760,113352,"brake.061"
0,1761,113348,"run.055"
0,1762,21704,"rev.010"
0,1763,189476,"body.023"
0,1764,194060,"body.012"
0,1765,43552,"indi left.011"
0,1766,281132,"body.014"
0,1767,40232,"body.015"
0,1768,113676,"brake.067"
0,1769,113672,"run.061"
0,1770,21704,"rev.016"
0,1771,194288,"body.016"
0,1772,43552,"indi left.012"
0,1773,270332,"body.017"
0,1774,40232,"body.024"
0,1775,113352,"brake.070"
0,1776,113348,"run.062"
0,1777,21704,"rev.046"
0,1778,279356,"body.030"
0,1779,21704,"rev.018"
0,1780,49544,"body.031"
0,1781,24104,"run.023"
0,1782,24108,"brake.055"
0,1783,13880,"indi.014"
0,1784,275360,"body.032"
0,1785,10904,"rev.043"
0,1786,49544,"body.033"
0,1787,24104,"run.064"
0,1788,24108,"brake.072"
0,1789,13880,"indi.016"
0,1790,135680,"Orion Proto8"
0,1791,103080,"VStream Proto8"
0,1792,167464,"Sweeper proto.001"
0,1793,153924,"Vortex Proto8"
0,1794,190836,"Mantis Proto8"
0,1795,116996,"Orion Stock8"
0,1796,88932,"VStream Stock8"
0,1797,80148,"Borra Proto2"
0,1798,71404,"Borra Street2"
0,1799,73884,"Borra Stock2"
0,1800,175284,"Mantis Stock8"
0,1801,133188,"Vortex Stock8"
0,1802,147372,"Sweeper Stock8"
0,1803,156368,"Ace Stock8"
0,1804,171660,"Ace Proto8.001"
0,1805,35508,"scout stock"
0,1806,63468,"Scout proto"
0,1807,95832,"ecuLevel_3"
0,1808,53340,"Scout street"
0,1809,74208,"ecuLevel_2"
0,1810,53248,"scout circuit"
0,1811,46584,"ecuLevel_1"
0,1812,283940,"Sawshark Prototype"
0,1813,52844,".DASH_GEAR INDICATOR"
0,1814,11020,"Livisa 200rs Prototype.040"
0,1815,67360,".Street Lip.038"
0,1816,14560,"Badging Front.060"
0,1817,832,"4"
0,1818,8768,"fog.031"
0,1819,832,"5"
0,1820,50584,".Canards Race.017"
0,1821,832,"6"
0,1822,50584,".Canards Race.057"
0,1823,832,"7"
0,1824,295176,"Orion Race"
0,1825,832,"R"
0,1826,11020,"Livisa 200rs Prototype.038"
0,1827,832,"OFF"
0,1828,14560,"Badging Front.059"
0,1829,71488,".Street Lip.037"
0,1830,50584,".Canards Race.051"
0,1831,50584,".Canards Race.055"
0,1832,271708,"Snyper Prototype"
0,1833,11020,"Livisa 200rs Prototype.036"
0,1834,50584,".Canards Race.053"
0,1835,14560,"Badging Front.058"
0,1836,60256,".Street Lip.036"
0,1837,270972,"doorCard fully stripped R"
0,1838,50584,".Canards Race.052"
0,1839,836,"1.001"
0,1840,236908,"Frenzy Prototype"
0,1841,836,"2.001"
0,1842,11020,"Livisa 200rs Prototype.034"
0,1843,836,"3.001"
0,1844,70840,".Street Lip.035"
0,1845,14560,"Badging Front.057"
0,1846,50584,".Canards Race.050"
0,1847,50584,".Canards Race.018"
0,1848,250916,"VStream Prototype"
0,1849,11020,"Livisa 200rs Prototype.032"
0,1850,43432,".Street Lip.034"
0,1851,14560,"Badging Front.056"
0,1852,50584,".Canards Race.048"
0,1853,50584,".Canards Race.013"
0,1854,266696,"Airomax Prototype"
0,1855,11020,"Livisa 200rs Prototype.030"
0,1856,60256,".Street Lip.033"
0,1857,14560,"Badging Front.055"
0,1858,50584,".Canards Race.049"
0,1859,50584,".Canards Race.046"
0,1860,268772,"Sweeper Prototype"
0,1861,11020,"Livisa 200rs Prototype.027"
0,1862,50584,".Canards Race.045"
0,1863,14560,"Badging Front.054"
0,1864,51920,".Canards Race.012"
0,1865,139352,"Lip.006"
0,1866,197956,"Stingray Race"
0,1867,50584,".Canards Race.043"
0,1868,121052,"Lip.015"
0,1869,11720,"fog.026"
0,1870,14560,"Badging Front.053"
0,1871,210460,"Vortex Prototype"
0,1872,11020,"Livisa 200rs Prototype.024"
0,1873,14560,"Badging Front.052"
0,1874,59272,".Street Lip.031"
0,1875,50584,".Canards Race.039"
0,1876,50584,".Canards Race.041"
0,1877,274252,"Ace Prototype"
0,1878,16888,"3rd_brakeOFF.003"
0,1879,11020,"Livisa 200rs Prototype.020"
0,1880,16888,"3rd_brakeOn.003"
0,1881,50584,".Canards Race.038"
0,1882,14560,"Badging Front.051"
0,1883,50584,".Canards Race.037"
0,1884,60256,".Street Lip.030"
0,1885,11020,"Livisa 200rs Prototype.019"
0,1886,50584,".Canards Race.036"
0,1887,14560,"Badging Front.050"
0,1888,50584,".Canards Race.035"
0,1889,60248,".Lip.004"
0,1890,48892,"_DASH_GLOVEBOX_STOCK"
0,1891,329632,"Triton Prototype"
0,1892,50584,".Canards Race.034"
0,1893,11020,"Livisa 200rs Prototype.017"
0,1894,14560,"Badging Front.049"
0,1895,66568,".Street Lip.029"
0,1896,289088,"Originator Prototype"
0,1897,11020,"Livisa 200rs Prototype.015"
0,1898,14560,"Badging Front.048"
0,1899,50584,".Canards Race.030"
0,1900,50584,".Canards Race.033"
0,1901,50584,".Canards Race.032"
0,1902,62108,".painted Lips.004"
0,1903,254512,"Xilon Prototype"
0,1904,51920,".Canards Race.029"
0,1905,11020,"Livisa 200rs Prototype.013"
0,1906,57952,".Street Lip.028"
0,1907,14560,"Badging Front.047"
0,1908,51920,".Canards Race.028"
0,1909,262408,"Mantis Prototype"
0,1910,51920,".Canards Race.027"
0,1911,11020,"Livisa 200rs Prototype.011"
0,1912,73384,".Street Lip.000"
0,1913,14552,"Badging.012"
0,1914,124736,"Snout Prototype"
0,1915,11020,"Livisa 200rs Prototype.009"
0,1916,50584,".Canards Race.025"
0,1917,14560,"Badging Front.046"
0,1918,50888,".Canards Race.024"
0,1919,72928,".Street Lip.026"
0,1920,9044,"Snout Prototype.001"
0,1921,254176,"Livisa 180rs Prototype.001"
0,1922,50584,".Canards Race.023"
0,1923,11020,"Livisa 200rs Prototype.005"
0,1924,60568,".Street Lip.025"
0,1925,14552,"Badging.011"
0,1926,50888,".Canards Race.022"
0,1927,322348,"Livisa 200rs Prototype.002"
0,1928,55456,".Street Lip.024"
0,1929,11020,"Livisa 200rs Prototype.004"
0,1930,50888,".Canards Race.019"
0,1931,14552,"Badging.010"
0,1932,5872,"Center Piece.009"
0,1933,50584,".Canards Race.063"
0,1934,275896,"Sawshark Race"
0,1935,37456,"indi right.041"
0,1936,14560,"Badging Front.045"
0,1937,50584,".Canards Race.015"
0,1938,41584,".Street Lip.012"
0,1939,314512,"Orion Prototype"
0,1940,54880,".Street Lip.023"
0,1941,5456,"fog.029"
0,1942,14560,"Badging Front.044"
0,1943,50584,".Canards Race.054"
0,1944,271704,"Snyper Race"
0,1945,41148,".Street Lip.022"
0,1946,14560,"Badging Front.043"
0,1947,15540,"Front Bumper 2 Indi.010"
0,1948,43432,".Street Lip.039"
0,1949,50584,".Canards Race.016"
0,1950,236904,"Frenzy Race"
0,1951,14560,"Badging Front.042"
0,1952,50584,".Canards Race.056"
0,1953,54016,".Street Lip.040"
0,1954,12644,"fog.008"
0,1955,250908,"VStream Race"
0,1956,14560,"Badging Front.041"
0,1957,10536,"Front Bumper11 indi.001"
0,1958,50584,".Canards Race.014"
0,1959,43432,".Street Lip.021"
0,1960,266688,"Airomax Race"
0,1961,14560,"Badging Front.040"
0,1962,43432,".Street Lip.019"
0,1963,50584,".Canards Race.047"
0,1964,268764,"Sweeper Race"
0,1965,50584,".Canards Race.010"
0,1966,14560,"Badging Front.039"
0,1967,11696,"fog.028"
0,1968,121568,"Lip.010"
0,1969,193928,"Stingray Prototype"
0,1970,50584,".Canards Race.042"
0,1971,11020,"Livisa 200rs Prototype.025"
0,1972,141956,"Lip.012"
0,1973,14560,"Badging Front.038"
0,1974,50584,".Canards Race.044"
0,1975,259320,"Vortex Race"
0,1976,50584,".Canards Race.009"
0,1977,43432,".Street Lip.018"
0,1978,17576,"fog.025"
0,1979,14560,"Badging Front.037"
0,1980,274244,"Ace Race"
0,1981,43432,".Street Lip.017"
0,1982,50584,".Canards Race.008"
0,1983,13664,"fog.024"
0,1984,14560,"Badging Front.036"
0,1985,222640,"Tri-Speed Race"
0,1986,50584,".Canards Race.007"
0,1987,12176,"fog.023"
0,1988,14560,"Badging Front.034"
0,1989,43424,".Lip.005"
0,1990,327096,"Triton Race"
0,1991,45280,".Street Lip.015"
0,1992,50584,".Canards Race.006"
0,1993,11168,"fog.022"
0,1994,14560,"Badging Front.035"
0,1995,289084,"Originator Race"
0,1996,50584,".Canards Race.005"
0,1997,11972,"fog.021"
0,1998,14560,"Badging Front.033"
0,1999,64616,".painted Lips.001"
0,2000,254508,"Xilon Race"
0,2001,51920,".Canards Race.004"
0,2002,10520,"fog.020"
0,2003,14560,"Badging Front.032"
0,2004,41128,".Street Lip.014"
0,2005,262404,"Mantis Race"
0,2006,11936,"fog.016"
0,2007,14552,"Badging.009"
0,2008,56560,".Street Lip.013"
0,2009,116604,"Snout Race"
0,2010,50888,".Canards Race.003"
0,2011,9040,"Center Piece.008"
0,2012,13100,"fog.015"
0,2013,14560,"Badging Front.031"
0,2014,39284,".Canards Race.031"
0,2015,253956,"Livisa 180rs Race.001"
0,2016,50888,".Canards Race.002"
0,2017,14552,"fog.012"
0,2018,14552,"Badging.008"
0,2019,39280,".Street Lip.011"
0,2020,8760,"Livisa 180rs Race.002"
0,2021,5652,"Livisa 180rs Race.003"
0,2022,326504,"Livisa 200rs Race"
0,2023,50888,".Canards Race.001"
0,2024,14552,"fog.013"
0,2025,14552,"Badging.007"
0,2026,8744,"grill"
0,2027,5640,"grill.002"
0,2028,11340,"grill.003"
0,2029,254508,"Xilon Street"
0,2030,24256,".Street Lip.003"
0,2031,14560,"Badging Front.030"
0,2032,10516,"fog"
0,2033,275896,"Sawshark Street"
0,2034,29296,"indi right.040"
0,2035,14560,"Badging Front.029"
0,2036,8660,"fog.001"
0,2037,97680,"Snout Street"
0,2038,14560,"Badging Front.028"
0,2039,13100,"fog.010"
0,2040,9040,"Center Piece.005"
0,2041,33676,"Snout Street.001"
0,2042,289088,"Originator Street"
0,2043,47740,".painted Lips"
0,2044,14560,"Badging Front.027"
0,2045,11972,"fog.007"
0,2046,270844,"Triton Street"
0,2047,14560,"Badging Front.026"
0,2048,11168,"fog.006"
0,2049,59144,"Triton Street.001"
0,2050,222640,"Tri-Speed Street"
0,2051,26560,".Street Lip.004"
0,2052,14560,"Badging Front.025"
0,2053,12176,"fog.005"
0,2054,262408,"Mantis Street"
0,2055,22864,".Street Lip.001"
0,2056,14552,"Badging.006"
0,2057,27732,"fog mesh.001"
0,2058,314508,"Orion Street"
0,2059,28528,".Street Lip.009"
0,2060,14560,"Badging Front.024"
0,2061,5456,"fog.002"
0,2062,274248,"Ace Street"
0,2063,26560,".Street Lip.005"
0,2064,14560,"Badging Front.023"
0,2065,13680,"Front Bumper 7 indi.002"
0,2066,193876,"Stingray Street"
0,2067,14560,"Badging Front.022"
0,2068,11720,"fog.004"
0,2069,121052,"Lip.005"
0,2070,3560,"Lip.003"
0,2071,268768,"Sweeper Street"
0,2072,14560,"Badging Front.021"
0,2073,87872,"Lip.004"
0,2074,11708,"Sweeper Street.003"
0,2075,266692,"Airomax Street"
0,2076,14560,"Badging Front.020"
0,2077,26560,".Street Lip.007"
0,2078,250912,"VStream Street"
0,2079,14560,"Badging Front.019"
0,2080,10536,"Front Bumper11 indi.002"
0,2081,25168,".Street Lip.020"
0,2082,236908,"Frenzy Street"
0,2083,14560,"Badging Front.018"
0,2084,26296,".Street Lip.008"
0,2085,12644,"fog.032"
0,2086,271496,"Snyper Street.003"
0,2087,16820,"fog.003"
0,2088,14560,"Badging Front.017"
0,2089,24884,"Snyper Street.002"
0,2090,259324,"Vortex Street"
0,2091,24884,".painted Lips.002"
0,2092,14560,"Badging Front.016"
0,2093,17592,"Front Bumper14 indi.002"
0,2094,296096,"Livisa 200rs Street"
0,2095,9612,"grill.001"
0,2096,14552,"Badging.005"
0,2097,14552,"fog.014"
0,2098,5872,"Center Piece.004"
0,2099,254384,"Livisa 180rs Street"
0,2100,8752,"Center Piece.001"
0,2101,13072,"Mesh Grill.001"
0,2102,21448,".Street Lip.010"
0,2103,14552,"Badging.004"
0,2104,14552,"fog.011"
0,2105,5648,"Horizontal Piece.001"
0,2106,267980,"Livisa 180rs Stock "
0,2107,22424,"mesh.001"
0,2108,14552,"Badging.002"
0,2109,14560,"indi mesh.002"
0,2110,259320,"Vortex Stock"
0,2111,14560,"Badging Front.007"
0,2112,17572,"indi"
0,2113,271276,"Snyper Stock.001"
0,2114,19528,"indi left.025"
0,2115,14560,"Badging Front.013"
0,2116,236904,"Frenzy Stock"
0,2117,1216,"indi left.026"
0,2118,14560,"Badging Front.012"
0,2119,12652,"Frenzy Stock.002"
0,2120,250912,"VStream Stock"
0,2121,18148,"badging"
0,2122,10532,"VStream Stock.002"
0,2123,266692,"Airomax Stock"
0,2124,14560,"Badging Front.010"
0,2125,269344,"Sweeper Stock"
0,2126,14560,"Badging Front.009"
0,2127,11708,"Sweeper Stock.001"
0,2128,87884,"Sweeper Stock.002"
0,2129,193924,"Stingray Stock"
0,2130,125084,"Lip.002"
0,2131,11728,"indi right.029"
0,2132,14560,"Badging Front.008"
0,2133,274248,"Ace Stock"
0,2134,14560,"Badging Front.006"
0,2135,13664,"indi.018"
0,2136,295180,"Orion Stock.001"
0,2137,2932,"indi right.024"
0,2138,2932,"indi left.024"
0,2139,14560,"Badging Front.014"
0,2140,262404,"Mantis Stock"
0,2141,11944,"indi mesh.001"
0,2142,14552,"Badging.003"
0,2143,16184,"fog mesh"
0,2144,222640,"Tri-Speed Stock"
0,2145,12184,"indi right.032"
0,2146,14560,"Badging Front.005"
0,2147,327096,"Triton Stock"
0,2148,14560,"Badging Front.004"
0,2149,11176,"Triton Stock.002"
0,2150,289084,"Originator Stock"
0,2151,11980,"indi right.034"
0,2152,14560,"Badging Front.002"
0,2153,101880,"Snout Stock"
0,2154,13100,"indi.019"
0,2155,37232,"Lip.001"
0,2156,14560,"Badging Front.000"
0,2157,214636,"Sawshark Stock_"
0,2158,29296,"indi right.023"
0,2159,31436,"Mesh Gril"
0,2160,14560,"Badging Front.015"
0,2161,61664,"Sawshark Stock_.001"
0,2162,226284,"Xilon Stock"
0,2163,10528,"indi right.035"
0,2164,14560,"Badging Front.003"
0,2165,322776,"Livisa 200rs Stock .003"
0,2166,11332,"mesh"
0,2167,14548,"Badging"
0,2168,14556,"indi mesh"
0,2169,296120,"Livisa Hatch Stock"
0,2170,342392,"Livisa Hatch Street"
0,2171,341484,"Livisa Hatch Prototype"
0,2172,133464,"Snyper Stock"
0,2173,155044,"Snyper Street"
0,2174,160704,"Snyper Proto"
0,2175,25064,"Snyper Prototype6"
0,2176,23224,"Snyper Stock6"
0,2177,80680,"SUNROOF CLOSED"
0,2178,84504,"SUNROOF OPEN"
0,2179,23760,"Originator Stock9"
0,2180,23916,"Ace Stock9"
0,2181,17476,"Snyper Stock9"
0,2182,58796,"Livisa 180rs Street.001"
0,2183,11824,".Street Lip.043"
0,2184,58792,"Livisa 180rs race"
0,2185,11824,".Street Lip.044"
0,2186,45608,"Livisa 180rs Proto"
0,2187,73048,".Street Lip.049"
0,2188,34240,"Livisa 200rs proto"
0,2189,73048,".Street Lip.053"
0,2190,34240,"Livisa 200rs race"
0,2191,11824,".Street Lip.016"
0,2192,34244,"Livisa 200rs Street.001"
0,2193,11824,".Street Lip.050"
0,2194,54844,"Originator proto.002"
0,2195,73048,"Side Skirt 2.010"
0,2196,54840,"Originator race"
0,2197,13696,"Side Skirt 2.009"
0,2198,54848,"Originator Street.001"
0,2199,11820,".Street Lip"
0,2200,102916,"Xilon proto.001"
0,2201,73048,"Side Skirt 1.010"
0,2202,102912,"Xilon race"
0,2203,15568,"Side Skirt 1.000"
0,2204,102916,"Xilon Street.001"
0,2205,12256,"Side Skirt 1.004"
0,2206,67464,"Frenzy proto.001"
0,2207,73048,"Side Skirt 5.012"
0,2208,67460,"Frenzy race"
0,2209,19312,"Side Skirt 5.005"
0,2210,67468,"Frenzy Street.001"
0,2211,13696,"Side Skirt 5.004"
0,2212,41812,"Snyper Street.001"
0,2213,11828,"Side Skirt 8 !.004"
0,2214,41804,"Snyper race"
0,2215,15572,"Side Skirt 8 !.005"
0,2216,41808,"Snyper proto.001"
0,2217,68296,"Side Skirt 4.000"
0,2218,51796,"Airomax proto"
0,2219,73048,"Side Skirt 3.010"
0,2220,51792,"Airomax race"
0,2221,11824,"Side Skirt 3.007"
0,2222,51800,"Airomax Street.001"
0,2223,11824,"Side Skirt 3.003"
0,2224,34156,"Tri-Speed proto"
0,2225,73048,"Side Skirt 4.009"
0,2226,34156,"Tri-Speed race"
0,2227,16200,"Side Skirt 4.005"
0,2228,13696,"Side Skirt 4.008"
0,2229,34312,"Tri-Speed Street.001"
0,2230,11824,"Side Skirt 4.004"
0,2231,63384,"Vortex Street1"
0,2232,13696,"Side Skirt 6.004"
0,2233,63380,"Vortex Race1"
0,2234,13696,"Side Skirt 6.005"
0,2235,63388,"Vortex prototype1"
0,2236,22600,"Side Skirt 6.012"
0,2237,73048,"Side Skirt 6.001"
0,2238,97372,"Stingray proto"
0,2239,57188,"Side Skirt11 !.002"
0,2240,73052,"Side Skirt11 !.016"
0,2241,125764,"Stingray race"
0,2242,6116,"Side Skirt11 !.007"
0,2243,11504,"Side Skirt11 !.003"
0,2244,97376,"Stingray Street1.001"
0,2245,6116,"Side Skirt11 !.006"
0,2246,28796,"Stingray Street1.002"
0,2247,102496,"Orion Prototype1.001"
0,2248,74912,"Side Skirt10 !.012"
0,2249,102492,"Orion Race1.001"
0,2250,13700,"Side Skirt10 !.005"
0,2251,102496,"Orion Street1.001"
0,2252,13700,"Side Skirt10 !.004"
0,2253,57540,"Ace proto"
0,2254,73052,"Side Skirt 7 !.012"
0,2255,57536,"Ace race"
0,2256,13700,"Side Skirt 7 !.005"
0,2257,57544,"Ace Street.001"
0,2258,11828,"Side Skirt 7 !.004"
0,2259,108792,"VStream proto"
0,2260,73052,"Side Skirt12 !.012"
0,2261,158396,"VStream Street2.001"
0,2262,13700,"Side Skirt12 !.004"
0,2263,108788,"VStream race"
0,2264,13700,"Side Skirt12 !.008"
0,2265,64652,"Triton Street.002"
0,2266,11828,"Side Skirt 9 !.004"
0,2267,64648,"Triton proto.002"
0,2268,73052,"Side Skirt 9 !.010"
0,2269,64648,"Triton race.001"
0,2270,15572,"Side Skirt 9 !.005"
0,2271,64652,"Triton Stock1.004"
0,2272,102488,"Orion Stock"
0,2273,149404,"VStream Stock1.001"
0,2274,57540,"Ace Stock1"
0,2275,125768,"Stingray Stock1.001"
0,2276,63384,"Vortex Stock1"
0,2277,34160,"Tri-Speed Stock1.001"
0,2278,51796,"Airomax Stock1"
0,2279,41812,"Snyper Stock1.001"
0,2280,67464,"Frenzy Stock1"
0,2281,102916,"Xilon Stock1.001"
0,2282,54844,"Originator Stock1"
0,2283,34240,"Livisa 200rs Stock1"
0,2284,58792,"Livisa 180rs Stock1"
0,2285,90016,"Sweeper Stock1"
0,2286,89968,"Sweeper Street1"
0,2287,11828,"Sweeper Stock1.002"
0,2288,90016,"Sweeper Race1"
0,2289,11828,"Sweeper Stock1.001"
0,2290,90020,"Sweeper Prototype1"
0,2291,50804,"Sweeper Stock1.003"
0,2292,42736,"Venom Prototype0"
0,2293,155888,"Tandem Prototype0"
0,2294,157596,"Tandem Race0"
0,2295,121568,"Fishtail Prototype0"
0,2296,128104,"Fishtail Street0"
0,2297,164420,"Wildfire Prototype0"
0,2298,165592,"Wildfire Race0"
0,2299,102872,"Scarab Prototype0"
0,2300,104748,"Scarab Race0"
0,2301,77200,"Arrow Prototype0"
0,2302,81912,"Arrow Street0"
0,2303,262148,"Jorgen Prototype0"
0,2304,293136,"Jorgen Race0"
0,2305,167752,"Ghost Prototype0"
0,2306,165772,"Ghost Race0"
0,2307,56684,"Borra Prototype0"
0,2308,42684,"Swicthblade Race0"
0,2309,37472,"Lynx Prototype0"
0,2310,42736,"Swicthblade Prototype0"
0,2311,41512,"Barracuda Prototype0"
0,2312,43676,"Mystic Prototype0"
0,2313,52912,"Dragon Prototype0"
0,2314,54804,"AirForce Prototype0"
0,2315,64836,"Banshee Prototype0"
0,2316,66200,"Banshee Street0"
0,2317,76916,"Snout Prototype0"
0,2318,157552,"Tandem Stock0"
0,2319,128152,"Fishtail Stock0"
0,2320,172432,"Wildfire Stock0"
0,2321,104800,"Scarab Stock0"
0,2322,165772,"Ghost Stock0"
0,2323,54648,"AirForce Stock0"
0,2324,66200,"Banshee Stock0"
0,2325,293092,"Jorgen Stock0"
0,2326,56680,"Borra Stock0"
0,2327,84976,"Arrow Stock0"
0,2328,37468,"Lynx Stock0"
0,2329,42732,"Swicthblade Stock0"
0,2330,43560,"Barracuda Stock0"
0,2331,52376,"Dragon Stock0"
0,2332,27444,"Dragon Stock0.001"
0,2333,44708,"Venom Stock0"
0,2334,77064,"Snout Stock0"
0,2335,46264,"Mystic Stock0"
0,2336,45612,"Mystic Race0"
0,2337,37776,"Ace Stock0"
0,2338,35944,"Ace Prototype0"
0,2339,86420,"Xilon Stock0"
0,2340,84676,"Xilon Stock0.001"
0,2341,60200,"Arrow Stock02 L.001"
0,2342,60200,"Arrow Stock02 R.001"
0,2343,58600,"Arrow Stock02 L"
0,2344,58600,"Arrow Stock02 R"
0,2345,45632,"Ace Stock02 L.001"
0,2346,45628,"Ace Stock02 R"
0,2347,42520,"Ace Stock02 L"
0,2348,42524,"Ace Stock02 R.002"
0,2349,66796,"Livisa 200rs Stock02 L.001"
0,2350,66796,"Livisa 200rs Stock02 R.001"
0,2351,75036,"Snyper Prototype02 L"
0,2352,75036,"Snyper Prototype02 R"
0,2353,66792,"Livisa 200rs Stock02 L"
0,2354,66792,"Livisa 200rs Stock02 R"
0,2355,66792,"Livisa 180rs Stock02 L"
0,2356,66792,"Livisa 180rs Stock02 R"
0,2357,75032,"Snyper Stock02 L"
0,2358,75032,"Snyper Stock02 R"
0,2359,25624,"Dragon Prototype0.001"
0,2360,48392,"indi.021"
0,2361,222648,"Tri-Speed Prototype.001"
0,2362,49532,"body.052"
0,2363,31016,"RUN ON"
0,2364,31016,"BRAKE ON"
0,2365,15704,"INDI OFF"
0,2366,15748,"REV"
0,2367,44556,"glass.001"
0,2368,232508,"run on"
0,2369,232508,"brake on"
0,2370,42184,"body.046"
0,2371,42232,"body.045"
0,2372,37972,"body.044"
0,2373,40564,"body.004"
0,2374,41644,"body.027"
0,2375,49532,"body.042"
0,2376,49100,"body.056"
0,2377,44556,"glass.002"
0,2378,21704,"rev.051"
0,2379,232512,"run on.001"
0,2380,232512,"brake on.001"
0,2381,48392,"indi.023"
0,2382,44556,"glass.003"
0,2383,357272,"body.057"
0,2384,21704,"rev.053"
0,2385,232512,"run on.002"
0,2386,232512,"brake on.002"
0,2387,48392,"indi.024"
0,2388,61668,"glass.004"
0,2389,365464,"body.063"
0,2390,232512,"run on.003"
0,2391,232512,"brake on.003"
0,2392,48392,"indi.025"
0,2393,15752,"REV.001"
0,2394,31020,"RUN ON.001"
0,2395,31020,"BRAKE ON.001"
0,2396,15708,"INDI OFF.001"
0,2397,15752,"REV.002"
0,2398,392756,"body.068"
0,2399,57164,"body.069"
0,2400,31020,"RUN ON.002"
0,2401,31020,"BRAKE ON.002"
0,2402,15708,"INDI OFF.002"
0,2403,15752,"REV.003"
0,2404,448916,"body.071"
0,2405,52628,"body.072"
0,2406,31012,"RUN"
0,2407,31020,"BRAKE ON.003"
0,2408,15708,"INDI OFF.003"
0,2409,15752,"REV.004"
0,2410,11148,"glass.023"
0,2411,11148,"glass.025"
0,2412,11148,"glass.024"
0,2413,15852,"glass.027"
0,2414,15848,"glass"
0,2415,46140,"glass.014"
0,2416,46140,"glass.013"
0,2417,46140,"glass.026"
0,2418,28656,"glass.022"
0,2419,28656,"glass.021"
0,2420,28656,"glass.020"
0,2421,28656,"glass.019"
0,2422,27768,"glass.018"
0,2423,27768,"glass.017"
0,2424,27660,"glass.016"
0,2425,15852,"glass.007"
0,2426,15852,"glass.008"
0,2427,15852,"glass.006"
0,2428,46140,"glass.012"
0,2429,27768,"glass.015"
0,2430,15852,"glass.010"
0,2431,15852,"glass.011"
0,2432,15852,"glass.009"
0,2433,11000,"TOW HOOK"
0,2434,15280,"Vortex Stock2.002"
0,2435,76576,"Door 0 Left.002"
0,2436,76036,"Door 0 Right.002"
0,2437,119592,"Livisa 200rs Stock4.001"
0,2438,13500,"light.020"
0,2439,15216,"sub part.002"
0,2440,127300,"Livisa 200rs Prototype11.001"
0,2441,15948,"exhaust.064"
0,2442,11020,".Livisa 200rs Prototype.001"
0,2443,157320,"Livisa 200rs Race11.001"
0,2444,18024,"exhaust.065"
0,2445,122016,"Livisa 200rs Street11.003"
0,2446,18024,"exhaust.066"
0,2447,106228,"Livisa 180rs Street11.004"
0,2448,31996,"Livisa 180rs Street11.005"
0,2449,196380,"Livisa 200rs Stock11.001"
0,2450,18024,"exhaust.067"
0,2451,228080,"Triton Street.003"
0,2452,13500,"light.021"
0,2453,280504,"Sweeper Proto"
0,2454,13284,"light.022"
0,2455,243868,"_D-LUX stock.001"
0,2456,23980,"front bumper backing"
0,2457,68592,"FOG_UNLIT"
0,2458,243872,"_D-LUX street.001"
0,2459,23984,"front bumper backing.001"
0,2460,68596,"FOG_UNLIT.001"
0,2461,243868,"_D-LUX race.001"
0,2462,23984,"front bumper backing.002"
0,2463,68596,"FOG_UNLIT.002"
0,2464,38632,".Street Lip.054"
0,2465,50888,".Canards Race.065"
0,2466,230512,"_D-LUX proto.001"
0,2467,38632,".Street Lip.047"
0,2468,50888,".Canards Race.040"
0,2469,50584,".Canards Race.064"
0,2470,23984,"front bumper backing.003"
0,2471,124196,"_D-LUX_stock"
0,2472,18024,"exhaust.069"
0,2473,20492,"rearbumper_backing"
0,2474,124200,"_D-LUX_street"
0,2475,18024,"exhaust.070"
0,2476,20496,"rearbumper_backing.001"
0,2477,22108,".Street Lip.063"
0,2478,252356,"_D-LUX_race"
0,2479,18024,"exhaust.071"
0,2480,20496,"rearbumper_backing.002"
0,2481,30456,"race Lip.063"
0,2482,404,"Ace Prototype12.002"
0,2483,277736,"_D-LUX_proto"
0,2484,18024,"exhaust.072"
0,2485,20496,"rearbumper_backing.003"
0,2486,30456,"race Lip.001"
0,2487,65020,"_D-LUX stock.002"
0,2488,65020,"_D-LUX street"
0,2489,12256,"Side Skirt 1.003"
0,2490,65016,"_D-LUX race"
0,2491,11824,"Side Skirt 1.002"
0,2492,65016,"_D-LUX proto"
0,2493,34072,"Side Skirt 1.001"
0,2494,119388,"_D-LUX stock"
0,2495,118432,"Object002.002"
1,257,16868,"r34 coupe collider"
1,258,791280,"TATSUMI_MEET_COLLIDER"
1,259,278052,"__TATSUMI_BUILDINGS.001"
1,260,6160,"AREA_TATSUMI_MAIN2_LOD0.001"
1,261,315420,"building_industrial_big1.003"
1,262,404348,"sound barrier white holes"
1,263,4148,"LOD1.021"
1,264,197476,"_INTERIOR_LOD"
1,265,2864,"AREA_TATSUMI_ENTRANCE1_LIGHT_2"
1,266,350828,"OG AREA_1_1 LANE ROAD LOD1.030"
1,267,8352,"collider.022"
1,268,2864,"AREA_TATSUMI_ENTRANCE1_LIGHT_1"
1,269,39148,"AREA_3_ENTRY_L_ROAD_LOD0.011"
1,270,315492,"building_industrial_big1.002"
1,271,340600,"AREA_3_ENTRY_L_ROAD_LOD0.024"
1,272,8352,"collider.021"
1,273,8672,"AREA_3_ENTRY_L_ROAD_LOD0.025"
1,274,4148,"LOD1.020"
1,275,596320,"AREA1_BIG_ROAD_6"
1,276,241376,"OG AREA_1_1 LANE ROAD LOD1.037"
1,277,539952,"building_industrial_big2.006"
1,278,169664,"AREA1_BIG_ROAD_6.002"
1,279,354880,"AREA_3_ENTRY_L_ROAD_LOD0.022"
1,280,4152,"collider.013"
1,281,53924,"AREA1_BIG_ROAD_6.001"
1,282,8672,"AREA_3_ENTRY_L_ROAD_LOD0.023"
1,283,4148,"LOD1.019"
1,284,651808,"AREA1_BIG_ROAD_5"
1,285,266892,"OG AREA_1_1 LANE ROAD LOD1.036"
1,286,156772,"building_highrise_3.004"
1,287,259628,"AREA1_BIG_ROAD_5.002"
1,288,287112,"AREA_3_ENTRY_L_ROAD_LOD0.020"
1,289,2536,"collider.012"
1,290,53924,"AREA1_BIG_ROAD_5.001"
1,291,8200,"AREA_3_ENTRY_L_ROAD_LOD0.021"
1,292,156772,"building_highrise_3.003"
1,293,264076,"_STEERING_WHEEL_GOMA_1"
1,294,815304,"AREA1_BIG_ROAD_4"
1,295,232300,"OG AREA_1_1 LANE ROAD LOD1.035"
1,296,2536,"collider.011"
1,297,3532,"Cylinder.003"
1,298,29852,"AREA1_BIG_ROAD_4.002"
1,299,310748,"AREA_3_ENTRY_L_ROAD_LOD0.016"
1,300,35932,"building_highrise_1.001"
1,301,399224,"AREA1_BIG_ROAD_4.001"
1,302,8672,"AREA_3_ENTRY_L_ROAD_LOD0.017"
1,303,2536,"collider.006"
1,304,995340,"AREA1_BIG_ROAD_3"
1,305,237724,"OG AREA_1_1 LANE ROAD LOD1.033"
1,306,35932,"building_highrise_1.003"
1,307,33404,"AREA1_BIG_ROAD_3.002"
1,308,271724,"AREA_3_ENTRY_L_ROAD_LOD0.014"
1,309,2536,"collider.007"
1,310,474008,"AREA1_BIG_ROAD_3.001"
1,311,16848,"AREA_3_ENTRY_L_ROAD_LOD0.015"
1,312,35932,"building_highrise_1.004"
1,313,5220,"Gauge Center 1.016"
1,314,221228,"OG AREA_1_1 LANE ROAD LOD1.032"
1,315,2536,"collider.008"
1,316,283952,"AREA_3_ENTRY_L_ROAD_LOD0.012"
1,317,156772,"building_highrise_3.002"
1,318,27144,"AREA_3_ENTRY_L_ROAD_LOD0.013"
1,319,2536,"collider.005"
1,320,30860,"_DASH_CENTER_STOCK"
1,321,914140,"AREA_TATSUMI_MAIN2_LOD0"
1,322,222988,"OG AREA_1_1 LANE ROAD LOD1.031"
1,323,1828356,"building_parking_lot_1.002"
1,324,27288,"CAR CLIMATE CONTROL.005"
1,325,137548,"AREA_TATSUMI_MAIN2_LOD0.012"
1,326,423060,"AREA_TATSUMI_EXIT_R_ROAD_LOD0.041"
1,327,312724,"building_parking_lot_1.009"
1,328,8616,"CAR CLIMATE CONTROL.001"
1,329,357608,"OG AREA_1_1 LANE ROAD LOD1.038"
1,330,170028,"AREA_TATSUMI_EXIT_R_ROAD_LOD0.042"
1,331,1977624,"full lod buildings.002"
1,332,1105508,"AREA_TATSUMI_MAIN2_LOD0.009"
1,333,123644,"OG AREA_1_1 LANE ROAD LOD1.025"
1,334,292220,"OG AREA_1_1 LANE ROAD LOD1.009"
1,335,320116,"AREA_TATSUMI_EXIT_R_ROAD_LOD0.039"
1,336,109832,"AREA_TATSUMI_MAIN2_LOD0.011"
1,337,169584,"AREA_TATSUMI_EXIT_R_ROAD_LOD0.040"
1,338,570864,"AREA_3_ENTRY_L_ROAD_LOD0.038"
1,339,104516,"OG AREA_1_1 LANE ROAD LOD1.024"
1,340,12448,"AREA_3_ENTRY_L_ROAD_LOD0.039"
1,341,323236,"AREA_TATSUMI_EXIT_R_ROAD_LOD0.037"
1,342,79324,"OG AREA_1_1 LANE ROAD LOD1.045"
1,343,172692,"AREA_TATSUMI_EXIT_R_ROAD_LOD0.038"
1,344,104516,"OG AREA_1_1 LANE ROAD LOD1.023"
1,345,392312,"AREA_TATSUMI_EXIT_R_ROAD_LOD0.035"
1,346,169584,"AREA_TATSUMI_EXIT_R_ROAD_LOD0.036"
1,347,5220,"Gauge Center 1.014"
1,348,147064,"OG AREA_1_1 LANE ROAD LOD1.022"
1,349,190924,"_DASH_GLOVEBOX_0.001"
1,350,457252,"AREA_TATSUMI_EXIT_R_ROAD_LOD0.033"
1,351,143372,"AREA_TATSUMI_EXIT_R_ROAD_LOD0.034"
1,352,5220,"Gauge Center 1.013"
1,353,156020,"OG AREA_1_1 LANE ROAD LOD1.021"
1,354,486276,"AREA_TATSUMI_EXIT_R_ROAD_LOD0.029"
1,355,691268,"_INTERIOR_BIG_STOCK"
1,356,32520,"AREA_TATSUMI_EXIT_R_ROAD_LOD0.030"
1,357,567916,"AREA_3_ENTRY_L_ROAD_LOD0.008"
1,358,157796,"OG AREA_1_1 LANE ROAD LOD1.019"
1,359,20472,"AREA_3_ENTRY_L_ROAD_LOD0.009"
1,360,502448,"AREA_TATSUMI_EXIT_R_ROAD_LOD0.027"
1,361,10556,"SUPPORTS STEEL WHITE NEW.002"
1,362,97100,"OG AREA_1_1 LANE ROAD LOD1.029"
1,363,35944,"AREA_TATSUMI_EXIT_R_ROAD_LOD0.028"
1,364,637056,"AREA_3_ENTRY_L_ROAD_LOD0.006"
1,365,176924,"OG AREA_1_1 LANE ROAD LOD1.018"
1,366,125248,"_GAUGE_A_PILLAR"
1,367,21368,"AREA_3_ENTRY_L_ROAD_LOD0.007"
1,368,795380,"AREA_TATSUMI_EXIT_R_ROAD_LOD0.025"
1,369,97100,"OG AREA_1_1 LANE ROAD LOD1.028"
1,370,172904,"AREA_TATSUMI_EXIT_R_ROAD_LOD0.026"
1,371,5220,"Gauge Center 1.007"
1,372,327996,"AREA_3_ENTRY_L_ROAD_LOD0.004"
1,373,171080,"OG AREA_1_1 LANE ROAD LOD1.017"
1,374,62400,"AREA_TATSUMI_EXIT_L_1"
1,375,17244,"AREA_3_ENTRY_L_ROAD_LOD0.005"
1,376,523992,"AREA_TATSUMI_EXIT_R_ROAD_LOD0.013"
1,377,62400,"AREA_TATSUMI_EXIT_L_2"
1,378,97100,"OG AREA_1_1 LANE ROAD LOD1.027"
1,379,104516,"OG AREA_1_1 LANE ROAD LOD1.011"
1,380,40820,"building_industrial_big1_FAR.006"
1,381,76444,"AREA_TATSUMI_R_EXIT_LIGHT_2"
1,382,523532,"AREA_3_ENTRY_L_ROAD_LOD0.002"
1,383,26540,"AREA_TATSUMI_EXIT_R_ROAD_LOD0.012"
1,384,76444,"AREA_TATSUMI_R_EXIT_LIGHT_1"
1,385,5220,"Gauge Center 1.005"
1,386,14984,"AREA_3_ENTRY_L_ROAD_LOD0.003"
1,387,783332,"AREA_3_ENTRY_L_ROAD_LOD0"
1,388,34280,"building_industrial_small2_FAR.003"
1,389,40160,"AREA_3_EXIT_L_ROAD_LIGHTS_LIT"
1,390,114876,"OG AREA_1_1 LANE ROAD LOD1.026"
1,391,36360,"roadline.001"
1,392,45412,"building_industrial_low2.008"
1,393,55712,"AREA_3_EXIT_L_ROAD_LIGHTS_UNLIT"
1,394,1419152,"AREA_TATSUMI_EXIT_R_ROAD_LOD0.024"
1,395,518664,"OG AREA_1_1 LANE ROAD LOD1.003"
1,396,133380,"building_highrise_3.007"
1,397,39056,"AREA_3_EXIT_R_ROAD_LIGHTS_LIT"
1,398,121252,"OG AREA_1_1 LANE ROAD LOD1.016"
1,399,217232,"AREA_TATSUMI_EXIT_R_ROAD_LOD0"
1,400,2536,"collider.066"
1,401,39056,"AREA_3_EXIT_R_ROAD_LIGHTS_UNLIT"
1,402,149792,"AREA_TATSUMI_EXIT_R_ROAD_LOD0.023"
1,403,71016,"AREA_TATSUMI_EXIT_R_ROAD_LOD0.001"
1,404,45412,"building_industrial_low2.007"
1,405,1411920,"building_residential_1_red.009"
1,406,1175928,"AREA_TATSUMI_EXIT_R_ROAD_LOD0.021"
1,407,66740,"OG AREA_1_1 LANE ROAD LOD1.004"
1,408,42320,"building_industrial_big1_FAR.005"
1,409,5120,"building_industrial_big2.005"
1,410,20108,"AREA_TATSUMI_EXIT_R_ROAD_LOD0.022"
1,411,542496,"AREA_TATSUMI_EXIT_R_ROAD_LOD0.031"
1,412,265448,"building_crane_dock1.006"
1,413,5100,"LOD1.017"
1,414,104516,"OG AREA_1_1 LANE ROAD LOD1.015"
1,415,64192,"AREA_TATSUMI_EXIT_R_ROAD_LOD0.032"
1,416,37644,"building_highrise_1.013"
1,417,35392,"_GAUGE_RPM_SMALL"
1,418,792336,"building_parking_lot_1.007"
1,419,1147996,"AREA_TATSUMI_EXIT_R_ROAD_LOD0.019"
1,420,157796,"OG AREA_1_1 LANE ROAD LOD1.020"
1,421,2536,"collider.065"
1,422,156200,"building_parking_lot_1.008"
1,423,33940,"AREA_TATSUMI_EXIT_R_ROAD_LOD0.020"
1,424,298724,"AREA_3_ENTRY_L_ROAD_LOD0.018"
1,425,45412,"building_industrial_low2.004"
1,426,792336,"building_parking_lot_1.003"
1,427,104516,"OG AREA_1_1 LANE ROAD LOD1.014"
1,428,9144,"AREA_3_ENTRY_L_ROAD_LOD0.019"
1,429,156200,"building_parking_lot_1.004"
1,430,633952,"AREA_TATSUMI_EXIT_R_ROAD_LOD0.018"
1,431,233216,"OG AREA_1_1 LANE ROAD LOD1.034"
1,432,792232,"building_parking_lot_1.005"
1,433,123644,"OG AREA_1_1 LANE ROAD LOD1.013"
1,434,765300,"_DASH_STOCK"
1,435,156200,"building_parking_lot_1.006"
1,436,32864,"AREA_TATSUMI_EXIT_R_ROAD_LOD0.016"
1,437,533328,"building_industrial_big2.031"
1,438,3827704,"building_residential_5_white.001"
1,439,605356,"AREA_TATSUMI_EXIT_R_ROAD_LOD0.015"
1,440,314412,"building_industrial_big1.008"
1,441,4148,"LOD1.068"
1,442,3544,"building_residential_1_red.021"
1,443,104516,"OG AREA_1_1 LANE ROAD LOD1.012"
1,444,8352,"collider.025"
1,445,4152,"collider.063"
1,446,199400,"_ROLL_CAGE.002"
1,447,8120,"building_residential_1_red.004"
1,448,15400,"AREA_TATSUMI_EXIT_R_ROAD_LOD0.014"
1,449,4148,"LOD1.025"
1,450,265448,"building_crane_dock1.005"
1,451,186656,"_REAR_SEATS_STOCK"
1,452,314412,"building_industrial_big1.009"
1,453,2688272,"full lod buildings.001"
1,454,265448,"building_crane_dock1.004"
1,455,19008,"_HANDBRAKE_0"
1,456,8352,"collider.046"
1,457,533328,"building_industrial_big2.017"
1,458,314412,"building_industrial_big1.011"
1,459,4148,"LOD1.045"
1,460,4148,"LOD1.034"
1,461,4148,"LOD1.067"
1,462,118528,"_GEARSHIFTER_1"
1,463,314412,"building_industrial_big1.007"
1,464,4152,"collider.033"
1,465,8352,"collider.062"
1,466,68400,"_GEARSHIFTER_0"
1,467,4148,"LOD1.043"
1,468,1411920,"building_residential_1_red.001"
1,469,8352,"collider.044"
1,470,5120,"building_industrial_big2.012"
1,471,314412,"building_industrial_big1.001"
1,472,1004788,"AREA_TATSUMI_R ROAD_LOD0.004"
1,473,5100,"LOD1.029"
1,474,8352,"collider.009"
1,475,47180,"AREA_TATSUMI_R ROAD_LOD0.005"
1,476,35932,"building_highrise_2.005"
1,477,18452,"DRIVER"
1,478,4148,"LOD1.018"
1,479,299712,"AREA_TATSUMI_R ROAD UNDER CURVE.004"
1,480,2536,"collider.040"
1,481,533328,"building_industrial_big2.026"
1,482,133380,"building_highrise_3.001"
1,483,367280,"AREA_TATSUMI_R ROAD_LOD0.001"
1,484,196184,"AREA_2_SUPPORTS2.001"
1,485,4148,"LOD1.061"
1,486,2536,"collider.027"
1,487,17304,"AREA_TATSUMI_R ROAD_LOD0.002"
1,488,4152,"collider.060"
1,489,2356936,"full lod buildings.004"
1,490,151620,"AREA_TATSUMI_R ROAD UNDER CURVE.003"
1,491,41556,"building_residential_1_white_FAR.002"
1,492,554076,"AREA_TATSUMI_MAIN2_LOD0.007"
1,493,45412,"building_industrial_low2.005"
1,494,63484,"AREA_TATSUMI_MAIN2_LOD0.008"
1,495,42320,"building_industrial_big1_FAR.004"
1,496,204708,"Steering Wheel 2"
1,497,233792,"OG AREA_1_1 LANE ROAD LOD1.001"
1,498,45412,"building_industrial_low2.003"
1,499,678688,"AREA_TATSUMI_MAIN2_LOD0.010"
1,500,533328,"building_industrial_big2.024"
1,501,36368,"AREA_TATSUMI_MAIN2_LOD0.002"
1,502,4148,"LOD1.054"
1,503,199420,"OG AREA_1_1 LANE ROAD LOD1.006"
1,504,4152,"collider.058"
1,505,182796,"_TATSUMI_MESH FENCE0_LOD0"
1,506,71732,"_TATSUMI_MESH FENCE0_LOD2"
1,507,170216,"_TATSUMI_MESH FENCE0_LOD1"
1,508,356148,"_TATSUMI_MESH FENCE1_LOD0"
1,509,335388,"_TATSUMI_MESH FENCE1_LOD1"
1,510,137436,"_TATSUMI_MESH FENCE1_LOD2"
1,511,293780,"_TATSUMI_MESH FENCE2_LOD0"
1,512,37644,"building_highrise_1.011"
1,513,277248,"_TATSUMI_MESH FENCE2_LOD1"
1,514,2536,"collider.029"
1,515,113032,"_TATSUMI_MESH FENCE2_LOD2"
1,516,35932,"building_highrise_2.002"
1,517,589404,"AREA_TATSUMI_BUILDING LOD0"
1,518,2536,"collider.048"
1,519,437424,"AREA_TATSUMI_BUILDING LOD1"
1,520,311512,"AREA_TATSUMI_BUILDING LOD2"
1,521,461704,"AREA_TATSUMI_R ROAD_LOD0.006"
1,522,23896,"AREA_TATSUMI_R ROAD_LOD0.007"
1,523,42320,"building_industrial_big1_FAR.001"
1,524,206652,"AREA_TATSUMI_R ROAD UNDER CURVE.005"
1,525,422540,"AREA_TATSUMI_MAIN2_LOD0.005"
1,526,533328,"building_industrial_big2.018"
1,527,30076,"AREA_TATSUMI_MAIN2_LOD0.006"
1,528,4152,"collider.053"
1,529,186380,"OG AREA_1_1 LANE ROAD LOD1.047"
1,530,4148,"LOD1.040"
1,531,922732,"AREA1_BIG_ROAD_2"
1,532,314412,"building_industrial_big1.010"
1,533,276716,"AREA1_BIG_ROAD_2.002"
1,534,8352,"collider.059"
1,535,76220,"AREA1_BIG_ROAD_2.001"
1,536,4148,"LOD1.057"
1,537,389944,"AREA_2_SUPPORTS2.002"
1,538,34280,"building_industrial_small2_FAR.001"
1,539,41556,"building_residential_1_white_FAR.001"
1,540,720604,"building_industrial_small1.001"
1,541,3392,"LOD1.022"
1,542,3396,"collider.010"
1,543,716324,"building_industrial_small2.005"
1,544,3396,"collider.043"
1,545,138620,"RIM NISMO LM BLUR"
1,546,3392,"LOD1.042"
1,547,533328,"building_industrial_big2.019"
1,548,4152,"collider.042"
1,549,4148,"LOD1.041"
1,550,314412,"building_industrial_big1.004"
1,551,8352,"collider.034"
1,552,4148,"LOD1.035"
1,553,716324,"building_industrial_small2.004"
1,554,41556,"building_residential_1_dark_FAR.005"
1,555,3392,"LOD1.038"
1,556,41556,"building_residential_1_dark_FAR.004"
1,557,3396,"collider.037"
1,558,35932,"building_highrise_1.014"
1,559,716324,"building_industrial_small2.003"
1,560,2536,"collider.068"
1,561,3396,"collider.036"
1,562,3392,"LOD1.037"
1,563,41556,"building_residential_1_dark_FAR.003"
1,564,533328,"building_industrial_big2.015"
1,565,539952,"building_industrial_big2.032"
1,566,4148,"LOD1.032"
1,567,4152,"collider.064"
1,568,4152,"collider.031"
1,569,4148,"LOD1.069"
1,570,533328,"building_industrial_big2.014"
1,571,45412,"building_industrial_low2.002"
1,572,4152,"collider.030"
1,573,35932,"building_highrise_2.003"
1,574,4148,"LOD1.031"
1,575,2536,"collider.061"
1,576,2139668,"full lod buildings.006"
1,577,45412,"building_industrial_low2.006"
1,578,45412,"building_industrial_low2.010"
1,579,45412,"building_industrial_low2.009"
1,580,1232156,"AREA_TATSUMI_VENDING_LOD0"
1,581,35932,"building_highrise_1.012"
1,582,593312,"AREA_TATSUMI_VENDING_LOD1"
1,583,2536,"collider.039"
1,584,133380,"building_highrise_3.006"
1,585,2536,"collider.051"
1,586,45412,"building_industrial_low2.001"
1,587,176060,".AREA_3_PERMA_ISLAND.001"
1,588,1554816,"building_residential_1_white.007"
1,589,5100,"LOD1.064"
1,590,5120,"building_industrial_big2.028"
1,591,1554816,"building_residential_1_white.006"
1,592,5120,"building_industrial_big2.027"
1,593,5100,"LOD1.063"
1,594,1619752,"building_residential_3_white.003"
1,595,2560,"building_residential_3_white_FAR.002"
1,596,2552,"building_residential_3.013"
1,597,1554816,"building_residential_1_red.012"
1,598,5100,"LOD1.066"
1,599,5120,"building_industrial_big2.030"
1,600,1554816,"building_residential_1_red.011"
1,601,982868,"AREA1_BIG_ROAD_4.004"
1,602,5120,"building_industrial_big2.029"
1,603,439148,"AREA1_BIG_ROAD_4.003"
1,604,5100,"LOD1.065"
1,605,36068,"AREA1_BIG_ROAD_4.005"
1,606,519184,"AREA1_BIG_ROAD_3.003"
1,607,41556,"building_residential_1_dark_FAR.001"
1,608,114260,"AREA1_BIG_ROAD_3.004"
1,609,1078096,"building_residential_4_red.002"
1,610,36068,"AREA1_BIG_ROAD_3.005"
1,611,2532,"LOD1.070"
1,612,2536,"collider.067"
1,613,539952,"building_industrial_big2.048"
1,614,4152,"collider.093"
1,615,4148,"LOD1.103"
1,616,42320,"building_industrial_big1_FAR.009"
1,617,42320,"building_industrial_big1_FAR.010"
1,618,35932,"building_highrise_2.006"
1,619,2536,"collider.096"
1,620,315420,"building_industrial_big1.014"
1,621,8352,"collider.094"
1,622,4148,"LOD1.104"
1,623,315420,"building_industrial_big1.015"
1,624,8352,"collider.095"
1,625,4148,"LOD1.105"
1,626,29240,"Brake_Circuit_blur"
1,627,40276,"building_industrial_low1.017"
1,628,40276,"building_industrial_low1.018"
1,629,45412,"building_industrial_low2.030"
1,630,45412,"building_industrial_low2.031"
1,631,45412,"building_industrial_low2.032"
1,632,1200404,"PERMA_ISLAND"
1,633,2848,"AREA_TATSUMI_2_1"
1,634,2848,"AREA_TATSUMI_2_2"
1,635,2848,"AREA_TATSUMI_1_1"
1,636,2848,"AREA_TATSUMI_1_2"
1,637,687132,".AREA1_OUTSIDE_TRAIN.002"
1,638,260096,".AREA_1_PERMA_ISLAND.004"
1,639,4012,"AREA 1 LOW JUNCTION LIGHT_2"
1,640,4012,"AREA 1 LOW JUNCTION LIGHT_1"
1,641,3613604,"AREA_1_MAIN_COLLIDER"
1,642,844,"warning light"
2,216,203780,"AREA_0_MAIN collider"
2,217,183480,"AREA_1_MAIN_COLLIDER.003"
2,218,176368,"_collider.006"
2,219,125280,"collider.098"
2,220,62876,"AREA_1_MAIN_COLLIDER"
2,221,2368,"AREA_TATSUMI_entrance collider"
2,222,140096,"_colider"
2,223,3750908,"_TUNNEL_OG_3x2_LANE_HIGH_ROOF.003"
2,224,145204,"_LOW_COLLIDER"
2,225,200096,"_TUNNEL_COLLIDER _1.005"
2,226,691016,"AREA_0_MAIN 1.001"
2,227,171840,"_TUNNEL_COLLIDER _1.004"
2,228,77008,"_collider.002"
2,229,4137300,"_TUNNEL_OG_2x2_LANE_HIGH_ROOF.047"
2,230,1968,"Zone Collider NEW.001"
2,231,67092,"collider.097"
2,232,86856,"AREA_1_MAIN_COLLIDER.001"
2,233,90424,"_collider.005"
2,234,1432,"KIBA KOTO CITY"
2,235,46176,".AREA_1_PERMA_ISLAND.001"
2,236,45232,"_collider.004"
2,237,87652,"COLLIDER_LOW.001"
2,238,99672,"_COLLIDER.001"
2,239,163856,"main collider.002"
2,240,85024,"_BRIDGE_COLLIDER"
2,241,137540,"AREA_1_MAIN_COLLIDER.002"
2,242,523748,"AREA_2_DOUBLE_ROAD_1"
2,243,3282368,"_TUNNEL_OG_2x2_LANE_HIGH_ROOF.527"
2,244,106956,"COLLIDER_LOW"
2,245,4684,"Zone Collider NEW"
2,246,686304,"_TUNNEL_OG_2x2_LANE_HIGH_ROOF.528"
2,247,1556,"tunnel_checkpoint"
2,248,162204,"_collider"
2,249,490864,"AREA1_BIG_ROAD_8"
2,250,52608,"_TUNNEL_COLLIDER _1.002"
2,251,82140,"_COLLIDER"
2,252,2436228,"_TUNNEL_OG_2x2_LANE_HIGH_ROOF.522"
2,253,159744,"_colliders"
2,254,1796,"AREA_2.4_COLLIDER"
2,255,1964,"Zone Collider.003"
2,256,3375524,"_TUNNEL_OG_2x2_LANE_HIGH_ROOF.073"
2,257,41336,"main collider.001"
2,258,2360340,"tunnel raycast collider"
2,259,135488,"_TUNNEL_COLLIDER _1.001"
2,260,162348,"_collider.008"
2,261,1864940,".ETC BOOTH LOD0.003"
2,262,118812,"_TUNNEL_COLLIDER _1.003"
2,263,71268,"_HIGH_COLLIDER.001"
2,264,106728,"AREA_0_MAIN collider.001"
2,265,13940,"enter_location_big"
2,266,96072,"AREA_1_MAIN_COLLIDER.008"
2,267,30304,"_collider.033"
2,268,180072,"collider.119"
2,269,404196,"AREA_1_MAIN_COLLIDER.004"
2,270,247548,"_colider.001"
2,271,1724,"ZONE_COLLIDER.003"
2,272,142300,"_HIGH_COLLIDER"
2,273,312548,"_TUNNEL_COLLIDER _1.008"
2,274,85416,"_TUNNEL_COLLIDER _1.006"
2,275,3394800,"_TUNNEL_OG_2x2_LANE_HIGH_ROOF.016"
2,276,146608,"_collider.012"
2,277,2135624,"_TUNNEL_OG_2x2_JUNCTION_JOIN.006"
2,278,2572,"Zone Collider.006"
2,279,14772,"collider.121"
2,280,189300,"AREA_1_MAIN_COLLIDER.021"
2,281,281160,"_collider.023"
2,282,1436,"SHIOHAMA KOTO CITY"
2,283,2940,"Zone Collider.001"
2,284,157816,"_collider.026"
2,285,173344,"COLLIDER_LOW.008"
2,286,85024,"_COLLIDER.002"
2,287,126880,"main collider.009"
2,288,107908,"_BRIDGE_COLLIDER.001"
2,289,125916,"AREA_1_MAIN_COLLIDER.006"
2,290,84000,"COLLIDER_LOW.002"
2,291,1159688,"ROAD_RIGHT/LOW_LANE"
2,292,231856,"_collider.043"
2,293,135792,"_TUNNEL_COLLIDER _1.025"
2,294,87804,"_COLLIDER.004"
2,295,1100,"ZONE_COLLIDER.011"
2,296,169036,"_colliders.001"
2,297,936164,"_HIGH_LANE_MESH.009"
2,298,3655956,"_TUNNEL_OG_2x2_LANE_HIGH_ROOF.133"
2,299,137468,"main collider.003"
2,300,4327128,"_TUNNEL_OG_2x2_LANE_HIGH_ROOF.182"
2,301,107256,"_TUNNEL_COLLIDER _1.015"
2,302,202504,"_collider.009"
2,303,115448,"_TUNNEL_COLLIDER _1.036"
2,304,77484,"_LOW_COLLIDER.001"
2,305,261504,"AREA_0_MAIN collider.002"
2,306,96264,"AREA_1_MAIN_COLLIDER.009"
2,307,101880,"_collider.034"
2,308,98976,"collider.120"
2,309,2808800,"_TUNNEL_OG_3x2_LANE_HIGH_ROOF.001"
2,310,125868,"AREA_1_MAIN_COLLIDER.005"
2,311,126684,"_colider.002"
2,312,145940,"_LOW_COLLIDER.002"
2,313,358784,"_TUNNEL_COLLIDER _1.009"
2,314,119064,"_TUNNEL_COLLIDER _1.007"
2,315,19456,"_collider.013"
2,316,96348,"collider.122"
2,317,154508,"AREA_1_MAIN_COLLIDER.022"
2,318,217744,"_collider.024"
2,319,1436,"EDAGAWA, KOTO CITY"
2,320,2063444,".ETC BOOTH LOD0.002"
2,321,215664,"_collider.027"
2,322,107656,"COLLIDER_LOW.009"
2,323,193924,"_COLLIDER.003"
2,324,176048,"main collider.010"
2,325,217024,"_BRIDGE_COLLIDER.002"
2,326,132696,"AREA_1_MAIN_COLLIDER.007"
2,327,942416,"AREA_2 double single template.012"
2,328,70668,"COLLIDER_LOW.003"
2,329,161752,"_collider.044"
2,330,177360,"_TUNNEL_COLLIDER _1.026"
2,331,203764,"_COLLIDER.005"
2,332,240724,"_colliders.002"
2,333,169540,"main collider.004"
2,334,167460,"_TUNNEL_COLLIDER _1.016"
2,335,201684,"_collider.010"
2,336,173036,"_TUNNEL_COLLIDER _1.037"
2,337,67428,"_HIGH_COLLIDER.004"
2,338,238488,"AREA_0_MAIN collider.003"
2,339,205200,"AREA_1_MAIN_COLLIDER.010"
2,340,182508,"_collider.035"
2,341,75132,"collider.128"
2,342,1868,"ZONE_COLLIDER.008"
2,343,195980,"AREA_1_MAIN_COLLIDER.014"
2,344,230352,"_colider.003"
2,345,126188,"_LOW_COLLIDER.003"
2,346,398308,"AREA_0_JUNCTION LANE 2.003"
2,347,204912,"_TUNNEL_COLLIDER _1.010"
2,348,2137308,"_TUNNEL_OG_3x2_LANE_HIGH_ROOF.007"
2,349,24184,"_collider.014"
2,350,3069024,"_TUNNEL_OG_2x2_LANE_HIGH_ROOF.112"
2,351,119372,"collider.123"
2,352,144888,"AREA_1_MAIN_COLLIDER.023"
2,353,82264,"_collider.025"
2,354,1436,"SHIOMI, KOTO CITY"
2,355,113740,"_collider.028"
2,356,71152,"COLLIDER_LOW.010"
2,357,40468,"_COLLIDER.008"
2,358,119156,"_BRIDGE_COLLIDER.003"
2,359,86040,"AREA_1_MAIN_COLLIDER.025"
2,360,1532,"ZONE_COLLIDER.001"
2,361,88132,"COLLIDER_LOW.004"
2,362,237916,"_collider.045"
2,363,2152380,"_TUNNEL_OG_2x2into3_JUNCTION_SPLIT.002"
2,364,545560,"AREA1_BIG_ROAD_7"
2,365,134828,"_TUNNEL_COLLIDER _1.027"
2,366,77632,"_COLLIDER.006"
2,367,3186864,"_TUNNEL_OG_2x2_LANE_HIGH_ROOF.144"
2,368,192328,"_colliders.003"
2,369,3303032,"_TUNNEL_OG_2x2_LANE_HIGH_ROOF.075"
2,370,195940,"main collider.005"
2,371,151248,"_TUNNEL_COLLIDER _1.017"
2,372,251388,"_collider.011"
2,373,70296,"_HIGH_COLLIDER.005"
2,374,136392,"AREA_0_MAIN collider.004"
2,375,133572,"AREA_1_MAIN_COLLIDER.011"
2,376,27616,"_collider.036"
2,377,150560,"collider.129"
2,378,374624,"AREA_1_MAIN_COLLIDER.015"
2,379,32340,"_colider.004"
2,380,141080,"_HIGH_COLLIDER.002"
2,381,129732,"_TUNNEL_COLLIDER _1.011"
2,382,2032608,"_TUNNEL_OG_2x2_LANE_HIGH_ROOF.018"
2,383,20752,"_collider.015"
2,384,90192,"collider.124"
2,385,115872,"AREA_1_MAIN_COLLIDER.024"
2,386,1436,"ARIAKE, KOTO CITY"
2,387,160420,"_collider.029"
2,388,86824,"COLLIDER_LOW.011"
2,389,29608,"_COLLIDER.009"
2,390,96404,"_BRIDGE_COLLIDER.004"
2,391,138668,"AREA_1_MAIN_COLLIDER.026"
2,392,1385160,"AREA_2 double single template.008"
2,393,107100,"COLLIDER_LOW.005"
2,394,179928,".AREA_5_PERMA_ISLAND.002"
2,395,178864,"_collider.046"
2,396,24888,"_TUNNEL_COLLIDER _1.028"
2,397,115792,"_COLLIDER.007"
2,398,1289680,"_HIGH_LANE_MESH.010"
2,399,4829396,"_TUNNEL_OG_2x2_LANE_HIGH_ROOF.135"
2,400,127112,"main collider.006"
2,401,3641112,"_TUNNEL_OG_2x2_LANE_HIGH_ROOF.184"
2,402,32352,"_TUNNEL_COLLIDER _1.018"
2,403,697596,".AREA_2_PERMA_ISLAND.002"
2,404,83184,"_HIGH_COLLIDER.006"
2,405,199800,"AREA_0_MAIN collider.005"
2,406,1724,"ZONE_COLLIDER.006"
2,407,159936,"AREA_1_MAIN_COLLIDER.012"
2,408,33184,"_collider.037"
2,409,109080,"collider.130"
2,410,152280,"AREA_1_MAIN_COLLIDER.016"
2,411,28260,"_colider.005"
2,412,138116,"_HIGH_COLLIDER.003"
2,413,115464,"_TUNNEL_COLLIDER _1.012"
2,414,34384,"_collider.016"
2,415,113988,"collider.125"
2,416,1436,"SHINONOME, KOTO CITY"
2,417,55012,"_collider.030"
2,418,94192,"COLLIDER_LOW.012"
2,419,22840,"_COLLIDER.010"
2,420,172360,"_BRIDGE_COLLIDER.005"
2,421,145152,"AREA_1_MAIN_COLLIDER.027"
2,422,515076,"AREA_2 double single template.004"
2,423,1484,"ZONE_COLLIDER.007"
2,424,129000,"COLLIDER_LOW.006"
2,425,1681772,"ROAD_LEFT/HIGH_LANE"
2,426,23544,"_TUNNEL_COLLIDER _1.029"
2,427,66196,"_COLLIDER.019"
2,428,3777912,"_TUNNEL_OG_2x2_LANE_HIGH_ROOF.145"
2,429,177124,"main collider.007"
2,430,25536,"_TUNNEL_COLLIDER _1.019"
2,431,66800,"_LOW_COLLIDER.004"
2,432,1532,"ZONE_COLLIDER.009"
2,433,232104,"AREA_0_MAIN collider.006"
2,434,210392,"AREA_1_MAIN_COLLIDER.013"
2,435,155304,"_collider.038"
2,436,69096,"collider.131"
2,437,101112,"AREA_1_MAIN_COLLIDER.017"
2,438,30996,"_colider.006"
2,439,413652,"AREA_0_JUNCTION LANE 1-0.003"
2,440,58176,"_TUNNEL_COLLIDER _1.013"
2,441,26920,"_collider.017"
2,442,3434280,"_TUNNEL_OG_2x2_LANE_HIGH_ROOF.114"
2,443,65720,"collider.126"
2,444,38464,"_collider.031"
2,445,109468,"COLLIDER_LOW.013"
2,446,83920,"_COLLIDER.011"
2,447,111068,"_BRIDGE_COLLIDER.006"
2,448,189720,"COLLIDER_LOW.007"
2,449,29616,"_TUNNEL_COLLIDER _1.030"
2,450,115516,"_COLLIDER.020"
2,451,3520952,"_TUNNEL_OG_2x2_LANE_HIGH_ROOF.077"
2,452,72260,"main collider.008"
2,453,28272,"_TUNNEL_COLLIDER _1.020"
2,454,60696,"_LOW_COLLIDER.005"
2,455,4166292,"_TUNNEL_OG_2x2_LANE_HIGH_ROOF.524"
2,456,182712,"AREA_0_MAIN collider.007"
2,457,141424,"_collider.039"
2,458,3494868,"_TUNNEL_OG_3x2_LANE_HIGH_ROOF.1517"
2,459,139212,"AREA_1_MAIN_COLLIDER.018"
2,460,22836,"_colider.007"
2,461,111468,"_TUNNEL_COLLIDER _1.014"
2,462,1868,"ZONE_COLLIDER.004"
2,463,2234700,"_TUNNEL_OG_2x2_LANE_HIGH_ROOF.020"
2,464,34228,"_collider.018"
2,465,15636,"collider.127"
2,466,2884,"YUMENOSHIMA PARK, KOTO CITY"
2,467,50704,"_collider.032"
2,468,74512,"_COLLIDER.012"
2,469,118376,"_BRIDGE_COLLIDER.007"
2,470,1448900,"AREA_2 double single template.005"
2,471,3726436,"_TUNNEL_OG_2x2_JUNCTION_JOIN.001"
2,472,101612,"_TUNNEL_COLLIDER _1.031"
2,473,111352,"_COLLIDER.021"
2,474,4106412,"_TUNNEL_OG_2x2_LANE_HIGH_ROOF.146"
2,475,544012,"_LOW_LANE_MESH.009"
2,476,4534404,"_TUNNEL_OG_2x2_LANE_HIGH_ROOF.136"
2,477,3987948,"_TUNNEL_OG_2x2_LANE_HIGH_ROOF.186"
2,478,153072,"_TUNNEL_COLLIDER _1.021"
2,479,87804,"_LOW_COLLIDER.006"
2,480,243408,"AREA_0_MAIN collider.008"
2,481,41200,"_collider.040"
2,482,80808,"AREA_1_MAIN_COLLIDER.019"
2,483,23484,"_colider.008"
2,484,166056,"_collider.019"
2,485,32628,"collider.132"
2,486,2148,"TATSUMI, KOTO CITY"
2,487,412748,".DUAL LANE LOD0.011"
2,488,62868,"_COLLIDER.013"
2,489,80336,"_BRIDGE_COLLIDER.008"
2,490,1063320,"AREA_2 double single template.003"
2,491,1242020,"ROAD_LEFT/HIGH_LANE.014"
2,492,22152,"_TUNNEL_COLLIDER _1.032"
2,493,82360,"_COLLIDER.022"
2,494,29616,"_TUNNEL_COLLIDER _1.022"
2,495,165192,"AREA_0_MAIN collider.009"
2,496,27616,"_collider.041"
2,497,3564924,"_TUNNEL_OG_3x2_LANE_HIGH_ROOF.1518"
2,498,97440,"AREA_1_MAIN_COLLIDER.020"
2,499,35076,"_colider.009"
2,500,5497944,"_TUNNEL_OG_3x2_LANE_HIGH_ROOF.1508"
2,501,895152,"AREA_0_MAIN.014"
2,502,4499024,"_TUNNEL_OG_3x2_LANE_HIGH_ROOF.1499"
2,503,29608,"_collider.020"
2,504,3306636,"_TUNNEL_OG_2x2_LANE_HIGH_ROOF.116"
2,505,2056,"ZONE_COLLIDER"
2,506,1888,"SHINSUNA, EDOGAWA CITY"
2,507,85024,"_COLLIDER.014"
2,508,111620,"_BRIDGE_COLLIDER.009"
2,509,784148,"AREA_2 double single template.002"
2,510,1524096,"_TUNNEL_OG_2x2_JUNCTION_JOIN.1898"
2,511,374584,"_LOW_MESH.010"
2,512,26232,"_TUNNEL_COLLIDER _1.033"
2,513,79324,"_COLLIDER.023"
2,514,4743408,"_TUNNEL_OG_2x2_LANE_HIGH_ROOF.147"
2,515,3615168,"_TUNNEL_OG_2x2_LANE_HIGH_ROOF.079"
2,516,433016,"AREA1_BIG_ROAD_12"
2,517,30624,"_TUNNEL_COLLIDER _1.023"
2,518,288024,"AREA_0_MAIN collider.010"
2,519,27568,"_collider.042"
2,520,31644,"_colider.010"
2,521,2013492,"_TUNNEL_OG_2x2_LANE_HIGH_ROOF.022"
2,522,24184,"_collider.021"
2,523,1444,"ARAKAWA BRIDGE, EDOGAWA CITY"
2,524,216256,"_COLLIDER.015"
2,525,88244,"_BRIDGE_COLLIDER.010"
2,526,1040876,"AREA_2 double single template.001"
2,527,122292,"_TUNNEL_COLLIDER _1.034"
2,528,96076,"_COLLIDER.024"
2,529,773648,"_LOW_LANE_MESH.010"
2,530,3446424,"_TUNNEL_OG_2x2_LANE_HIGH_ROOF.138"
2,531,3970716,"_TUNNEL_OG_2x2_LANE_HIGH_ROOF.188"
2,532,193808,"_TUNNEL_COLLIDER _1.024"
2,533,154068,"AREA_0_MAIN collider.011"
2,534,4126772,"_TUNNEL_OG_3x2_LANE_HIGH_ROOF.1519"
2,535,241716,"_colider.011"
2,536,3192216,"_TUNNEL_OG_3x2_LANE_HIGH_ROOF.1509"
2,537,4439664,"_TUNNEL_OG_3x2_LANE_HIGH_ROOF.1500"
2,538,72544,"_collider.022"
2,539,1976,"SHIOHAMA NORTH TUNNEL, KOTO CITY"
2,540,556408,".DUAL LANE LOD0.010"
2,541,59916,"_COLLIDER.016"
2,542,815772,"AREA_2 double single template.007"
2,543,3060332,"_TUNNEL_OG_2x2_JUNCTION_JOIN.1899"
2,544,910716,"ROAD_LEFT/HIGH_LANE.015"
2,545,2564,"ZONE_COLLIDER.005"
2,546,31008,"_TUNNEL_COLLIDER _1.035"
2,547,135652,"_COLLIDER.025"
2,548,3418220,"_TUNNEL_OG_2x2_LANE_HIGH_ROOF.2140"
2,549,613912,"AREA_0_MAIN.012"
2,550,3689616,"_TUNNEL_OG_2x2_LANE_HIGH_ROOF.119"
2,551,1976,"SHIOHAMA SOUTH TUNNEL, KOTO CITY"
2,552,144468,"_COLLIDER.017"
2,553,1222680,"AREA_2 double single template.009"
2,554,1020712,"_LOW_MESH.011"
2,555,86428,"_COLLIDER.026"
2,556,3108492,"_TUNNEL_OG_2x2_LANE_HIGH_ROOF.081"
2,557,3654120,"_TUNNEL_OG_3x2_LANE_HIGH_ROOF.1520"
2,558,3509952,"_TUNNEL_OG_3x2_LANE_HIGH_ROOF.1510"
2,559,3059772,"_TUNNEL_OG_3x2_LANE_HIGH_ROOF.1501"
2,560,4532,"KOTO CITY TUNNEL, KOTO CITY"
2,561,45952,"_COLLIDER.018"
2,562,3152456,"_TUNNEL_OG_2x2_JUNCTION_JOIN.1900"
2,563,78256,"_COLLIDER.027"
2,564,394776,"_collider.007"
2,565,850996,"_HIGH_LANE_MESH.008"
2,566,3969336,"_TUNNEL_OG_2x2_LANE_HIGH_ROOF.190"
2,567,1436,"TOMIOKA KOTO CITY"
2,568,320000,".DUAL LANE LOD0.009"
2,569,1560116,"ROAD_RIGHT/LOW_LANE.025"
2,570,70408,"_COLLIDER.028"
2,571,390108,"full lod.008"
2,572,2157236,".ETC BOOTH LOD0  NEW WIDER.002"
2,573,1889024,"_TUNNEL_OG_2x2_JUNCTION_JOIN.004"
2,574,4741692,"_TUNNEL_OG_3x2_LANE_HIGH_ROOF.1521"
2,575,4200768,"_TUNNEL_OG_3x2_LANE_HIGH_ROOF.1511"
2,576,765816,"AREA_0_MAIN.001"
2,577,4811676,"_TUNNEL_OG_3x2_LANE_HIGH_ROOF.1502"
2,578,1432,"TOYOSU KOTO CITY"
2,579,3934092,"_TUNNEL_OG_2x2_JUNCTION_JOIN.1901"
2,580,1147648,"_LOW_MESH.012"
2,581,74512,"_COLLIDER.029"
2,582,3460452,"_TUNNEL_OG_2x2_LANE_HIGH_ROOF.083"
2,583,1052444,"AREA1_BIG_ROAD_11"
2,584,4012,"AREA_0_MAIN.024 LIGHTING 1"
2,585,1816,"CHUO CITY EAST TUNNEL, CHUO CITY"
2,586,95152,"_COLLIDER.030"
2,587,745592,"_LOW_LANE_MESH.008"
2,588,3809652,"_TUNNEL_OG_2x2_LANE_HIGH_ROOF.192"
2,589,4138052,"_TUNNEL_OG_2x2_JUNCTION_JOIN.1905"
2,590,3175340,"_TUNNEL_OG_3x2_LANE_HIGH_ROOF.1522"
2,591,4321128,"_TUNNEL_OG_3x2_LANE_HIGH_ROOF.1512"
2,592,4012,"AREA_0_MAIN.024 LIGHTING 0"
2,593,3750720,"_TUNNEL_OG_3x2_LANE_HIGH_ROOF.1503"
2,594,2588,"SUMIDA CONNECTION NORTH, KOTO CITY"
2,595,357112,".DUAL LANE LOD0.008"
2,596,4050284,"_TUNNEL_OG_2x2_JUNCTION_JOIN.1902"
2,597,1090824,"ROAD_RIGHT/LOW_LANE.027"
2,598,44344,"_COLLIDER.031"
2,599,2428,"SUMIDA CONNECTION SOUTH, KOTO CITY"
2,600,545992,"AREA1_BIG_ROAD_9"
2,601,1181824,"_LOW_MESH.013"
2,602,94144,"_COLLIDER.032"
2,603,3811188,"_TUNNEL_OG_2x2_LANE_HIGH_ROOF.085"
2,604,1533236,"AREA1_BIG_ROAD_10"
2,605,930672,"ROAD_LEFT/HIGH_LANE.007"
2,606,3658212,"_TUNNEL_OG_2x2_JUNCTION_JOIN.1906"
2,607,4668324,"_TUNNEL_OG_2x2_LANE_HIGH_ROOF.140"
2,608,4502376,"_TUNNEL_OG_3x2_LANE_HIGH_ROOF.1513"
2,609,806620,"._2_LANE_OG.002"
2,610,5304144,"_TUNNEL_OG_3x2_LANE_HIGH_ROOF.1504"
2,611,2355744,"_TUNNEL_OG_2x2_LANE_HIGH_ROOF.028"
2,612,2668,"CHUO CITY EAST TUNNEL, CHUO CITY.001"
2,613,1722684,"_TUNNEL_OG_2x2_LANE_HIGH_ROOF.2127"
2,614,4559348,"_TUNNEL_OG_2x2_JUNCTION_JOIN.1903"
2,615,36424,"_COLLIDER.033"
2,616,4131264,"_TUNNEL_OG_2x2_LANE_HIGH_ROOF.194"
2,617,1628,"ZONE_COLLIDER.010"
2,618,1243144,"AREA_0_MAIN.003"
2,619,516428,".DUAL LANE LOD0.007"
2,620,1244,"AREA_2,6_COLLIDER"
2,621,35728,"_COLLIDER.034"
2,622,3577992,"_TUNNEL_OG_2x2_JUNCTION_JOIN.1907"
2,623,4264308,"_TUNNEL_OG_2x2_LANE_HIGH_ROOF.142"
2,624,4389612,"_TUNNEL_OG_3x2_LANE_HIGH_ROOF.1514"
2,625,212076,"AREA_0_PERMA_ISLAND.005"
2,626,4699860,"_TUNNEL_OG_3x2_LANE_HIGH_ROOF.1505"
2,627,446264,"_AREA3.1_ROAD_0.028"
2,628,2426652,"_TUNNEL_OG_2x2_LANE_HIGH_ROOF.2128"
2,629,4290432,"_TUNNEL_OG_2x2_JUNCTION_JOIN.1904"
2,630,1085860,"_LOW_MESH.014"
2,631,26224,"_COLLIDER.035"
2,632,2160784,".ETC BOOTH LOD0  NEW WIDER"
2,633,3651912,"_TUNNEL_OG_2x2_LANE_HIGH_ROOF.087"
2,634,119516,"AREA_3_ENTRY_L_ROAD_LOD0.030"
2,635,501112,"AREA_3_SUPPORTS2.001"
2,636,58072,"_COLLIDER.036"
2,637,2449860,"_TUNNEL_OG_2x2_LANE_HIGH_ROOF.196"
2,638,3953036,"_TUNNEL_OG_2x2_JUNCTION_JOIN.1908"
2,639,702520,"_collider.001"
2,640,3914160,"_TUNNEL_OG_3x2_LANE_HIGH_ROOF.1515"
2,641,898900,"AREA_0_MAIN.006"
2,642,2333412,"_TUNNEL_OG_3x2_LANE_HIGH_ROOF.1506"
2,643,523940,".DUAL LANE LOD0.006"
2,644,2461968,"_TUNNEL_OG_2x2_LANE_HIGH_ROOF.2129"
2,645,609112,"_collider.003"
2,646,38464,"_COLLIDER.037"
2,647,706144,"FULL LOD"
2,648,530864,"_AREA3.1_ROAD_0.027"
2,649,578216,"full lod.005"
2,650,477748,"_LOW_MESH.015"
2,651,35776,"_COLLIDER.038"
2,652,2280288,"_TUNNEL_OG_2x2_LANE_HIGH_ROOF.089"
2,653,3366816,"_TUNNEL_OG_2x2_JUNCTION_JOIN.1909"
2,654,2723040,"_TUNNEL_OG_3x2_LANE_HIGH_ROOF.1516"
2,655,5480952,"_TUNNEL_OG_3x2_LANE_HIGH_ROOF.1507"
2,656,3684404,"_TUNNEL_OG_2x2_JUNCTION_JOIN.1921"
2,657,2426544,"_TUNNEL_OG_2x2_LANE_HIGH_ROOF.2130"
2,658,8128,"LIGHTS_1_1.001"
2,659,46192,"_COLLIDER.039"
2,660,2228172,"_TUNNEL_OG_2x2_LANE_HIGH_ROOF.148"
2,661,3463100,"_TUNNEL_OG_2x2_LANE_HIGH_ROOF.198"
2,662,827332,"._2_LANE_OG.005"
2,663,801236,"AREA_0_MAIN 1.003"
2,664,501944,"AREA_2 double single template.019"
2,665,8128,"LIGHTS_1_2.001"
2,666,72040,"_COLLIDER.040"
2,667,2973992,"_TUNNEL_OG_2x2_JUNCTION_JOIN.1910"
2,668,3372744,"_TUNNEL_OG_2x2_JUNCTION_JOIN.1922"
2,669,660224,"_AREA3.1_ROAD_0.026"
2,670,2420688,"_TUNNEL_OG_2x2_LANE_HIGH_ROOF.2131"
2,671,401104,"_LOW_MESH.016"
2,672,87424,"_COLLIDER.041"
2,673,3562992,"_TUNNEL_OG_2x2_LANE_HIGH_ROOF.004"
2,674,2235852,"_TUNNEL_OG_2x2_LANE_HIGH_ROOF.091"
2,675,589836,"AREA_TATSUMI_EXIT_R_ROAD_LOD0.006"
2,676,858912,"full lod.003"
2,677,859308,"full lod.002"
2,678,130884,"_COLLIDER.042"
2,679,2276652,"_TUNNEL_OG_2x2_LANE_HIGH_ROOF.150"
2,680,461992,"AREA_0_JUNCTION LANE 2.016"
2,681,2589876,"_TUNNEL_OG_2x2_JUNCTION_JOIN.1911"
2,682,951712,"AREA_0_MAIN.010"
2,683,3333408,"_TUNNEL_OG_2x2_JUNCTION_JOIN.1923"
2,684,784952,"AREA_2 double single template.021"
2,685,2859252,"_TUNNEL_OG_2x2_LANE_HIGH_ROOF.2132"
2,686,2711136,"_TUNNEL_OG_2x2_LANE_HIGH_ROOF.2141"
2,687,81480,"_COLLIDER.043"
2,688,2218956,"_TUNNEL_OG_2x2_LANE_HIGH_ROOF.2112"
2,689,936020,"_AREA3.1_ROAD_0.025"
2,690,4999696,"_TUNNEL_OG_2x2into3_JUNCTION_SPLIT.983"
2,691,647720,"AREA_3_ENTRY_L_ROAD_LOD0.036"
2,692,408232,"_LOW_MESH.017"
2,693,102000,"_COLLIDER.044"
2,694,2212380,"_TUNNEL_OG_2x2_LANE_HIGH_ROOF.093"
2,695,1931688,"_TUNNEL_OG_2x2_JUNCTION_JOIN.1912"
2,696,1029764,"AREA_0 FULL LOD.001"
2,697,2983976,"_TUNNEL_OG_2x2_JUNCTION_JOIN.1924"
2,698,2900808,"_TUNNEL_OG_2x2_LANE_HIGH_ROOF.2133"
2,699,2436828,"_TUNNEL_OG_2x2_LANE_HIGH_ROOF.2142"
2,700,135856,"_COLLIDER.045"
2,701,2246424,"_TUNNEL_OG_2x2_LANE_HIGH_ROOF.152"
2,702,1008520,"AREA_0_JUNCTION LANE 2.015"
2,703,2135748,"_TUNNEL_OG_2x2_LANE_HIGH_ROOF.2113"
2,704,295332,"AREA_TATSUMI_MAIN2_LOD0.003"
2,705,1100960,"AREA_2 double single template.020"
2,706,5736808,"_TUNNEL_OG_2x2into3_JUNCTION_SPLIT.982"
2,707,2452212,"_TUNNEL_OG_2x2_JUNCTION_JOIN.1913"
2,708,3389592,"_TUNNEL_OG_2x2_JUNCTION_JOIN.1925"
2,709,1169300,"_AREA3.1_ROAD_0.024"
2,710,1930896,"_TUNNEL_OG_2x2_LANE_HIGH_ROOF.2134"
2,711,3143484,"_TUNNEL_OG_2x2_LANE_HIGH_ROOF.2143"
2,712,655052,"AREA_3_ENTRY_L_ROAD_LOD0.034"
2,713,402184,"_LOW_MESH.018"
2,714,3935256,"_TUNNEL_OG_2x2_LANE_HIGH_ROOF.095"
2,715,402356,"_AREA3_ROAD_0.003"
2,716,2745696,"_TUNNEL_OG_2x2_LANE_HIGH_ROOF.2114"
2,717,3020756,"_TUNNEL_OG_2x2_LANE_HIGH_ROOF.037"
2,718,6228108,"_TUNNEL_OG_2x2into3_JUNCTION_SPLIT.984"
2,719,1055520,"ROAD_TUNNEL ENTER/EXIT"
2,720,810936,"AREA_0_JUNCTION LANE 2.013"
2,721,2321820,"_TUNNEL_OG_2x2_JUNCTION_JOIN.1914"
2,722,282356,"AREA_TATSUMI_R ROAD_LOD0"
2,723,3472032,"_TUNNEL_OG_2x2_JUNCTION_JOIN.1926"
2,724,1034576,"AREA_2 double single template.024"
2,725,1809732,"_TUNNEL_OG_2x2_LANE_HIGH_ROOF.2135"
2,726,2335044,"_TUNNEL_OG_2x2_LANE_HIGH_ROOF.2144"
2,727,2613312,"_TUNNEL_OG_2x2_LANE_HIGH_ROOF.2115"
2,728,1090940,"_AREA3.1_ROAD_0.023"
2,729,5158048,"_TUNNEL_OG_2x2into3_JUNCTION_SPLIT.985"
2,730,400272,"AREA_3_ENTRY_L_ROAD_LOD0.032"
2,731,793084,"_HIGH_MESH.009"
2,732,1011924,"ROAD_TUNNEL ENTER/EXIT.002"
2,733,2230824,"_TUNNEL_OG_2x2_LANE_HIGH_ROOF.097"
2,734,1075436,".AREA1 FULL LOD.003"
2,735,2681928,"_TUNNEL_OG_2x2_JUNCTION_JOIN.1915"
2,736,3470628,"_TUNNEL_OG_2x2_JUNCTION_JOIN.1927"
2,737,3328128,"_TUNNEL_OG_2x2_LANE_HIGH_ROOF.2136"
2,738,233460,"full lod.009"
2,739,2357172,"_TUNNEL_OG_2x2_LANE_HIGH_ROOF.158"
2,740,612888,"AREA_0_JUNCTION LANE 2.011"
2,741,2584944,"_TUNNEL_OG_2x2_LANE_HIGH_ROOF.2116"
2,742,1019832,"._2_LANE_OG.008"
2,743,609532,"AREA1_BIG_ROAD_1"
2,744,258608,"ROAD_RIGHT/LOW_LANE.032"
2,745,2708608,"_TUNNEL_OG_2x2into3_JUNCTION_SPLIT.986"
2,746,739220,"ROAD_LEFT/HIGH_LANE.002"
2,747,2779848,"_TUNNEL_OG_2x2_JUNCTION_JOIN.1916"
2,748,6524,"zone collider.001"
2,749,3020748,"_TUNNEL_OG_2x2_JUNCTION_JOIN.1928"
2,750,757900,".DUAL LANE LOD0.003"
2,751,559444,"_AREA3.1_ROAD_0.022"
2,752,4988036,"_TUNNEL_OG_2x2_LANE_HIGH_ROOF.2137"
2,753,1183360,"_HIGH_MESH.010"
2,754,2273784,"_TUNNEL_OG_2x2_LANE_HIGH_ROOF.099"
2,755,2586420,"_TUNNEL_OG_2x2_LANE_HIGH_ROOF.2117"
2,756,980424,"._2_LANE_OG.010"
2,757,2579104,"_TUNNEL_OG_2x2into3_JUNCTION_SPLIT.987"
2,758,1171324,".3 LANE DARK CENTER CONCRETE.006"
2,759,1135692,"ROAD_LEFT/HIGH_LANE.003"
2,760,2204880,"_TUNNEL_OG_2x2_LANE_HIGH_ROOF.160"
2,761,274812,"AREA_0_JUNCTION LANE 2.009"
2,762,2749212,"_TUNNEL_OG_2x2_JUNCTION_JOIN.1917"
2,763,319492,"AREA_0_JUNCTION LANE 2.005"
2,764,3416096,"_TUNNEL_OG_2x2_JUNCTION_JOIN.1929"
2,765,4507752,"_TUNNEL_OG_2x2_LANE_HIGH_ROOF.2138"
2,766,2804832,"_TUNNEL_OG_2x2_LANE_HIGH_ROOF.2118"
2,767,719892,"._2_LANE_OG.011"
2,768,613544,"_AREA3.1_ROAD_0.021"
2,769,2412580,"_TUNNEL_OG_2x2into3_JUNCTION_SPLIT.988"
2,770,1164220,"_HIGH_MESH.011"
2,771,1789328,"ROAD_LEFT/HIGH_LANE.004"
2,772,3001860,"_TUNNEL_OG_2x2_JUNCTION_JOIN.1918"
2,773,2564576,"_TUNNEL_OG_2x2_JUNCTION_JOIN.1930"
2,774,4105692,"_TUNNEL_OG_2x2_LANE_HIGH_ROOF.2139"
2,775,920168,".3 LANE DARK CENTER CONCRETE.002"
2,776,2332884,"_TUNNEL_OG_2x2_LANE_HIGH_ROOF.162"
2,777,568876,"AREA_0_JUNCTION LANE 2.007"
2,778,2738664,"_TUNNEL_OG_2x2_LANE_HIGH_ROOF.2119"
2,779,762912,"._2_LANE_OG.012"
2,780,202328,"AREA_0_JUNCTION LANE 1-0.005"
2,781,2430184,"_TUNNEL_OG_2x2into3_JUNCTION_SPLIT.989"
2,782,898980,"ROAD_RIGHT/LOW_LANE.002"
2,783,2055996,"_TUNNEL_OG_2x2_JUNCTION_JOIN.1919"
2,784,2782704,"_TUNNEL_OG_2x2_JUNCTION_JOIN.1931"
2,785,1185664,"_HIGH_MESH.012"
2,786,2767500,"_TUNNEL_OG_2x2_LANE_HIGH_ROOF.2120"
2,787,706924,"._2_LANE_OG.013"
2,788,818280,"full lod.007"
2,789,2393464,"_TUNNEL_OG_2x2into3_JUNCTION_SPLIT.990"
2,790,982232,"ROAD_RIGHT/LOW_LANE.004"
2,791,2297496,"_TUNNEL_OG_2x2_LANE_HIGH_ROOF.164"
2,792,743764,"AREA_0_JUNCTION LANE 3.020"
2,793,1723152,"_TUNNEL_OG_2x2_JUNCTION_JOIN.1920"
2,794,789992,"AREA_0_MAIN 1.005"
2,795,2763828,"_TUNNEL_OG_2x2_JUNCTION_JOIN.1932"
2,796,8124,"LIGHTS_1_1"
2,797,2491860,"_TUNNEL_OG_2x2_LANE_HIGH_ROOF.105"
2,798,2498976,"_TUNNEL_OG_2x2_LANE_HIGH_ROOF.2121"
2,799,870016,"._2_LANE_OG.014"
2,800,8124,"LIGHTS_1_2"
2,801,1508260,"_TUNNEL_OG_2x2into3_JUNCTION_SPLIT.991"
2,802,1017364,"_HIGH_MESH.013"
2,803,1247880,"ROAD_RIGHT/LOW_LANE.007"
2,804,1180212,"ROAD_LEFT/HIGH_LANE.009"
2,805,2470140,"_TUNNEL_OG_2x2_LANE_HIGH_ROOF.030"
2,806,2804868,"_TUNNEL_OG_2x2_JUNCTION_JOIN.1933"
2,807,276648,"AREA_3_SUPPORTS2.002"
2,808,1223428,"AREA_0_JUNCTION LANE 3.017"
2,809,3884796,"_TUNNEL_OG_2x2_LANE_HIGH_ROOF.2122"
2,810,1051140,"full lod.010"
2,811,1204360,"._2_LANE_OG.015"
2,812,2965340,".AREA1 FULL LOD.002"
2,813,1514524,"_TUNNEL_OG_2x2into3_JUNCTION_SPLIT.992"
2,814,1144832,"ROAD_RIGHT/LOW_LANE.009"
2,815,141900,".AREA1_OUTSIDE_TRAIN.003"
2,816,1349004,"ROAD_LEFT/HIGH_LANE.010"
2,817,8128,"LIGHT_1_1.007"
2,818,1964,"Zone Collider.004"
2,819,1836924,"_TUNNEL_OG_2x2_JUNCTION_JOIN.1934"
2,820,457156,"_HIGH_MESH.014"
2,821,615628,"_HIGH_MESH.018"
2,822,856,"AREA_TATSUMI2_TUNNEL REVERB"
2,823,2830860,"_TUNNEL_OG_2x2_LANE_HIGH_ROOF.2123"
2,824,8128,"LIGHT_2_1.002"
2,825,1280388,"._2_LANE_OG.016"
2,826,2797080,"_TUNNEL_OG_2x2_LANE_HIGH_ROOF.031"
2,827,4373776,"_TUNNEL_OG_2x2into3_JUNCTION_SPLIT.993"
2,828,2025216,"_TUNNEL_OG_2x2_LANE_HIGH_ROOF.170"
2,829,1782036,"ROAD_LEFT/HIGH_LANE.011"
2,830,1295380,"AREA_0_JUNCTION LANE 3.015"
2,831,8128,"LIGHT_2_2.003"
2,832,2092680,"_TUNNEL_OG_2x2_JUNCTION_JOIN.1935"
2,833,375320,".3 LANE DARK CENTER CONCRETE.003"
2,834,4718384,"_TUNNEL_OG_2x2_LANE_HIGH_ROOF.2124"
2,835,8128,"LIGHT_1_2.007"
2,836,1276716,"._2_LANE_OG.017"
2,837,562868,"_AREA3.1_ROAD_0.017"
2,838,3926860,"_TUNNEL_OG_2x2into3_JUNCTION_SPLIT.994"
2,839,476080,"_HIGH_MESH.015"
2,840,842100,"_HIGH_MESH.019"
2,841,1557204,"ROAD_LEFT/HIGH_LANE.012"
2,842,2240220,"_TUNNEL_OG_2x2_LANE_HIGH_ROOF.033"
2,843,2296824,"_TUNNEL_OG_2x2_JUNCTION_JOIN.1936"
2,844,2230596,"_TUNNEL_OG_2x2_LANE_HIGH_ROOF.218"
2,845,1455172,"AREA_0_JUNCTION LANE 3.013"
2,846,4364880,"_TUNNEL_OG_2x2_LANE_HIGH_ROOF.2125"
2,847,1131940,"._2_LANE_OG.018"
2,848,2497576,"_TUNNEL_OG_2x2into3_JUNCTION_SPLIT.995"
2,849,342904,".3 LANE DARK CENTER CONCRETE.008"
2,850,1504704,"ROAD_LEFT/HIGH_LANE.013"
2,851,2572716,"_TUNNEL_OG_2x2_JUNCTION_JOIN.1937"
2,852,1124312,"_AREA3.1_ROAD_0.016"
2,853,476080,"_HIGH_MESH.016"
2,854,828120,"_HIGH_MESH.020"
2,855,6284,"zone collider.003"
2,856,3847904,"_TUNNEL_OG_2x2_LANE_HIGH_ROOF.2126"
2,857,777648,"._2_LANE_OG.019"
2,858,4126844,"_TUNNEL_OG_2x2_LANE_HIGH_ROOF.039"
2,859,2631424,"_TUNNEL_OG_2x2into3_JUNCTION_SPLIT.996"
2,860,1643844,"_TUNNEL_OG_2x2_LANE_HIGH_ROOF.026"
2,861,1286560,"AREA_0_JUNCTION LANE 3.011"
2,862,2494620,"_TUNNEL_OG_2x2_JUNCTION_JOIN.1938"
2,863,342592,".3 LANE DARK CENTER CONCRETE.019"
2,864,4320,"LIGHT_1_1.009"
2,865,1109684,"_AREA3.1_ROAD_0.015"
2,866,2422744,"_TUNNEL_OG_2x2into3_JUNCTION_SPLIT.997"
2,867,475648,"_HIGH_MESH.017"
2,868,1133220,"_HIGH_MESH.021"
2,869,1054380,"full lod.006"
2,870,4320,"LIGHT_1_2.009"
2,871,4337144,"_TUNNEL_OG_2x2_LANE_HIGH_ROOF.041"
2,872,2715456,"_TUNNEL_OG_2x2_JUNCTION_JOIN.1939"
2,873,3282884,".AREA1 FULL LOD.001"
2,874,1985112,"_TUNNEL_OG_2x2_LANE_HIGH_ROOF.035"
2,875,2337948,"_TUNNEL_OG_2x2_LANE_HIGH_ROOF.176"
2,876,525628,"AREA_0_JUNCTION LANE 3.009"
2,877,8128,"LIGHT_1_1.006"
2,878,2554864,"_TUNNEL_OG_2x2into3_JUNCTION_SPLIT.998"
2,879,384580,".3 LANE DARK CENTER CONCRETE.028"
2,880,1293704,"ROAD_RIGHT/LOW_LANE.011"
2,881,8128,"LIGHT_1_2.006"
2,882,2569536,"_TUNNEL_OG_2x2_JUNCTION_JOIN.1940"
2,883,539420,"_AREA3.1_ROAD_0.014"
2,884,67920,"_LOW_FLASHING LIGHTS_1_1"
2,885,1302724,"_HIGH_MESH.022"
2,886,2860896,"_TUNNEL_OG_2x2_LANE_HIGH_ROOF.043"
2,887,2439472,"_TUNNEL_OG_2x2into3_JUNCTION_SPLIT.999"
2,888,67920,"_LOW_FLASHING LIGHTS_1_2"
2,889,2034084,"_TUNNEL_OG_2x2_LANE_HIGH_ROOF.055"
2,890,2102532,"_TUNNEL_OG_2x2_LANE_HIGH_ROOF.178"
2,891,1209528,"ROAD_RIGHT/LOW_LANE.013"
2,892,445432,"AREA_0_JUNCTION LANE 3.007"
2,893,2542236,"_TUNNEL_OG_2x2_JUNCTION_JOIN.1941"
2,894,63748,"_HIGH_FLASHING LIGHTS_1_1"
2,895,355172,".3 LANE DARK CENTER CONCRETE.030"
2,896,6308,"zone collider.004"
2,897,536872,"_AREA3.1_ROAD_0.013"
2,898,3359944,"_TUNNEL_OG_2x2into3_JUNCTION_SPLIT.1000"
2,899,812592,"AREA_TATSUMI_EXIT_R_ROAD_LOD0.011"
2,900,63748,"_HIGH_FLASHING LIGHTS_1_2"
2,901,666108,"_HIGH_MESH.023"
2,902,1431212,"ROAD_RIGHT/LOW_LANE.015"
2,903,2162544,"_TUNNEL_OG_2x2_LANE_HIGH_ROOF.154"
2,904,3394988,"_TUNNEL_OG_2x2_LANE_HIGH_ROOF.045"
2,905,197432,"AREA_3_SUPPORTS2.004"
2,906,2574768,"_TUNNEL_OG_2x2_LANE_HIGH_ROOF.069"
2,907,350932,"AREA_0_JUNCTION LANE 3.005"
2,908,1321380,"FULL LOD.001"
2,909,3304132,"_TUNNEL_OG_2x2into3_JUNCTION_SPLIT.1001"
2,910,293660,".AREA_5_PERMA_ISLAND.003"
2,911,342704,".3 LANE DARK CENTER CONCRETE.031"
2,912,1457672,"ROAD_RIGHT/LOW_LANE.017"
2,913,8128,"LIGHT_1_1.005"
2,914,515560,"_AREA3.1_ROAD_0.012"
2,915,717492,"AREA_TATSUMI_EXIT_R_ROAD_LOD0.008"
2,916,1432,"zone collider_7"
2,917,561180,"_LOW_MESH"
2,918,2388384,"_TUNNEL_OG_2x2_LANE_HIGH_ROOF.166"
2,919,2092620,"_TUNNEL_OG_2x2_LANE_HIGH_ROOF.049"
2,920,8128,"LIGHT_1_2.005"
2,921,2050204,"_TUNNEL_OG_2x2into3_JUNCTION_SPLIT.1002"
2,922,3014780,"_TUNNEL_OG_2x2_LANE_HIGH_ROOF.071"
2,923,4456,"zone collider"
2,924,637004,"ROAD_RIGHT/LOW_LANE.019"
2,925,444224,"AREA_0_JUNCTION LANE 4.017"
2,926,8128,"LIGHT_2_1.005"
2,927,570424,".3 LANE DARK CENTER CONCRETE.032"
2,928,3875144,"_TUNNEL_OG_2x2_LANE_HIGH_ROOF.120"
2,929,8128,"LIGHT_2_2.002"
2,930,468752,"_AREA3.1_ROAD_0.011"
2,931,1619128,"_TUNNEL_OG_2x2into3_JUNCTION_SPLIT.1003"
2,932,1018004,"AREA_7_LOD"
2,933,372636,"_HIGH_MESH"
2,934,1522692,"ROAD_RIGHT/LOW_LANE.021"
2,935,1514256,"_TUNNEL_OG_2x2_LANE_HIGH_ROOF.172"
2,936,2461764,"_TUNNEL_OG_2x2_LANE_HIGH_ROOF.051"
2,937,171932,"AREA_3_SUPPORTS2.005"
2,938,443844,"AREA_0_JUNCTION LANE 4.015"
2,939,2321880,"_TUNNEL_OG_2x2into3_JUNCTION_SPLIT.1004"
2,940,282252,"AREA_3_SUPPORTS2.006"
2,941,1965672,"_TUNNEL_OG_2x2_LANE_HIGH_ROOF.024"
2,942,613456,".3 LANE DARK CENTER CONCRETE.033"
2,943,3831384,"_TUNNEL_OG_2x2_LANE_HIGH_ROOF.122"
2,944,1101776,"ROAD_RIGHT/LOW_LANE.023"
2,945,899192,"_AREA3.1_ROAD_0.010"
2,946,410824,"_LOW_MESH.019"
2,947,1482528,"_TUNNEL_OG_2x2_LANE_HIGH_ROOF.174"
2,948,2220492,"_TUNNEL_OG_2x2_LANE_HIGH_ROOF.053"
2,949,4012,"AREA 1 LOW JUNCTION LIGHT_1"
2,950,545020,"AREA_0_JUNCTION LANE 4.013"
2,951,1550472,"full lod.004"
2,952,4012,"AREA 1 LOW JUNCTION LIGHT_2"
2,953,8128,"LIGHT_1_1.004"
2,954,419144,".3 LANE DARK CENTER CONCRETE.034"
2,955,3880884,"_TUNNEL_OG_2x2_LANE_HIGH_ROOF.124"
2,956,283296,".AREA1_OUTSIDE_TRAIN.001"
2,957,339824,"_AREA3.1_ROAD_0.009"
2,958,8668,"LIGHT_1_1.008"
2,959,511276,"_LOW_MESH.020"
2,960,11876,"TUNNEL_COLLIDER.001"
2,961,8128,"LIGHT_1_2.004"
2,962,4154556,"_TUNNEL_OG_2x2_LANE_HIGH_ROOF.180"
2,963,2864,"AREA_TATSUMI_ENTRANCE1_LIGHT_1"
2,964,2365896,"_TUNNEL_OG_2x2_LANE_HIGH_ROOF.057"
2,965,1563900,"full lod.001"
2,966,10180,"LIGHT_2_1.003"
2,967,2228976,"_TUNNEL_OG_2x2_LANE_HIGH_ROOF.517"
2,968,660360,"AREA_0_JUNCTION LANE 4.011"
2,969,2864,"AREA_TATSUMI_ENTRANCE1_LIGHT_2"
2,970,8668,"LIGHT_1_2.008"
2,971,413344,".3 LANE DARK CENTER CONCRETE.035"
2,972,3107304,"_TUNNEL_OG_2x2_LANE_HIGH_ROOF.126"
2,973,374348,"ROAD_RIGHT/LOW_LANE.029"
2,974,578120,"_AREA3.1_ROAD_0.008"
2,975,10180,"LIGHT_2_2.004"
2,976,685000,"_LOW_MESH.021"
2,977,2290716,"_TUNNEL_OG_2x2_LANE_HIGH_ROOF.059"
2,978,8124,"LIGHT_1_1"
2,979,505580,"AREA_0_JUNCTION LANE 4.009"
2,980,1298168,"AREA_2 double single template.015"
2,981,465284,".3 LANE DARK CENTER CONCRETE.036"
2,982,3286620,"_TUNNEL_OG_2x2_LANE_HIGH_ROOF.128"
2,983,8124,"LIGHT_1_2"
2,984,649148,"_AREA3.1_ROAD_0.007"
2,985,599296,"_LOW_MESH.022"
2,986,507584,"ROAD_RIGHT/LOW_LANE.034"
2,987,2055260,"_TUNNEL_OG_2x2_LANE_HIGH_ROOF.482"
2,988,5156,"zone collider.002"
2,989,1952064,"_TUNNEL_OG_2x2_LANE_HIGH_ROOF.065"
2,990,261260,"AREA_0_JUNCTION LANE 4.007"
2,991,3996,"LIGHT_0_1"
2,992,3818856,"_TUNNEL_OG_2x2_LANE_HIGH_ROOF.130"
2,993,643652,"_AREA3.1_ROAD_0.006"
2,994,904824,"AREA_2 double single template.011"
2,995,67924,"_HIGH_FLASHING LIGHTS_2_1"
2,996,3996,"LIGHT_0_0"
2,997,8136,"ROAD_RIGHT/LOW_LANE 1_1"
2,998,2319636,"_TUNNEL_OG_2x2_LANE_HIGH_ROOF.067"
2,999,67924,"_HIGH_FLASHING LIGHTS_2_2"
2,1000,8136,"ROAD_RIGHT/LOW_LANE 1_2"
2,1001,227084,"AREA_0_JUNCTION LANE 4.005"
2,1002,45648,"_LOW_FLASHING LIGHTS_2_1"
2,1003,2126952,"_TUNNEL_OG_2x2_LANE_HIGH_ROOF.156"
2,1004,9216,"ROAD_LEFT/HIGH_LANE 2_1"
2,1005,910724,"_AREA3.1_ROAD_0.005"
2,1006,66708,"_LOW_FLASHING LIGHTS_2_2"
2,1007,9216,"ROAD_LEFT/HIGH_LANE 2_2"
2,1008,29564,"_HIGH_LANE_MESH 2_1"
2,1009,331396,"AREA_0_JUNCTION LANE 4.000"
2,1010,8128,"LIGHT_1_1.002"
2,1011,2243340,"_TUNNEL_OG_2x2_LANE_HIGH_ROOF.168"
2,1012,30428,"_LOW_LANE_MESH 1_1"
2,1013,8128,"LIGHT_1_2.002"
2,1014,838168,"_AREA3.1_ROAD_0.004"
2,1015,30428,"_LOW_LANE_MESH 1_2"
2,1016,8128,"LIGHT_2_1.001"
2,1017,1436,"zone collider_6.001"
2,1018,29564,"_HIGH_LANE_MESH 2_2"
2,1019,289660,"AREA_0_JUNCTION LANE 4.003"
2,1020,8128,"LIGHT_2_2.001"
2,1021,352400,"bridge_2"
2,1022,112604,"LOW CURVE LIGHTS 1_2"
2,1023,2502576,"_TUNNEL_OG_2x2_LANE_HIGH_ROOF.516"
2,1024,893744,"_AREA3.1_ROAD_0.003"
2,1025,352400,"bridge_1"
2,1026,8128,"LIGHT_1_1.001"
2,1027,112604,"LOW CURVE LIGHTS 2_2"
2,1028,3168408,"_TUNNEL_OG_2x2_LANE_HIGH_ROOF.009"
2,1029,8128,"LIGHT_1_2.001"
2,1030,123828,"HIGH CURVE LIGHTS 1_2"
2,1031,836616,"AREA_0_JUNCTION UPPER MERGE 1.001"
2,1032,8124,"LIGHT_2_1"
2,1033,123828,"HIGH CURVE LIGHTS 2_2"
2,1034,8124,"LIGHT_2_2"
2,1035,2184,"AREA_2.5_COLLIDER.001"
2,1036,2846244,"_TUNNEL_OG_2x2_LANE_HIGH_ROOF.012"
2,1037,857384,"AREA_2 double single template.000"
2,1038,1632,"collider_trigger_1.005"
2,1039,119560,".AREA_2_PERMA_ISLAND.001"
2,1040,282624,"AREA_0_JUNCTION LANE 1-0.025"
2,1041,1632,"collider_trigger_1.006"
2,1042,1632,"collider_trigger_1.007"
2,1043,2479152,"_TUNNEL_OG_2x2_LANE_HIGH_ROOF.014"
2,1044,1632,"collider_trigger_1.008"
2,1045,355908,"AREA_0_JUNCTION LANE 1-0.023"
2,1046,8144,"_LOW_ENTRY_FLASHING_LIGHTS_1_1"
2,1047,8144,"_LOW_ENTRY_FLASHING_LIGHTS_1_2"
2,1048,235580,"AREA_2_SUPPORTS2.000"
2,1049,486964,"AREA_0_JUNCTION LANE 1-0.021"
2,1050,8236,"LIGHT_1_1.003"
2,1051,864728,".3 LANE DARK CENTER CONCRETE.009"
2,1052,8236,"LIGHT_1_2.003"
2,1053,2881372,".AREA1 FULL LOD"
2,1054,773020,"AREA_0_JUNCTION LANE 1-0.019"
2,1055,902528,".3 LANE DARK CENTER CONCRETE.011"
2,1056,776916,"AREA_0_JUNCTION LANE 1-0.017"
2,1057,913324,".3 LANE DARK CENTER CONCRETE.013"
2,1058,886880,"AREA_0_JUNCTION LANE 1-0.015"
2,1059,847300,".3 LANE DARK CENTER CONCRETE.015"
2,1060,518628,"AREA_0_JUNCTION LANE 1-0.013"
2,1061,1025404,".3 LANE DARK CENTER CONCRETE.017"
2,1062,310300,"AREA_0_JUNCTION LANE 1-0.011"
2,1063,311712,".AREA_6_PERMA_ISLAND.001"
2,1064,63116,"bridge_1_LOD"
2,1065,65120,"bridge_2_LOD"
2,1066,227612,"AREA_0_JUNCTION LANE 1-0.009"
2,1067,1856004,"_AREA_6_LOD"
2,1068,749552,".3 LANE DARK CENTER CONCRETE.020"
2,1069,730280,".3 LANE DARK CENTER CONCRETE.022"
2,1070,227612,"AREA_0_JUNCTION LANE 1-0.007"
2,1071,729608,".3 LANE DARK CENTER CONCRETE.024"
2,1072,639684,"AREA_0_MAIN.023"
2,1073,730008,".3 LANE DARK CENTER CONCRETE.026"
2,1074,357180,".AREA1_OUTSIDE_TRAIN.002"
2,1075,260852,".AREA_1_PERMA_ISLAND.004"
2,1076,990028,"AREA_0_MAIN.021"
2,1077,1014708,"AREA_0_MAIN.019"
2,1078,8124,"_AREA3_5_1"
2,1079,8124,"_AREA3_5_0"
2,1080,1068024,"AREA_0_MAIN.017"
2,1081,62400,"AREA_TATSUMI_EXIT_L_1"
2,1082,1039436,"_AREA3.1_ROAD_0.001"
2,1083,62400,"AREA_TATSUMI_EXIT_L_2"
2,1084,76444,"AREA_TATSUMI_R_EXIT_LIGHT_1"
2,1085,957224,"AREA_0_MAIN 1.013"
2,1086,76444,"AREA_TATSUMI_R_EXIT_LIGHT_2"
2,1087,1022108,"_AREA3.1_ROAD_0.002"
2,1088,40160,"AREA_3_EXIT_L_ROAD_LIGHTS_LIT"
2,1089,55712,"AREA_3_EXIT_L_ROAD_LIGHTS_UNLIT"
2,1090,655008,"AREA_0_MAIN 1.011"
2,1091,39056,"AREA_3_EXIT_R_ROAD_LIGHTS_LIT"
2,1092,39056,"AREA_3_EXIT_R_ROAD_LIGHTS_UNLIT"
2,1093,2848,"AREA_TATSUMI_2_1"
2,1094,1009688,"AREA_0_MAIN 1.009"
2,1095,2848,"AREA_TATSUMI_2_2"
2,1096,581236,"_AREA3_ROAD_0.014"
2,1097,2848,"AREA_TATSUMI_1_1"
2,1098,2848,"AREA_TATSUMI_1_2"
2,1099,1086188,"AREA_0_MAIN 1.007"
2,1100,10556,"SUPPORTS STEEL WHITE NEW.002"
2,1101,413236,"_AREA3_ROAD_0.013"
2,1102,407524,"AREA_0_JUNCTION LANE 3-3"
2,1103,788540,"_AREA3_ROAD_0.012"
2,1104,528116,"AREA_0_MAIN.002"
2,1105,709244,"_AREA3_ROAD_0.011"
2,1106,116776,"TUNNEL_COLLIDER"
2,1107,385776,"AREA_0_JUNCTION LANE 3"
2,1108,183272,"AREA_3_SUPPORTS2.003"
2,1109,745340,"_AREA3_ROAD_0.010"
2,1110,425160,"AREA_0_JUNCTION LANE 2"
2,1111,670828,"_AREA3_ROAD_0.009"
2,1112,3299076,"AREA_0 FULL LOD"
2,1113,705728,"_AREA3_ROAD_0.008"
2,1114,1960,"zone collider_4"
2,1115,1916440,"AREA_0_CROSSBRIDGE_LOD0.002"
2,1116,897312,"_LOW_MESH.000"
2,1117,193024,"AREA_0_CROSSBRIDGE_LOD1.002"
2,1118,1692916,"AREA_0_CROSSBRIDGE_LOD0.001"
2,1119,652156,"_AREA3_ROAD_0.007"
2,1120,180244,"AREA_0_CROSSBRIDGE_LOD1.001"
2,1121,57516,"AREA_0_JUNCTION LANE 1-0 LIGHTING 0"
2,1122,57516,"AREA_0_JUNCTION LANE 1-0 LIGHTING 1"
2,1123,750752,"_AREA3_ROAD_0.006"
2,1124,3013152,"AREA_0_CROSSBRIDGE_LOD0"
2,1125,256260,"AREA_0_CROSSBRIDGE_LOD1"
2,1126,700344,"_LOW_MESH.001"
2,1127,904436,"_AREA3_ROAD_0.005"
2,1128,79980,"AREA_0_JUNCTION LANE 3 LIGHTING 1"
2,1129,79980,"AREA_0_JUNCTION LANE 3 LIGHTING 0"
2,1130,511624,"_LOW_MESH.002"
2,1131,729644,"_AREA3_ROAD_0.004"
2,1132,73696,"AREA_0_PERMA_ISLAND"
2,1133,2140884,"AREA_0_MAIN_SPLIT 2.002"
2,1134,755292,"_LOW_MESH.003"
2,1135,1000,".Zone Collider"
2,1136,485268,"_LOW_MESH.004"
2,1137,916288,"_AREA3_ROAD_0.002"
2,1138,497908,"_LOW_MESH.005"
2,1139,1028308,"_AREA3_ROAD_0.001"
2,1140,386956,"_LOW_MESH.006"
2,1141,410876,"ROAD_SUPPORTS"
2,1142,456724,"_LOW_MESH.007"
2,1143,2496072,"_TUNNEL_OG_2x2_LANE_HIGH_ROOF.210"
2,1144,348140,"_HIGH_LANE_MESH.001"
2,1145,476080,"_LOW_MESH.008"
2,1146,2426436,"_TUNNEL_OG_2x2_LANE_HIGH_ROOF.212"
2,1147,1436,"zone collider_3.0"
2,1148,487988,"_HIGH_LANE_MESH.002"
2,1149,502552,"_LOW_MESH.009"
2,1150,18684,"AREA_3_SUPPORTS2.000"
2,1151,2248092,"_TUNNEL_OG_2x2_LANE_HIGH_ROOF.214"
2,1152,770128,"_HIGH_LANE_MESH.003"
2,1153,570180,"_HIGH_MESH.001"
2,1154,2183304,"_TUNNEL_OG_2x2_LANE_HIGH_ROOF.216"
2,1155,540296,"_HIGH_LANE_MESH.004"
2,1156,1028064,"_HIGH_MESH.002"
2,1157,25248,"_TUNNEL COLLIDER MAIN"
2,1158,414000,"_TUNNEL_OG_2x2_LANE_HIGH_ROOF.222"
2,1159,1006820,"_HIGH_LANE_MESH.005"
2,1160,781824,"_TUNNEL_OG_2x2_LANE_HIGH_ROOF.223"
2,1161,632244,"_HIGH_MESH.003"
2,1162,772100,"_HIGH_LANE_MESH.006"
2,1163,571848,"_HIGH_MESH.004"
2,1164,2576140,"AREA_3_TUNNEL"
2,1165,735224,"_HIGH_LANE_MESH.007"
2,1166,2191512,"_TUNNEL_OG_2x2_LANE_HIGH_ROOF.220"
2,1167,560028,"_HIGH_MESH.005"
2,1168,2549020,"AREA_3_TUNNEL.002"
2,1169,1428204,"_TUNNEL_OG_2x2_LANE_HIGH_ROOF.101"
2,1170,579816,"_HIGH_MESH.006"
2,1171,1721440,"AREA_3_TUNNEL.004"
2,1172,2193456,"_TUNNEL_OG_2x2_LANE_HIGH_ROOF.107"
2,1173,579816,"_HIGH_MESH.007"
2,1174,1632296,"AREA_3_TUNNEL.006"
2,1175,2001152,"AREA_3_TUNNEL.007"
2,1176,1769076,"_TUNNEL_OG_2x2_LANE_HIGH_ROOF.110"
2,1177,856044,"_HIGH_MESH.008"
2,1178,5724644,"full map.002"
2,1179,518240,"_LOW_LANE_MESH.001"
2,1180,1432,"zone collider_5"
2,1181,724816,"_AREA3.1_ROAD_0.035"
2,1182,1128124,"_LOW_LANE_MESH.002"
2,1183,486972,"_TUNNEL_OG_2x2_LANE_HIGH_ROOF.103"
2,1184,2071740,"AREA_5_BIG_LOD"
2,1185,379804,"_LOW_LANE_MESH.003"
2,1186,349328,"AREA_3_SUPPORTS2.007"
2,1187,381004,"_LOW_LANE_MESH.004"
2,1188,446596,"_LOW_LANE_MESH.005"
2,1189,496144,"_LOW_LANE_MESH.006"
2,1190,323636,".AREA_4_PERMA_ISLAND"
2,1191,483976,"_LOW_LANE_MESH.007"
2,1192,2121300,"_TUNNEL_OG_2x2_LANE_HIGH_ROOF.104"
2,1193,2954808,"_TUNNEL_OG_2x2_LANE_HIGH_ROOF.481"
2,1194,3663816,"_TUNNEL_OG_2x2_LANE_HIGH_ROOF.484"
2,1195,2629392,"_TUNNEL_OG_2x2_LANE_HIGH_ROOF.486"
2,1196,913256,"_TUNNEL_OG_2x2_LANE_HIGH_ROOF.488"
2,1197,1758420,"_TUNNEL_OG_2x2_LANE_HIGH_ROOF.490"
2,1198,58548,"_HIGH_LANE_LIGHTS_1_1"
2,1199,893156,"_TUNNEL_OG_2x2_LANE_HIGH_ROOF.492"
2,1200,58548,"_HIGH_LANE_LIGHTS_1_2"
2,1201,58544,"_LOW_LANE_LIGHTS_1_1"
2,1202,818088,"_TUNNEL_OG_2x2_LANE_HIGH_ROOF.494"
2,1203,58544,"_LOW_LANE_LIGHTS_1_2"
2,1204,14884,"_FLASHING_WARNING_LIGHT_2_1"
2,1205,14884,"_FLASHING_WARNING_LIGHT_2_2"
2,1206,1092792,"_TUNNEL_OG_2x2_LANE_HIGH_ROOF.497"
2,1207,14888,"_FLASHING_WARNING_LIGHT_1_1.002"
2,1208,14888,"_FLASHING_WARNING_LIGHT_1_2.002"
2,1209,8828,"AREA_2.3_COLLIDER"
2,1210,821064,"_TUNNEL_OG_2x2_LANE_HIGH_ROOF.499"
2,1211,1305776,"_TUNNEL_OG_2x2_LANE_HIGH_ROOF.501"
2,1212,1393100,"_TUNNEL_OG_2x2_LANE_HIGH_ROOF.503"
2,1213,3158400,"_TUNNEL_OG_2x2_LANE_HIGH_ROOF.505"
2,1214,3116076,"_TUNNEL_OG_2x2_LANE_HIGH_ROOF.507"
2,1215,313196,".DUAL LANE JUNCTION.019"
2,1216,3153756,"_TUNNEL_OG_2x2_LANE_HIGH_ROOF.509"
2,1217,998360,"_TUNNEL_OG_2x2_LANE_HIGH_ROOF.001"
2,1218,2149464,"_TUNNEL_OG_2x2_LANE_HIGH_ROOF.061"
2,1219,1755456,"_TUNNEL_OG_2x2_LANE_HIGH_ROOF.511"
2,1220,3450348,"_TUNNEL_OG_2x2_LANE_HIGH_ROOF.513"
2,1221,703736,"ROAD_SUPPORTS.001"
2,1222,8124,"_AREA4_7_1"
2,1223,8124,"_AREA4_4_1"
2,1224,15708,"_AREA4_3_1"
2,1225,15708,"_AREA4_3_0"
2,1226,28932,"_AREA4_2_1"
2,1227,28932,"_AREA4_2_0"
2,1228,45636,"_AREA4_0_0"
2,1229,4185452,"full lod"
2,1230,201764,".DUAL LANE LOD0.002"
2,1231,45636,"_AREA4_0_1"
2,1232,8124,"_AREA4_4_0"
2,1233,8124,"_AREA4_7_0"
2,1234,551800,".PLAYER_GARAGE"
2,1235,61596,"_AREA4_8_0"
2,1236,1252,"GARAGE_DOOR"
2,1237,61596,"_AREA4_8_1"
2,1238,1573248,"_TUNNEL_OG_2x2_LANE_HIGH_ROOF.06666"
2,1239,51396,"_AREA4_9_0"
2,1240,51396,"_AREA4_9_1"
2,1241,596564,"AREA_3_SUPPORTS2.008"
2,1242,222368,"AREA_3_SUPPORTS2.009"
2,1243,186580,"AREA_3_SUPPORTS2.010"
2,1244,8340,"_AREA_4_10_0"
2,1245,8340,"_AREA_4_10_1"
2,1246,506348,".AREA_1_PERMA_ISLAND.002"
2,1247,1438808,".DUAL LANE JUNCTION.014"
2,1248,403472,"ROAD_SUPPORTS.003"
2,1249,712908,"_TUNNEL_OG_2x2_LANE_HIGH_ROOF.519"
3,112,11540,"enter_location_small"
3,113,24276,"Door Prototype"
3,114,198772,"SEAT Red Racing Plastic"
3,115,4116,"Glow Plate"
3,116,53968,"BOX"
3,117,23712,"Door Stock"
3,118,119108,"TIRE Round1 170/0/16"
3,119,4116,"S13 Plate"
3,120,2332,"collider_storage_1"
3,121,391304,"MONEY"
3,122,8268,"Small Street"
3,123,180940,"SSR Star Sharks 170/-1/16"
3,124,85992,"VENDING_LOD0"
3,125,4116,"Window Plate"
3,126,11392,"collider_main_player"
3,127,83100,"outside_walls.001"
3,128,12292,"Small Race"
3,129,286892,"RIM SSR Mesh 170/0/16"
3,130,40448,"VENDING_LOD1"
3,131,16124,"collider_main_cars"
3,132,96220,"outside_roofBeams"
3,133,54732,"__CAM FRONT"
3,134,12296,"Small Prototype"
3,135,120740,"RIM Watas 170/-1/16"
3,136,85352,"Cube.003"
3,137,27300,"Ratchet Tool"
3,138,80764,"outside_wallBeams"
3,139,8268,"Small Stock"
3,140,121652,"RIM Watas 170/0/16"
3,141,938620,"TIRE_CIRCUIT_ROUND_PRO2.006"
3,142,54732,"__CAM REAR"
3,143,452,"6bae4f505802e6142fecfda60027357b(Clone)"
3,144,12300,"Short Fat Prototype"
3,145,144716,"SSR 6 Spoke 160/-1/16"
3,146,85352,"Cube.004"
3,147,2364,"SHELL_FLOOR"
3,148,12296,"Short Fat Race"
3,149,144256,"SSR 6 Spoke 160/0/16"
3,150,858712,"TIRE_CIRCUIT_ROUND_PRO2.003"
3,151,8272,"Short Fat Street"
3,152,166924,"RIM AA3A 170/-1/16"
3,153,8272,"Short Fat Stock"
3,154,165632,"RIM AA3A 170/0/16"
3,155,85352,"Cube.008"
3,156,452,"80dbe15a416354086dec34de93288efe(Clone)"
3,157,12692,"Short Skinny Proto"
3,158,474332,"RIM MeisterS1 170/-1/18"
3,159,99512,"Cube.010"
3,160,12692,"Short Skinny Race"
3,161,472496,"RIM MeisterS1 170/0/18"
3,162,2064,"PROP_Banners/Stickers.001"
3,163,9140,"Short Skinny Street"
3,164,485024,"RIM MeisterS1 170/-2/18"
3,165,40564,"PROP_WORKSTATION VICE.003"
3,166,9140,"Short Skinny Stock"
3,167,485456,"RIM MeisterS1 170/-3/18"
3,168,85352,"Cube.006"
3,169,452,"1a55f9052b5093e8adcb2e78f2b01c4e(Clone)"
3,170,15552,"Tall Skinny Proto"
3,171,118896,"TIRE Round1 170/0/18 "
3,172,15548,"Tall Skinny Race"
3,173,83376,"TIRE Stretch1 170/0/18"
3,174,85352,"Cube.007"
3,175,10844,"Tall Skinny Street"
3,176,465028,"RIM VSKF 170/0/18"
3,177,12208,"Tall Skinny Stock"
3,178,470536,"RIM VSKF 170/-1/18"
3,179,85352,"Cube.005"
3,180,4424,"Small Street.001"
3,181,465028,"RIM VSKF 170/-3/18"
3,182,144680,"PROP_LIGHT EXT BENCH"
3,183,4424,"Small Stock.001"
3,184,467944,"RIM VSKF 170/-2/18"
3,185,4428,"Short Fat Street.001"
3,186,62640,"SEAT Dark Basic Modern"
3,187,71192,"Cube.016"
3,188,4428,"Short Fat Stock.001"
3,189,204856,"Steering Wheel 2"
3,190,4164,"roof"
3,191,3960,"Short Skinny Street.001"
3,192,178292,"Steering Wheel 1"
3,193,2268,"INSIDE_FLOOR"
3,194,3960,"Short Skinny Stock.001"
3,195,250496,"Cube.003"
3,196,124428,"PROP_SHELVES5.003"
3,197,126488,"PROP_SHELVES5"
3,198,780,"INSIDE_ROOF"
3,199,5848,"Tall Skinny Street.001"
3,200,96972,"Cube.001"
3,201,124428,"PROP_SHELVES5.001"
3,202,3424,"OUTSIDE_FLOOR"
3,203,452,"92fb6d919e10c226d95dc3b7c1f67e6c(Clone)"
3,204,7624,"Tall Skinny Stock.001"
3,205,87984,"nis_silviak_92_cockpit_seatL_cloth_"
3,206,115932,"PROP_SHELVES5.002"
3,207,9604,"INSIDE_LIGHTS"
3,208,91152,"Gear Stick 1"
3,209,77188,"TIRE_CIRCUIT_ROUND_PRO2.005"
3,210,8404,"OUTSIDE_WALLS"
3,211,48344,"HANDBRAKE_SUB1"
3,212,290092,"TIRE_CIRCUIT_ROUND_PRO2.008"
3,213,89864,"OUTSIDE_CONTAINERS"
3,214,135108,"NOS Twin Bottle Generic 2"
3,215,290092,"TIRE_CIRCUIT_ROUND_PRO2.009"
3,216,49524,"OUTSIDE_CCTV"
3,217,97604,"Cube.002"
3,218,214204,"TIRE_CIRCUIT_ROUND_PRO2.010"
3,219,6456,"OUTSIDE_ROOF"
3,220,31796,"NOS Bottle OG"
3,221,85352,"Cube.017"
3,222,22644,"OUTSIDE DOOR"
3,223,85352,"Cube.018"
3,224,16928,"OUTSIDE_2ND BUILDING"
3,225,452,"80dbe15a416354086dec34de93288efe(Clone)"
3,226,85352,"Cube.019"
3,227,6532,"OUTSIDE_lightOFF"
3,228,85352,"Cube.020"
3,229,6532,"OUTSIDE_lightON"
3,230,85352,"Cube.021"
3,231,55216,"INSIDE_CURBS.001"
3,232,177164,"PROP_COFFE TABLE"
3,233,32272,"INSIDE_WALLS.001"
3,234,14340,"roof_lights"
3,235,250016,"_SEAT_DRIVER_PRIDA_BLACK_FADE"
3,236,148204,"INSIDE_DESK"
3,237,200696,"_SEAT_PASSENGER_NOS"
3,238,956,"INSIDE_monitorSCREEN"
3,239,53232,"_SEAT_PASSENGER_NOS.001"
3,240,63116,"PROP_OFFICE CHAIR"
3,241,452,"f716153cf12337cea72676c1f40b08a8(Clone)"
3,242,53232,"_SEAT_PASSENGER_NOS.002"
3,243,2168,"INSIDE_CABINETS.001"
3,244,6016,"INSIDE_CURBS.002"
3,245,137432,"_fire extinguisher.002"
3,246,233052,"PROP_TABLE WOOD2"
3,247,2080,"INSIDE_OFFICE WALLS"
3,248,452,"9ba4b259430743582ba17b7e66bcb11f(Clone)"
3,249,636,"INSIDE_FRONTDOOR"
3,250,452,"6bae4f505802e6142fecfda60027357b(Clone)"
3,251,58072,"Brake_Circuit"
3,252,62004,"PROP_ENGINE_LIFT"
3,253,452,"0330df6c2d0bb7a60e53f2f0957f7e57(Clone)"
3,254,628,"Cube.010"
3,255,472988,"RIM Adavan Super Racing"
3,256,100220,"PROP_PALLET1"
3,257,336448,"RIM VOLK TE37"
3,258,115932,"PROP_SHELVES5.004"
3,259,70076,"PROP_LIGHTS BRIGHT"
3,260,336452,"RIM VOLK TE37.001"
3,261,67120,"SHELL_BARRIER"
3,262,336452,"RIM VOLK TE37.002"
3,263,62636,"PROP_BARREL1.001"
3,264,472992,"RIM Adavan Super Racing.001"
3,265,43808,"PROP_CABINET BLUE.001"
3,266,452,"1340f5f9452d09ae6a624b35bc4ce04a(Clone)"
3,267,189600,"PROP_TOOLBOX BIG RED1.001"
3,268,452,"3485c0fc30d16b7ce719058bea24037b(Clone)"
3,269,180412,"Proto Brake_red.001"
3,270,404,"PROP_TABLE GREY1.003"
3,271,452,"6bae4f505802e6142fecfda60027357b(Clone)"
3,272,81116,"PROP_WORKSTATION BIG.001"
3,273,85352,"Cube.022"
3,274,290092,"TIRE_CIRCUIT_ROUND_PRO2.011"
3,275,239796,"_SEAT_DRIVER_PRIDA_BLACK_FADE.001"
3,276,99512,"Cube.023"
3,277,214204,"TIRE_CIRCUIT_ROUND_PRO2.012"
3,278,8180,"box.005"
3,279,214204,"TIRE_CIRCUIT_ROUND_PRO2.013"
3,280,25540,"SHELL_DOOR GUIDES"
3,281,158608,"TIRE_CIRCUIT_ROUND_PRO2.014"
3,282,5584,"box.003"
3,283,1176548,"SHELL_DOOR/OFFICE"
3,284,38540,"SHELL_STAIRS"
3,285,77416,"SHELL_UPPER LEVEL"
3,286,948232,"TIRE_STOCK_ROUND_PRO2.003"
3,287,452,"7cbc86f6036c14e462b25b5ff6e4313f(Clone)"
3,288,452,"58c5568a6a808ab8af729b4787d70328(Clone)"
3,289,949312,"TIRE_STOCK_ROUND_PRO2.001"
3,290,935812,"TIRE_STOCK_ROUND_PRO2.002"
3,291,17132,"outside_walls.002"
3,292,948340,"TIRE_STOCK_ROUND_PRO2.004"
3,293,228780,"Cylinder.001"
3,294,30764,"Stock Brake Caliper"
3,295,192844,"PROP_CONSOLE_TV"
3,296,452,"e581fa68e36b925702069f0d0f7b3583(Clone)"
3,297,75988,"wires_console"
3,298,1248724,"TIRE_STOCK_ROUND_PRO2.005"
3,299,452,"db204d770ff3e276336b9a6abfb86b51(Clone)"
3,300,41212,"PROP_TOOLBOX GREY SMALL.001"
3,301,452,"2a36422e2c7af8ae1ddb3600a084590d(Clone)"
3,302,1256392,"TIRE_STOCK_ROUND_PRO2.006"
3,303,126492,"PROP_SHELVES5.001"
3,304,126492,"PROP_SHELVES5.002"
3,305,600812,"TIRE_TOP.006"
3,306,29664,"Brake_Proto"
3,307,126492,"PROP_SHELVES5.003"
3,308,273028,"TIRE_STOCK_ROUND_PRO2.007"
3,309,126492,"PROP_SHELVES5.004"
3,310,22728,"Brake_Stock"
3,311,560172,"RIM NISMO LM"
3,312,452,"3b3948aed18cd59db7dc7eb3093ef29f(Clone)"
3,313,441956,"RIM Adavan Super Racing"
3,314,1252396,"TIRE_STOCK_ROUND_PRO2.008"
3,315,318928,"RIM VOLK TE37"
3,316,201080,"RIM Watas Traditional"
3,317,119200,"TIRE_STOCK_CHASER_TRAFFIC_LOD1"
3,318,452,"064e71751900815ca0ad82269e9ec5d0(Clone)"
3,319,272596,"TIRE_STOCK_ROUND_PRO2.009"
3,320,272596,"TIRE_STOCK_ROUND_PRO2.010"
3,321,272704,"TIRE_STOCK_ROUND_PRO2.011"
3,322,8180,"box.002"
3,323,948448,"TIRE_STOCK_ROUND_PRO2.012"
3,324,44512,"box_genericBig"
3,325,449160,"TIRE_TOP.012"
3,326,24588,"box_genericLong"
3,327,25200,"box_genericSmall"
3,328,452,"cb85c1b6c95ca88563d059a7a5cd0a58(Clone)"
3,329,32256,"box_wheel"
3,330,452,"80dbe15a416354086dec34de93288efe(Clone)"
3,331,24592,"box_genericLong.001"
3,332,64116,"box_wheel"
3,333,25204,"box_genericSmall.001"
3,334,25080,"box_genericSmall.002"
3,335,64120,"box_wheel.002"
3,336,25080,"box_genericSmall.003"
3,337,25204,"box_genericSmall.004"
3,338,23920,"box_genericLong.001"
3,339,64120,"box_wheel.001"
3,340,24632,"box_genericSmall.001"
3,341,25080,"box_genericSmall.005"
3,342,452,"346a3ace16a488e54dc77385ea07c401(Clone)"
3,343,24632,"box_genericSmall.002"
3,344,185476,"TIRE_STOCK_ROUND_PRO2.004"
3,345,23920,"box_genericLong.002"
3,346,452,"0e089432a2fa1635a57805b4cbf7d6f0(Clone)"
3,347,23920,"box_genericLong.003"
3,348,24756,"box_genericSmall.003"
3,349,235540,"TIRE_STOCK_ROUND_PRO2.005"
3,350,24756,"box_genericSmall.005"
3,351,108640,"BARRELS"
3,352,24632,"box_genericSmall.006"
3,353,24632,"box_genericSmall.007"
3,354,21464,"GAS_CYLINDER.001"
3,355,24632,"box_genericSmall.008"
3,356,64728,"GAS_CYLINDER.002"
3,357,23920,"box_genericLong.004"
3,358,87396,"TIRE_STOCK_ROUND_PRO2"
3,359,43712,"GAS_CYLINDER.003"
3,360,64064,"box_wheel.004"
3,361,77580,"TIRE_STOCK_ROUND_PRO1"
3,362,80760,"TIRE_STOCK_ROUND_PRO0"
3,363,38636,"box_genericBig.001"
3,364,22080,"GAS_CYLINDER.006"
3,365,38636,"box_genericBig.002"
3,366,79632,"TIRE_STOCK_STRETCH_PRO0"
3,367,23920,"box_genericLong.005"
3,368,76068,"TIRE_STOCK_STRETCH_PRO1"
3,369,22080,"GAS_CYLINDER.008"
3,370,75960,"TIRE_STOCK_REGULAR_PRO2"
3,371,43096,"GAS_CYLINDER.009"
3,372,273028,"TIRE_STOCK_ROUND_PRO2.014"
3,373,75960,"TIRE_STOCK_REGULAR_PRO1"
3,374,100224,"PROP_PALLET1.001"
3,375,76284,"TIRE_STOCK_REGULAR_PRO0"
3,376,100224,"PROP_PALLET1.002"
3,377,49032,"CHAIR_FOLDABLE"
3,378,272704,"TIRE_STOCK_ROUND_PRO2.015"
3,379,29236,"Brake_Circuit"
3,380,72612,"CHAIR_FOLDABLE.001"
3,381,72304,"circuit_Brake_green"
3,382,160088,"PROP_LOCKERS DARK1.001"
3,383,72736,"circuit_Brake_blue"
3,384,153096,"PROP_LOCKERS DARK1.002"
3,385,273028,"TIRE_STOCK_ROUND_PRO2.016"
3,386,72304,"circuit_Brake_grey"
3,387,163372,"PROP_TOOLBOX BIG RED1.004"
3,388,72520,"circuit_Brake_yellow"
3,389,38668,"PROP_LOCKERS DARK1.003"
3,390,72736,"circuit_Brake_red"
3,391,38612,"PROP_LOCKERS DARK1.004"
3,392,272704,"TIRE_STOCK_ROUND_PRO2.017"
3,393,16408,"Stock Brake_handbrake.002"
3,394,38668,"PROP_LOCKERS DARK1.005"
3,395,29664,"Brake_Street"
3,396,38668,"PROP_LOCKERS DARK1.006"
3,397,70408,"Street Brake_green"
3,398,200812,"PROP_WORKSTATION BIG.003"
3,399,272704,"TIRE_STOCK_ROUND_PRO2.018"
3,400,70408,"Street Brake_blue"
3,401,30328,"UPSTAIRS_DESK"
3,402,70624,"Street Brake_grey"
3,403,70408,"Street Brake_yellow"
3,404,272488,"TIRE_STOCK_ROUND_PRO2.019"
3,405,70188,"Street Brake_red"
3,406,108644,"BARRELS.001"
3,407,16408,"Stock Brake_handbrake.001"
3,408,54520,"BARRELS.002"
3,409,24632,"box_genericSmall.009"
3,410,88996,"Proto Brake_blue.001"
3,411,54520,"BARRELS.003"
3,412,71192,"Cube.002"
3,413,89208,"Proto Brake_blue"
3,414,258744,"shopFront_main"
3,415,89316,"Proto Brake_grey"
3,416,8344,"shopFront_pavement"
3,417,89428,"Proto Brake_yellow"
3,418,20296,"doorFront_Left"
3,419,89316,"Proto Brake_red"
3,420,278924,"shelve_1"
3,421,16408,"Stock Brake_handbrake.003"
3,422,290092,"TIRE_CIRCUIT_ROUND_PRO2.016"
3,423,16404,"Stock Brake_handbrake"
3,424,290092,"TIRE_CIRCUIT_ROUND_PRO2.017"
3,425,443316,"RIM DOLUCK DOUBLE SIX"
3,426,44812,"shopFront_top"
3,427,6160,"shopFront_glass"
3,428,208824,"RIM Stock_Chaser"
3,429,153916,"RIM DOLUCK DOUBLE SIX BLUR"
3,430,278924,"shelve_2"
3,431,278924,"shelve_3"
3,432,142480,"shelve_0"
3,433,45212,"Cube.025"
3,434,142480,"shelve_4"
3,435,49360,"enteranceFlags"
3,436,54204,"bunting.001"
3,437,56564,"bunting.002"
3,438,55616,"bunting"
3,439,20240,"doorFront_Right"
3,440,13768,"floor"
3,441,6060,"floor.002"
3,442,6060,"floor.003"
3,443,6060,"floor.004"
3,444,6060,"floor.005"
3,445,6060,"floor.006"
3,446,6060,"floor.007"
3,447,6060,"floor.008"
3,448,6060,"floor.009"
3,449,6060,"floor.010"
3,450,6060,"floor.011"
3,451,6060,"floor.012"
3,452,3792,"roof_lights.002"
3,453,3792,"roof_lights.003"
3,454,4376,"roof_lights.004"
3,455,4376,"roof_lights.005"
3,456,3792,"roof_lights.006"
3,457,4376,"roof_lights.007"
3,458,86104,"TIRE_STOCK_ROUND_PRO2.001"
3,459,81412,"TIRE_STOCK_ROUND_PRO1.001"
3,460,80116,"TIRE_STOCK_ROUND_PRO0.001"
3,461,7944,"roof.002"
3,462,7944,"roof.003"
3,463,79420,"TIRE_STOCK_STRETCH_PRO0.001"
3,464,7000,"roof.004"
3,465,75424,"TIRE_STOCK_STRETCH_PRO1.001"
3,466,7944,"roof.005"
3,467,75316,"TIRE_STOCK_REGULAR_PRO2.001"
3,468,7944,"roof.006"
3,469,75856,"TIRE_STOCK_REGULAR_PRO1.001"
3,470,7944,"roof.007"
3,471,75964,"TIRE_STOCK_REGULAR_PRO0.001"
3,472,7944,"roof.008"
3,473,7944,"roof.009"
3,474,29672,"Brake_Street_blur"
3,475,29668,"Brake_Proto_blur"
3,476,22732,"Brake_Stock_blur"
3,477,7648,"insideWall.008"
3,478,106144,"TIRE_STOCK_ROUND_PRO1.002"
3,479,7896,"insideWall.007"
3,480,81088,"TIRE_STOCK_ROUND_PRO1.003"
3,481,6208,"insideWall.006"
3,482,72308,"circuit_Brake_green.001"
3,483,7896,"insideWall.005"
3,484,70628,"Street Brake_green.001"
3,485,9336,"insideWall.004"
3,486,89860,"Proto Brake_blue.002"
3,487,9584,"insideWall.003"
3,488,138008,"RIM NISMO LM BLUR"
3,489,11520,"insideWall.002"
3,490,179384,"RIM VOLK TE37 BLUR"
3,491,151888,"RIM Adavan Super Racing BLUR"
3,492,81732,"TIRE_STOCK_ROUND_PRO1_L"
3,493,85360,"shelves_long_0"
3,494,80652,"TIRE_STOCK_ROUND_PRO0_L"
3,495,85364,"shelves_long_0.001"
3,496,78880,"TIRE_STOCK_STRETCH_PRO0_L"
3,497,76180,"TIRE_STOCK_STRETCH_PRO1_L"
3,498,85364,"shelves_long_0.002"
3,499,76072,"TIRE_STOCK_REGULAR_PRO1_L"
3,500,76828,"TIRE_STOCK_REGULAR_PRO0_L"
3,501,71192,"Cube.028"
3,502,75960,"TIRE_STOCK_STRETCH_PRO2"
3,503,85352,"Cube.029"
3,504,75640,"TIRE_STOCK_STRETCH_PRO2_L"
3,505,85352,"Cube.030"
3,506,87828,"TIRE_STOCK_ROUND_PRO2_L"
3,507,85352,"Cube.031"
3,508,75964,"TIRE_STOCK_REGULAR_PRO2_L"
3,509,85352,"Cube.032"
3,510,81196,"TIRE_STOCK_ROUND_PRO1_L.001"
3,511,85352,"Cube.033"
3,512,80980,"TIRE_STOCK_ROUND_PRO0_L.001"
3,513,85352,"Cube.034"
3,514,78992,"TIRE_STOCK_STRETCH_PRO0_L.001"
3,515,99512,"Cube.035"
3,516,75752,"TIRE_STOCK_STRETCH_PRO1_L.001"
3,517,75860,"TIRE_STOCK_REGULAR_PRO1_L.001"
3,518,76076,"TIRE_STOCK_REGULAR_PRO0_L.001"
3,519,42884,"shelves_long_0.003"
3,520,75208,"TIRE_STOCK_STRETCH_PRO2.001"
3,521,35792,"Cube.038"
3,522,75536,"TIRE_STOCK_STRETCH_PRO2_L.001"
3,523,42872,"Cube.039"
3,524,87184,"TIRE_STOCK_ROUND_PRO2_L.001"
3,525,42872,"Cube.040"
3,526,75212,"TIRE_STOCK_REGULAR_PRO2_L.001"
3,527,42872,"Cube.041"
3,528,104092,"TIRE_STOCK_ROUND_PRO1_L.002"
3,529,42872,"Cube.042"
3,530,103660,"TIRE_STOCK_ROUND_PRO0.002"
3,531,42872,"Cube.043"
3,532,104416,"TIRE_STOCK_ROUND_PRO0_L.002"
3,533,42872,"Cube.044"
3,534,103504,"TIRE_STOCK_STRETCH_PRO0.002"
3,535,49952,"Cube.045"
3,536,103508,"TIRE_STOCK_STRETCH_PRO0_L.002"
3,537,99400,"TIRE_STOCK_STRETCH_PRO1.002"
3,538,99188,"TIRE_STOCK_STRETCH_PRO1_L.002"
3,539,42884,"shelves_long_0.004"
3,540,99616,"TIRE_STOCK_REGULAR_PRO1.002"
3,541,35792,"Cube.048"
3,542,98216,"TIRE_STOCK_REGULAR_PRO1_L.002"
3,543,42872,"Cube.049"
3,544,97780,"TIRE_STOCK_REGULAR_PRO0.002"
3,545,42872,"Cube.050"
3,546,98972,"TIRE_STOCK_REGULAR_PRO0_L.002"
3,547,42872,"Cube.051"
3,548,100264,"TIRE_STOCK_STRETCH_PRO2.002"
3,549,42872,"Cube.052"
3,550,100268,"TIRE_STOCK_STRETCH_PRO2_L.002"
3,551,42872,"Cube.053"
3,552,110728,"TIRE_STOCK_ROUND_PRO2.002"
3,553,42872,"Cube.054"
3,554,111916,"TIRE_STOCK_ROUND_PRO2_L.002"
3,555,49952,"Cube.055"
3,556,99832,"TIRE_STOCK_REGULAR_PRO2.002"
3,557,99836,"TIRE_STOCK_REGULAR_PRO2_L.002"
3,558,81196,"TIRE_STOCK_ROUND_PRO1_L.003"
3,559,80332,"TIRE_STOCK_ROUND_PRO0.003"
3,560,80980,"TIRE_STOCK_ROUND_PRO0_L.003"
3,561,79096,"TIRE_STOCK_STRETCH_PRO0.003"
3,562,79532,"TIRE_STOCK_STRETCH_PRO0_L.003"
3,563,76396,"TIRE_STOCK_STRETCH_PRO1.003"
3,564,76292,"TIRE_STOCK_STRETCH_PRO1_L.003"
3,565,76180,"TIRE_STOCK_REGULAR_PRO1.003"
3,566,75428,"TIRE_STOCK_REGULAR_PRO1_L.003"
3,567,75100,"TIRE_STOCK_REGULAR_PRO0.003"
3,568,75428,"TIRE_STOCK_REGULAR_PRO0_L.003"
3,569,75748,"TIRE_STOCK_STRETCH_PRO2.003"
3,570,75752,"TIRE_STOCK_STRETCH_PRO2_L.003"
3,571,86968,"TIRE_STOCK_ROUND_PRO2.003"
3,572,86968,"TIRE_STOCK_ROUND_PRO2_L.003"
3,573,75748,"TIRE_STOCK_REGULAR_PRO2.003"
3,574,75644,"TIRE_STOCK_REGULAR_PRO2_L.003"
3,575,81616,"TIRE_DRAG_PRO1"
3,576,80432,"TIRE_DRAG_PRO1_L.001"
3,577,84964,"TIRE_DRAG_PRO0"
3,578,82808,"TIRE_DRAG_PRO0_L.001"
3,579,87388,"TIRE_DRAG_PRO2"
3,580,86960,"TIRE_DRAG_PRO2_L.001"
3,581,221744,"TIRE_STOCK_CHASER_TRAFFIC_LOD0.001"
3,582,10452,"Exhuast 1"
5,58,869828,".ETC BOOTH LOD1.002"
5,59,15688,".ETC BOOTH.005"
5,60,15688,".ETC BOOTH.004"
5,61,99420,"_AREA3.1_ROADLINES_0.001"
5,62,573268,".DUAL LANE JUCTION LOD1.030"
5,63,114516,"_AREA3.1_ROADLINES_0.002"
5,64,572200,".DUAL LANE JUCTION LOD1.031"
5,65,139456,".DUAL LANE JUCTION LOD1.079"
5,66,21720,"_AREA3_ROADLINES_0.014"
5,67,17724,"_AREA3_ROADLINES_0.013"
5,68,56404,".DUAL LANE JUCTION LOD1.078"
5,69,130996,".DUAL LANE JUCTION LOD1.077"
5,70,64680,"_AREA3_ROADLINES_0.012"
5,71,72968,"_AREA3_ROADLINES_0.011"
5,72,112348,".DUAL LANE JUCTION LOD1.076"
5,73,76128,"_AREA3_ROADLINES_0.010"
5,74,112348,".DUAL LANE JUCTION LOD1.075"
5,75,55308,"_AREA3_ROADLINES_0.009"
5,76,112348,".DUAL LANE JUCTION LOD1.074"
5,77,67740,"_AREA3_ROADLINES_0.008"
5,78,112348,".DUAL LANE JUCTION LOD1.073"
5,79,80568,"_AREA3_ROADLINES_0.007"
5,80,95808,".DUAL LANE JUCTION LOD1.072"
5,81,64680,"_AREA3_ROADLINES_0.006"
5,82,130996,".DUAL LANE JUCTION LOD1.071"
5,83,62904,"_AREA3_ROADLINES_0.005"
5,84,209176,".DUAL LANE JUCTION LOD1.070"
5,85,53976,"_AREA3_ROADLINES_0.004"
5,86,179128,".DUAL LANE JUCTION LOD1.069"
5,87,29712,"_AREA3_ROADLINES_0.002"
5,88,528472,".DUAL LANE JUCTION LOD1.067"
5,89,56844,"_AREA3_ROADLINES_0.001"
5,90,603460,".DUAL LANE JUCTION LOD1.066"
5,91,402436,"AREA_3_TUNNEL LOD"
5,92,27044,"AREA_3_TUNNEL.001"
5,93,27044,"AREA_3_TUNNEL.003"
5,94,391872,"AREA_3_TUNNEL LOD.001"
5,95,16388,"AREA_3_TUNNEL.005"
5,96,263804,"AREA_3_TUNNEL LOD.002"
5,97,262844,"AREA_3_TUNNEL LOD.003"
5,98,15500,"AREA_3_TUNNEL.008"
5,99,334716,"AREA_3_TUNNEL LOD.004"
5,100,19052,"AREA_3_TUNNEL.009"
6,90,38596,"AREA_0_JUNCTION LANE 2.017"
6,91,174692,"OG AREA_0_1 LANE ROAD LOD1.047"
6,92,155096,"OG AREA_0_1 LANE ROAD LOD1.046"
6,93,27496,"AREA_0_JUNCTION LANE 2.014"
6,94,135836,"OG AREA_0_1 LANE ROAD LOD1.045"
6,95,25720,"AREA_0_JUNCTION LANE 2.012"
6,96,158732,"OG AREA_0_1 LANE ROAD LOD1.044"
6,97,18616,"AREA_0_JUNCTION LANE 2.010"
6,98,122612,"OG AREA_0_1 LANE ROAD LOD1.043"
6,99,18616,"AREA_0_JUNCTION LANE 2.008"
6,100,198788,"OG AREA_0_1 LANE ROAD LOD1.042"
6,101,19504,"AREA_0_JUNCTION LANE 2.006"
6,102,100736,"OG AREA_0_1 LANE ROAD LOD1.038"
6,103,30604,"AREA_0_JUNCTION LANE 3.019"
6,104,82796,"OG AREA_0_1 LANE ROAD LOD1.037"
6,105,36820,"AREA_0_JUNCTION LANE 3.016"
6,106,82580,"OG AREA_0_1 LANE ROAD LOD1.036"
6,107,26164,"AREA_0_JUNCTION LANE 3.014"
6,108,100520,"OG AREA_0_1 LANE ROAD LOD1.035"
6,109,27052,"AREA_0_JUNCTION LANE 3.012"
6,110,123704,"OG AREA_0_1 LANE ROAD LOD1.034"
6,111,32380,"AREA_0_JUNCTION LANE 3.010"
6,112,105548,"OG AREA_0_1 LANE ROAD LOD1.033"
6,113,31936,"AREA_0_JUNCTION LANE 3.008"
6,114,107344,"OG AREA_0_1 LANE ROAD LOD1.032"
6,115,25720,"AREA_0_JUNCTION LANE 3.006"
6,116,73688,"OG AREA_0_1 LANE ROAD LOD1.031"
6,117,19948,"AREA_0_JUNCTION LANE 3.004"
6,118,52264,"OG AREA_0_1 LANE ROAD LOD1.026"
6,119,18616,"AREA_0_JUNCTION LANE 4.016"
6,120,52264,"OG AREA_0_1 LANE ROAD LOD1.025"
6,121,4204,"AREA_0_JUNCTION LANE 4.014"
6,122,52416,"OG AREA_0_1 LANE ROAD LOD1.024"
6,123,26164,"AREA_0_JUNCTION LANE 4.012"
6,124,52416,"OG AREA_0_1 LANE ROAD LOD1.023"
6,125,26608,"AREA_0_JUNCTION LANE 4.010"
6,126,49260,"OG AREA_0_1 LANE ROAD LOD1.022"
6,127,21280,"AREA_0_JUNCTION LANE 4.008"
6,128,57368,"OG AREA_0_1 LANE ROAD LOD1.021"
6,129,9892,"AREA_0_JUNCTION LANE 4.006"
6,130,47616,"OG AREA_0_1 LANE ROAD LOD1.018"
6,131,14176,"AREA_0_JUNCTION LANE 4.004"
6,132,64480,"OG AREA_0_1 LANE ROAD LOD1.020"
6,133,12104,"AREA_0_JUNCTION LANE 4.002"
6,134,33024,"OG AREA_0_1 LANE ROAD LOD1.027"
6,135,7364,"AREA_0_JUNCTION LANE 4.001"
6,136,60492,"OG AREA_0_1 LANE ROAD LOD1.019"
6,137,31264,"AREA_0_JUNCTION LANE 1-0.001"
6,138,27008,"OG AREA_0_1 LANE ROAD LOD1.017"
6,139,9892,"AREA_0_JUNCTION LANE 1-0.024"
6,140,18172,"AREA_0_JUNCTION LANE 1-0.022"
6,141,71092,"OG AREA_0_1 LANE ROAD LOD1.016"
6,142,73152,"OG AREA_0_1 LANE ROAD LOD1.015"
6,143,14948,"AREA_0_JUNCTION LANE 1-0.020"
6,144,73608,"OG AREA_0_1 LANE ROAD LOD1.014"
6,145,23944,"AREA_0_JUNCTION LANE 1-0.018"
6,146,73608,"OG AREA_0_1 LANE ROAD LOD1.013"
6,147,27940,"AREA_0_JUNCTION LANE 1-0.016"
6,148,87884,"OG AREA_0_1 LANE ROAD LOD1.012"
6,149,32824,"AREA_0_JUNCTION LANE 1-0.014"
6,150,65988,"OG AREA_0_1 LANE ROAD LOD1.011"
6,151,13684,"AREA_0_JUNCTION LANE 1-0.012"
6,152,74728,"OG AREA_0_1 LANE ROAD LOD1.010"
6,153,15064,"AREA_0_JUNCTION LANE 1-0.010"
6,154,74880,"OG AREA_0_1 LANE ROAD LOD1.009"
6,155,16396,"AREA_0_JUNCTION LANE 1-0.008"
6,156,74880,"OG AREA_0_1 LANE ROAD LOD1.005"
6,157,15064,"AREA_0_JUNCTION LANE 1-0.006"
6,158,190064,"OG BIG_3 LANE ROAD thin mid L0D max.012"
6,159,38608,"AREA_0_MAIN.022"
6,160,219288,"OG BIG_3 LANE ROAD thin mid L0D max.011"
6,161,38608,"AREA_0_MAIN.020"
6,162,324640,"OG BIG_3 LANE ROAD thin mid L0D max.010"
6,163,55748,"AREA_0_MAIN 1.000"
6,164,207888,"OG BIG_3 LANE ROAD thin mid L0D max.009"
6,165,65116,"AREA_0_MAIN.016"
6,166,333040,"OG BIG_3 LANE ROAD thin mid L0D max.008"
6,167,55748,"AREA_0_MAIN 1.012"
6,168,200356,"OG BIG_3 LANE ROAD thin mid L0D max.007"
6,169,60632,"AREA_0_MAIN 1.010"
6,170,332608,"OG BIG_3 LANE ROAD thin mid L0D max.006"
6,171,38612,"AREA_0_MAIN 1.008"
6,172,350464,"OG BIG_3 LANE ROAD thin mid L0D max.005"
6,173,39220,"AREA_0_MAIN 1.006"
6,174,15508,"AREA_0_JUNCTION LANE 3.022"
6,175,47084,"OG AREA_0_1 LANE ROAD LOD1.049"
6,176,32240,"AREA_0_MAIN.015"
6,177,147292,"OG BIG_3 LANE ROAD thin mid L0D max.001"
6,178,18616,"AREA_0_JUNCTION LANE 3.021"
6,179,83828,"OG AREA_0_1 LANE ROAD LOD1.004"
6,180,17792,"AREA_0_JUNCTION LANE 2.001"
6,181,91424,"OG AREA_0_1 LANE ROAD LOD1.048"
6,182,62516,"AREA_0_JUNCTION SUPPORTS"
6,183,4307828,"AREA_0_MAIN_SPLIT 2"
6,184,124852,"AREA_0_JUNCTION SUPPORTS.001"
6,185,134656,"AREA_0_JUNCTION SUPPORTS.002"
6,186,173308,"ROADWORKS_.002"
6,187,173452,"ROADWORKS_.003"
6,188,494680,"ROADWORKS_.005"
7,39,192112,"OG BIG_3 LANE ROAD thin mid L0D max.002"
7,40,65516,"AREA_0_MAIN 1.002"
7,41,177716,"OG AREA_0_1 LANE ROAD LOD1.040"
7,42,14632,"AREA_0_JUNCTION LANE 2.002"
7,43,121632,"OG AREA_0_1 LANE ROAD LOD1.001"
7,44,14632,"AREA_0_JUNCTION LANE 1-0.002"
7,45,375468,"OG BIG_4 LANE ROAD.011"
7,46,116236,"AREA_0_MAIN.013"
7,47,171696,"OG BIG_4 LANE ROAD.010"
7,48,83728,"AREA_0_MAIN.011"
7,49,101988,"AREA_0_MAIN.000"
7,50,327960,"OG BIG_4 LANE ROAD.001"
7,51,410400,"OG BIG_4 LANE ROAD.003"
7,52,128800,"AREA_0_MAIN.004"
7,53,267120,"OG BIG_4 LANE ROAD.007"
7,54,130168,"AREA_0_MAIN.005"
7,55,255252,"OG BIG_4 LANE ROAD.008"
7,56,99772,"AREA_0_MAIN.007"
7,57,333324,"OG BIG_4 LANE ROAD.009"
7,58,123364,"AREA_0_MAIN.009"
7,59,30396,"AREA_TATSUMI_MAIN2_LOD0.004"
7,60,104516,"OG AREA_1_1 LANE ROAD LOD1.046"
7,61,15656,"AREA_TATSUMI_R ROAD_LOD0.003"
7,62,86528,"AREA_TATSUMI_R ROAD UNDER CURVE"
7,63,183476,"AREA1_BIG_ROAD.002"
7,64,58412,"AREA1_BIG_ROAD.001"
7,65,135776,"OG AREA_0_1 LANE ROAD LOD1.041"
7,66,18616,"AREA_0_JUNCTION LANE 2.004"
7,67,76172,"OG AREA_0_1 LANE ROAD LOD1.002"
7,68,15064,"AREA_0_JUNCTION LANE 1-0.004"
7,69,130676,"OG BIG_3 LANE ROAD thin mid L0D max.004"
7,70,56660,"AREA_0_MAIN 1.004"
9,43,43080,"OG BIG_4 LANE ROAD.025"
9,44,33556,"AREA1_BIG_ROAD.028"
9,45,319260,"OG BIG_4 LANE ROAD.024"
9,46,41844,"AREA1_BIG_ROAD.026"
9,47,641556,"AREA1_BIG_ROAD_10.002"
9,48,41848,"AREA1_BIG_ROAD_10.001"
9,49,115100,"OG AREA_1_1 LANE ROAD LOD1.041"
9,50,6784,"AREA_3_ENTRY_L_ROAD_LOD0.031"
9,51,24816,"AREA_TATSUMI_EXIT_R_ROAD_LOD0.007"
9,52,107672,"OG AREA_1_1 LANE ROAD LOD1.007"
9,53,27192,"_AREA3_ROADLINES_0.003"
9,54,56404,".DUAL LANE JUCTION LOD1.068"
9,55,40416,"OG BIG_4 LANE ROAD.002"
9,56,41408,".3 LANE DARK CENTER CONCRETE.037"
9,57,47076,"OG BIG_4 LANE ROAD.019"
9,58,20396,".3 LANE DARK CENTER CONCRETE.045"
9,59,47076,"OG BIG_4 LANE ROAD.018"
9,60,20396,".3 LANE DARK CENTER CONCRETE.044"
9,61,47076,"OG BIG_4 LANE ROAD.017"
9,62,20396,".3 LANE DARK CENTER CONCRETE.043"
9,63,47076,"OG BIG_4 LANE ROAD.021"
9,64,20396,".3 LANE DARK CENTER CONCRETE.047"
9,65,47076,"OG BIG_4 LANE ROAD.020"
9,66,20396,".3 LANE DARK CENTER CONCRETE.046"
9,67,60396,"OG BIG_4 LANE ROAD.016"
9,68,40964,".3 LANE DARK CENTER CONCRETE.042"
9,69,61728,"OG BIG_4 LANE ROAD.015"
9,70,61832,".3 LANE DARK CENTER CONCRETE.041"
9,71,32424,"OG BIG_4 LANE ROAD.014"
9,72,68468,".3 LANE DARK CENTER CONCRETE.040"
9,73,32424,"OG BIG_4 LANE ROAD.013"
9,74,59612,".3 LANE DARK CENTER CONCRETE.039"
9,75,32424,"OG BIG_4 LANE ROAD.012"
9,76,53840,".3 LANE DARK CENTER CONCRETE.038"
10,22,130292,"AREA1_BIG_ROAD_8.002"
10,23,45044,"AREA1_BIG_ROAD_8.001"
10,24,168548,"AREA1_BIG_ROAD_7.002"
10,25,45044,"AREA1_BIG_ROAD_7.001"
10,26,168548,"AREA1_BIG_ROAD_9.002"
10,27,45044,"AREA1_BIG_ROAD_9.001"
10,28,16820,"AREA_3_ENTRY_L_ROAD_LOD0.037"
10,29,97300,"OG AREA_1_1 LANE ROAD LOD1.044"
10,30,17468,"AREA_3_ENTRY_L_ROAD_LOD0.035"
10,31,114876,"OG AREA_1_1 LANE ROAD LOD1.043"
10,32,11032,"AREA_3_ENTRY_L_ROAD_LOD0.033"
10,33,97100,"OG AREA_1_1 LANE ROAD LOD1.042"
10,34,133184,"OG AREA_1_1 LANE ROAD LOD1.010"
10,35,31664,"AREA_TATSUMI_EXIT_R_ROAD_LOD0.010"
10,36,32204,"AREA_TATSUMI_EXIT_R_ROAD_LOD0.009"
10,37,132968,"OG AREA_1_1 LANE ROAD LOD1.008"
11,2,71460,"AREA_2 double single template.013"
11,3,35052,"AREA_2 double single template.010"
11,4,520740,".DUAL LANE JUCTION LOD1.013"
11,5,47964,"AREA_2 double single template.016"
11,6,235456,".DUAL LANE JUCTION LOD1.011"
11,7,278224,".DUAL LANE JUCTION LOD1.009"
11,8,43040,"ROADLINE dotted line small.007"
11,9,149916,".DUAL LANE JUCTION LOD1.008"
11,10,173576,"ROADLINE dotted line small.006"
11,11,127068,".DUAL LANE JUCTION LOD1.007"
11,12,171800,"ROADLINE dotted line small.005"
11,13,191968,".DUAL LANE JUCTION LOD1.006"
11,14,207320,"ROADLINE dotted line small.004"
11,15,296652,".DUAL LANE JUCTION LOD1.005"
11,16,246392,"ROADLINE dotted line small.003"
11,17,224196,".DUAL LANE JUCTION LOD1.004"
11,18,140720,"ROADLINE dotted line small.002"
11,19,220560,".DUAL LANE JUCTION LOD1.003"
11,20,175352,"ROADLINE dotted line small.001"
11,21,141460,".DUAL LANE JUCTION LOD1.002"
11,22,72336,"AREA_2_DOUBLE_ROAD_1.001"
11,23,147748,".DUAL LANE JUCTION LOD1.010"
11,24,25276,"ROADLINE dotted line small"
11,25,329928,".DUAL LANE JUCTION LOD1.012"
11,26,81480,"AREA_2 double single template.014"
11,27,401992,".DUAL LANE JUCTION LOD1.014"
11,28,20948,".DUAL LANE JUNCTION.010"
11,29,591616,".DUAL LANE LOD1.002"
11,30,416592,"_TUNNEL_OG_3x1_JUNCTION_SPLIT.098"
11,31,20400,"_TUNNEL_OG_2x2_LANE_HIGH_ROOF.520"
12,19,15580,".ETC BOOTH.002"
12,20,15688,".ETC BOOTH.003"
12,21,20384,".DUAL LANE LOD0.013"
12,22,59476,".DUAL LANE JUCTION LOD1.027"
12,23,13724,".DUAL LANE LOD0.014"
12,24,229308,".DUAL LANE JUCTION LOD1.026"
12,25,13724,".DUAL LANE LOD0.015"
12,26,80296,".DUAL LANE JUCTION LOD1.025"
12,27,13724,".DUAL LANE LOD0.016"
12,28,87788,".DUAL LANE JUCTION LOD1.024"
12,29,20384,".DUAL LANE LOD0.017"
12,30,127628,".DUAL LANE JUCTION LOD1.023"
12,31,20384,".DUAL LANE LOD0.018"
12,32,127628,".DUAL LANE JUCTION LOD1.022"
12,33,94348,".DUAL LANE JUCTION LOD1.015"
12,34,23064,"AREA_2 double single template.018"
12,35,104232,".DUAL LANE JUCTION LOD1.016"
12,36,46596,"AREA_2 double single template.022"
12,37,124860,".DUAL LANE JUCTION LOD1.017"
12,38,60852,"AREA_2 double single template.023"
12,39,115564,".DUAL LANE JUCTION LOD1.018"
12,40,59700,"AREA_2 double single template.017"
12,41,65872,".DUAL LANE JUCTION LOD1.019"
12,42,98180,".DUAL LANE LOD0.004"
12,43,976208,".ETC BOOTH LOD1.001"
13,32,64556,"_HIGH_LANE_LOD.001"
13,33,20388,"_HIGH_LANE_ROADLINES.001"
13,34,173300,"_HIGH_LANE_LOD.002"
13,35,139824,"_HIGH_LANE_ROADLINES.002"
13,36,458168,"_HIGH_LANE_LOD.003"
13,37,151812,"_HIGH_LANE_ROADLINES.003"
13,38,197456,"_HIGH_LANE_LOD.004"
13,39,185112,"_HIGH_LANE_ROADLINES.004"
13,40,604772,"_HIGH_LANE_LOD.005"
13,41,219300,"_HIGH_LANE_ROADLINES.005"
13,42,459368,"_HIGH_LANE_LOD.006"
13,43,180924,"_HIGH_LANE_ROADLINES.006"
13,44,416824,"_HIGH_LANE_LOD.007"
13,45,161120,"_HIGH_LANE_ROADLINES.007"
13,46,166868,"_LOW_LANE_LOD.001"
13,47,20388,"_LOW_LANE_ROADLINES.001"
13,48,312560,"_LOW_LANE_LOD.002"
13,49,13728,"_LOW_LANE_ROADLINES.002"
13,50,107152,"_LOW_LANE_LOD.003"
13,51,17280,"_LOW_LANE_ROADLINES.003"
13,52,107152,"_LOW_LANE_LOD.004"
13,53,19500,"_LOW_LANE_ROADLINES.004"
13,54,127768,"_LOW_LANE_LOD.005"
13,55,24384,"_LOW_LANE_ROADLINES.005"
13,56,224996,"_LOW_LANE_LOD.006"
13,57,36180,"_LOW_LANE_ROADLINES.006"
13,58,216548,"_LOW_LANE_LOD.007"
13,59,55904,"_LOW_LANE_ROADLINES.007"
13,60,30780,"_GATE_OPEN"
13,61,43536,"_TUNNEL_OG_2x2_LANE_HIGH_ROOF.064"
13,62,59404,".DUAL LANE JUCTION LOD1.050"
13,63,18104,".DUAL LANE JUNCTION.002"
13,64,23284,".DUAL LANE JUCTION LOD1.021"
13,65,10616,".DUAL LANE LOD0.012"
14,23,165852,"_HIGH_LANE_ROADLINES.009"
14,24,192528,"_HIGH_LANE_ROADLINES.010"
14,25,46620,"_LOW_LANE_ROADLINES.009"
14,26,55524,"_LOW_LANE_ROADLINES.010"
14,27,150780,"_HIGH_LANE_ROADLINES.008"
14,28,46032,"_LOW_LANE_ROADLINES.008"
14,29,979732,".ETC BOOTH LOD1  NEW WIDER"
14,30,48816,"_TUNNEL_OG_2x2_LANE_HIGH_ROOF.007"
14,31,456544,"ROAD_SUPPORTS.004"
14,32,73948,"ROAD_TUNNEL ENTER/EXIT.003"
14,33,47032,"ROAD_TUNNEL ENTER/EXIT.001"
14,34,27060,"ROAD_LEFT/HIGH_LANE ROADLINES.001"
14,35,31944,"ROAD_LEFT/HIGH_LANE ROADLINES.002"
14,36,82656,"ROAD_LEFT/HIGH_LANE ROADLINES.003"
14,37,25716,"ROAD_RIGHT/LOW_LANE.003"
14,38,27048,"ROAD_RIGHT/LOW_LANE.006"
14,39,51596,"ROAD_RIGHT/LOW_LANE.008"
14,40,54132,"ROAD_RIGHT/LOW_LANE.010"
14,41,317916,"ROAD_SUPPORTS.007"
15,110,72780,"_AREA3.1_ROADLINES_0.034"
15,111,87916,".DUAL LANE JUCTION LOD1.064"
15,112,62620,".DUAL LANE JUCTION LOD1.060"
15,113,72364,".DUAL LANE JUCTION LOD1.059"
15,114,53688,"_AREA3.1_ROADLINES_0.028"
15,115,56404,".DUAL LANE JUCTION LOD1.058"
15,116,100752,"_AREA3.1_ROADLINES_0.027"
15,117,65728,".DUAL LANE JUCTION LOD1.057"
15,118,77220,"_AREA3.1_ROADLINES_0.026"
15,119,84376,".DUAL LANE JUCTION LOD1.056"
15,120,73224,"_AREA3.1_ROADLINES_0.025"
15,121,611800,".DUAL LANE JUCTION LOD1.055"
15,122,90540,"_AREA3.1_ROADLINES_0.024"
15,123,756124,".DUAL LANE JUCTION LOD1.054"
15,124,54576,"_AREA3.1_ROADLINES_0.023"
15,125,375184,".DUAL LANE JUCTION LOD1.053"
15,126,54908,"_AREA3.1_ROADLINES_0.022"
15,127,65728,".DUAL LANE JUCTION LOD1.052"
15,128,24384,"_AREA3.1_ROADLINES_0.021"
15,129,137656,".DUAL LANE JUCTION LOD1.051"
15,130,82108,".DUAL LANE JUCTION LOD1.049"
15,131,85192,".DUAL LANE JUCTION LOD1.048"
15,132,55908,"_AREA3.1_ROADLINES_0.017"
15,133,234604,".DUAL LANE JUCTION LOD1.047"
15,134,43920,"_AREA3.1_ROADLINES_0.016"
15,135,450772,".DUAL LANE JUCTION LOD1.046"
15,136,40368,"_AREA3.1_ROADLINES_0.015"
15,137,528460,".DUAL LANE JUCTION LOD1.045"
15,138,40812,"_AREA3.1_ROADLINES_0.014"
15,139,76240,".DUAL LANE JUCTION LOD1.044"
15,140,49808,"_AREA3.1_ROADLINES_0.013"
15,141,56404,".DUAL LANE JUCTION LOD1.043"
15,142,43476,"_AREA3.1_ROADLINES_0.012"
15,143,65728,".DUAL LANE JUCTION LOD1.042"
15,144,19944,"_AREA3.1_ROADLINES_0.011"
15,145,118792,".DUAL LANE JUCTION LOD1.041"
15,146,42144,"_AREA3.1_ROADLINES_0.010"
15,147,56404,".DUAL LANE JUCTION LOD1.040"
15,148,59460,"_AREA3.1_ROADLINES_0.009"
15,149,56404,".DUAL LANE JUCTION LOD1.039"
15,150,183780,"_AREA3.1_ROADLINES_0.008"
15,151,184408,".DUAL LANE JUCTION LOD1.038"
15,152,160692,"_AREA3.1_ROADLINES_0.007"
15,153,254008,".DUAL LANE JUCTION LOD1.037"
15,154,178896,"_AREA3.1_ROADLINES_0.006"
15,155,311344,".DUAL LANE JUCTION LOD1.036"
15,156,91872,"_AREA3.1_ROADLINES_0.005"
15,157,224476,".DUAL LANE JUCTION LOD1.035"
15,158,82992,"_AREA3.1_ROADLINES_0.004"
15,159,92572,".DUAL LANE JUCTION LOD1.034"
15,160,83880,"_AREA3.1_ROADLINES_0.003"
15,161,164524,".DUAL LANE JUCTION LOD1.032"
15,162,56620,".DUAL LANE JUCTION LOD1.033"
15,163,28832,"OG AREA_0_1 LANE ROAD INTO 2.001"
15,164,73652,"OG AREA_0_1 LANE ROAD INTO 2.009"
15,165,85688,"_LOW_MESH_LOD_1.023"
15,166,71628,"_TUNNEL_OG_3x1_JUNCTION_SPLIT.102"
15,167,27060,"_TUNNEL_OG_2x2_LANE_HIGH_ROOF.211"
15,168,74220,"_TUNNEL_OG_3x1_JUNCTION_SPLIT.103"
15,169,27060,"_TUNNEL_OG_2x2_LANE_HIGH_ROOF.213"
15,170,64776,"_TUNNEL_OG_3x1_JUNCTION_SPLIT.104"
15,171,24396,"_TUNNEL_OG_2x2_LANE_HIGH_ROOF.215"
15,172,216252,"_TUNNEL_OG_3x1_JUNCTION_SPLIT.105"
15,173,32388,"_TUNNEL_OG_2x2_LANE_HIGH_ROOF.217"
15,174,32388,"_TUNNEL_OG_2x2_LANE_HIGH_ROOF.224"
15,175,24396,"_TUNNEL_OG_2x2_LANE_HIGH_ROOF.221"
15,176,42372,"_TUNNEL_OG_3x1_JUNCTION_SPLIT.107"
15,177,185388,"_TUNNEL_OG_3x1_JUNCTION_SPLIT.049"
15,178,28392,"_TUNNEL_OG_2x2_LANE_HIGH_ROOF.102"
15,179,42372,"_TUNNEL_OG_3x1_JUNCTION_SPLIT.051"
15,180,20400,"_TUNNEL_OG_2x2_LANE_HIGH_ROOF.108"
15,181,173628,"_TUNNEL_OG_3x1_JUNCTION_SPLIT.052"
15,182,23064,"_TUNNEL_OG_2x2_LANE_HIGH_ROOF.111"
15,183,125492,".DUAL LANE LOD1.001"
15,184,61812,"_TUNNEL_OG_3x2_JUNCTION_SPLIT.004"
15,185,32388,"_TUNNEL_OG_2x2_LANE_HIGH_ROOF.515"
15,186,125832,"_TUNNEL_OG_3x2_JUNCTION_SPLIT.006"
15,187,90260,"_TUNNEL_OG_2x2_LANE_HIGH_ROOF.485"
15,188,56916,"_TUNNEL_OG_3x2_JUNCTION_SPLIT.007"
15,189,29724,"_TUNNEL_OG_2x2_LANE_HIGH_ROOF.487"
15,190,47796,"_TUNNEL_OG_2x2_LANE_HIGH_ROOF.489"
15,191,57216,"_TUNNEL_OG_2x2_LANE_HIGH_ROOF.491"
15,192,36420,"_TUNNEL_OG_2x2_LANE_HIGH_ROOF.493"
15,193,28392,"_TUNNEL_OG_2x2_LANE_HIGH_ROOF.495"
15,194,27060,"_TUNNEL_OG_2x2_LANE_HIGH_ROOF.496"
15,195,51772,".DUAL LANE LOD1.003"
15,196,50532,"_TUNNEL_OG_2x2_LANE_HIGH_ROOF.498"
15,197,43812,"_TUNNEL_OG_2x2_LANE_HIGH_ROOF.500"
15,198,52380,".DUAL LANE LOD1.004"
15,199,52532,".DUAL LANE LOD1.005"
15,200,51204,"_TUNNEL_OG_2x2_LANE_HIGH_ROOF.502"
15,201,51204,"_TUNNEL_OG_2x2_LANE_HIGH_ROOF.504"
15,202,51924,".DUAL LANE LOD1.006"
15,203,68868,"_TUNNEL_OG_3x2_JUNCTION_SPLIT.008"
15,204,35052,"_TUNNEL_OG_2x2_LANE_HIGH_ROOF.506"
15,205,69516,"_TUNNEL_OG_3x2_JUNCTION_SPLIT.009"
15,206,35052,"_TUNNEL_OG_2x2_LANE_HIGH_ROOF.508"
15,207,60660,"_TUNNEL_OG_3x2_JUNCTION_SPLIT.010"
15,208,35052,"_TUNNEL_OG_2x2_LANE_HIGH_ROOF.510"
15,209,80244,"_TUNNEL_OG_3x2_JUNCTION_SPLIT.011"
15,210,23508,"_TUNNEL_OG_2x2_LANE_HIGH_ROOF.512"
15,211,78948,"_TUNNEL_OG_3x2_JUNCTION_SPLIT.012"
15,212,37716,"_TUNNEL_OG_2x2_LANE_HIGH_ROOF.514"
16,52,75908,"_LOW_MESH_LOD_1.001"
16,53,180104,"_LOW_MESH_LOD_1.002"
16,54,59504,"_LOW_ROADLINES.002"
16,55,203044,"_LOW_MESH_LOD_1.003"
16,56,98084,"_LOW_ROADLINES.003"
16,57,139000,"_LOW_MESH_LOD_1.004"
16,58,17276,"_LOW_ROADLINES.004"
16,59,78656,"_LOW_MESH_LOD_1.005"
16,60,23984,"_LOW_ROADLINES.005"
16,61,47072,"_LOW_MESH_LOD_1.006"
16,62,18608,"_LOW_ROADLINES.006"
16,63,56396,"_LOW_MESH_LOD_1.007"
16,64,24380,"_LOW_ROADLINES.007"
16,65,56396,"_LOW_MESH_LOD_1.008"
16,66,24380,"_LOW_ROADLINES.008"
16,67,70508,"_LOW_MESH_LOD_1.009"
16,68,45224,"_LOW_ROADLINES.009"
16,69,138760,"_HIGH_MESH_LOD_1.001"
16,70,58212,"_HIGH_MESH_ROADLINES.001"
16,71,160348,"_HIGH_MESH_LOD_1.002"
16,72,94248,"_HIGH_MESH_ROADLINES.002"
16,73,160348,"_HIGH_MESH_LOD_1.003"
16,74,89976,"_HIGH_MESH_ROADLINES.003"
16,75,160348,"_HIGH_MESH_LOD_1.004"
16,76,94476,"_HIGH_MESH_ROADLINES.004"
16,77,160348,"_HIGH_MESH_LOD_1.005"
16,78,93804,"_HIGH_MESH_ROADLINES.005"
16,79,160348,"_HIGH_MESH_LOD_1.006"
16,80,83724,"_HIGH_MESH_ROADLINES.006"
16,81,160348,"_HIGH_MESH_LOD_1.007"
16,82,61500,"_HIGH_MESH_ROADLINES.007"
16,83,174220,"_HIGH_MESH_LOD_1.008"
16,84,37724,"_HIGH_MESH_ROADLINES.008"
16,85,55028,"OG AREA_0_1 LANE ROAD INTO 2.008"
16,86,54576,"_AREA3.1_ROADLINES_0.035"
17,59,97168,".3 LANE DARK CENTER CONCRETE.001"
17,60,53984,".3 LANE DARK CENTER CONCRETE.007"
17,61,126440,"_HIGH_MESH_LOD_1.018"
17,62,115124,"_HIGH_MESH_ROADLINES.018"
17,63,160132,"_HIGH_MESH_LOD_1.019"
17,64,119472,"_HIGH_MESH_ROADLINES.019"
17,65,160132,"_HIGH_MESH_LOD_1.020"
17,66,117468,"_HIGH_MESH_ROADLINES.020"
17,67,160132,"_HIGH_MESH_LOD_1.021"
17,68,118140,"_HIGH_MESH_ROADLINES.021"
17,69,170660,"_HIGH_MESH_LOD_1.022"
17,70,67728,"_HIGH_MESH_ROADLINES.022"
17,71,160348,"_HIGH_MESH_LOD_1.023"
17,72,31104,"_HIGH_MESH_ROADLINES.023"
17,73,96940,"_LOW_MESH_LOD_1"
17,74,75112,"_HIGH_MESH_LOD_1"
17,75,56396,"_LOW_MESH_LOD_1.019"
17,76,57356,"_LOW_ROADLINES.019"
17,77,56396,"_LOW_MESH_LOD_1.020"
17,78,54392,"_LOW_ROADLINES.020"
17,79,56396,"_LOW_MESH_LOD_1.021"
17,80,57752,"_LOW_ROADLINES.021"
17,81,47072,"_LOW_MESH_LOD_1.022"
17,82,47708,"_LOW_ROADLINES.022"
17,83,108052,"BIG_LOD"
17,84,38448,"_LOW_MESH.025"
17,85,20380,"_HIGH_MESH.025"
17,86,85692,"BIG_LOD.001"
17,87,85692,"BIG_LOD.002"
17,88,53984,".3 LANE DARK CENTER CONCRETE.010"
17,89,85692,"BIG_LOD.003"
17,90,53984,".3 LANE DARK CENTER CONCRETE.012"
17,91,85692,"BIG_LOD.004"
17,92,65528,".3 LANE DARK CENTER CONCRETE.014"
17,93,85692,"BIG_LOD.005"
17,94,90836,".3 LANE DARK CENTER CONCRETE.016"
17,95,101396,"BIG_LOD.006"
17,96,107264,".3 LANE DARK CENTER CONCRETE.018"
17,97,85696,"_AREA_6_LOD.003"
17,98,50144,".3 LANE DARK CENTER CONCRETE.021"
17,99,85696,"_AREA_6_LOD.004"
17,100,50144,".3 LANE DARK CENTER CONCRETE.023"
17,101,85696,"_AREA_6_LOD.005"
17,102,50144,".3 LANE DARK CENTER CONCRETE.025"
17,103,85696,"_AREA_6_LOD.006"
17,104,50144,".3 LANE DARK CENTER CONCRETE.027"
17,105,483592,"ROADWORKS_.006"
18,32,47072,"_LOW_MESH_LOD_1.010"
18,33,63872,"_LOW_ROADLINES.010"
18,34,56396,"_LOW_MESH_LOD_1.011"
18,35,107192,"_LOW_ROADLINES.011"
18,36,56396,"_LOW_MESH_LOD_1.012"
18,37,117488,"_LOW_ROADLINES.012"
18,38,56396,"_LOW_MESH_LOD_1.013"
18,39,112124,"_LOW_ROADLINES.013"
18,40,56396,"_LOW_MESH_LOD_1.014"
18,41,104440,"_LOW_ROADLINES.014"
18,42,56396,"_LOW_MESH_LOD_1.015"
18,43,74312,"_LOW_ROADLINES.015"
18,44,56396,"_LOW_MESH_LOD_1.016"
18,45,84200,"_LOW_ROADLINES.016"
18,46,56396,"_LOW_MESH_LOD_1.017"
18,47,80144,"_LOW_ROADLINES.017"
18,48,56396,"_LOW_MESH_LOD_1.018"
18,49,44324,"_LOW_ROADLINES.018"
18,50,73316,"_HIGH_MESH_LOD_1.009"
18,51,46584,"_HIGH_MESH_ROADLINES.009"
18,52,56396,"_HIGH_MESH_LOD_1.010"
18,53,57960,"_HIGH_MESH_ROADLINES.010"
18,54,56828,"_HIGH_MESH_LOD_1.011"
18,55,61872,"_HIGH_MESH_ROADLINES.011"
18,56,56396,"_HIGH_MESH_LOD_1.012"
18,57,57072,"_HIGH_MESH_ROADLINES.012"
18,58,56396,"_HIGH_MESH_LOD_1.013"
18,59,40512,"_HIGH_MESH_ROADLINES.013"
18,60,56396,"_HIGH_MESH_LOD_1.014"
18,61,21720,"_HIGH_MESH_ROADLINES.014"
18,62,56396,"_HIGH_MESH_LOD_1.015"
18,63,25716,"_HIGH_MESH_ROADLINES.015"
18,64,56396,"_HIGH_MESH_LOD_1.016"
18,65,80772,"_HIGH_MESH_ROADLINES.016"
18,66,56396,"_HIGH_MESH_LOD_1.017"
18,67,81876,"_HIGH_MESH_ROADLINES.017"
19,53,85668,"_TUNNEL_OG_3x1_JUNCTION_SPLIT.063"
19,54,57252,"_TUNNEL_OG_2x2_LANE_HIGH_ROOF.134"
19,55,142824,"_TUNNEL_OG_3x1_JUNCTION_SPLIT.064"
19,56,117636,"_TUNNEL_OG_2x2_LANE_HIGH_ROOF.132"
19,57,142260,"_TUNNEL_OG_3x1_JUNCTION_SPLIT.065"
19,58,137292,"_TUNNEL_OG_2x2_LANE_HIGH_ROOF.137"
19,59,86328,"_TUNNEL_OG_3x1_JUNCTION_SPLIT.066"
19,60,94992,"_TUNNEL_OG_2x2_LANE_HIGH_ROOF.139"
19,61,42372,"_TUNNEL_OG_3x1_JUNCTION_SPLIT.071"
19,62,24396,"_TUNNEL_OG_2x2_LANE_HIGH_ROOF.149"
19,63,44964,"_TUNNEL_OG_3x1_JUNCTION_SPLIT.072"
19,64,24396,"_TUNNEL_OG_2x2_LANE_HIGH_ROOF.151"
19,65,50364,"_TUNNEL_OG_3x1_JUNCTION_SPLIT.073"
19,66,24396,"_TUNNEL_OG_2x2_LANE_HIGH_ROOF.153"
19,67,75192,"_TUNNEL_OG_3x1_JUNCTION_SPLIT.076"
19,68,196224,"_TUNNEL_OG_2x2_LANE_HIGH_ROOF.159"
19,69,65640,"_TUNNEL_OG_3x1_JUNCTION_SPLIT.077"
19,70,152268,"_TUNNEL_OG_2x2_LANE_HIGH_ROOF.161"
19,71,50472,"_TUNNEL_OG_3x1_JUNCTION_SPLIT.078"
19,72,123852,"_TUNNEL_OG_2x2_LANE_HIGH_ROOF.163"
19,73,51012,"_TUNNEL_OG_3x1_JUNCTION_SPLIT.079"
19,74,187788,"_TUNNEL_OG_2x2_LANE_HIGH_ROOF.165"
19,75,44712,"_TUNNEL_OG_3x1_JUNCTION_SPLIT.082"
19,76,21732,"_TUNNEL_OG_2x2_LANE_HIGH_ROOF.171"
19,77,53280,"_TUNNEL_OG_3x1_JUNCTION_SPLIT.085"
19,78,188220,"_TUNNEL_OG_2x2_LANE_HIGH_ROOF.177"
19,79,52368,"_TUNNEL_OG_2x2_LANE_HIGH_ROOF.179"
19,80,86988,"_TUNNEL_OG_3x1_JUNCTION_SPLIT.057"
19,81,57252,"_TUNNEL_OG_2x2_LANE_HIGH_ROOF.121"
19,82,99180,"_TUNNEL_OG_3x1_JUNCTION_SPLIT.058"
19,83,90996,"_TUNNEL_OG_2x2_LANE_HIGH_ROOF.123"
19,84,102096,"_TUNNEL_OG_3x1_JUNCTION_SPLIT.059"
19,85,109644,"_TUNNEL_OG_2x2_LANE_HIGH_ROOF.125"
19,86,89496,"_TUNNEL_OG_3x1_JUNCTION_SPLIT.060"
19,87,112380,"_TUNNEL_OG_2x2_LANE_HIGH_ROOF.127"
19,88,138612,"_TUNNEL_OG_3x1_JUNCTION_SPLIT.061"
19,89,58140,"_TUNNEL_OG_2x2_LANE_HIGH_ROOF.129"
19,90,85668,"_TUNNEL_OG_3x1_JUNCTION_SPLIT.062"
19,91,58140,"_TUNNEL_OG_2x2_LANE_HIGH_ROOF.131"
19,92,61860,"_TUNNEL_OG_3x1_JUNCTION_SPLIT.075"
19,93,33720,"_TUNNEL_OG_2x2_LANE_HIGH_ROOF.157"
19,94,50364,"_TUNNEL_OG_3x1_JUNCTION_SPLIT.081"
19,95,24396,"_TUNNEL_OG_2x2_LANE_HIGH_ROOF.169"
20,50,161184,"_TUNNEL_OG_3x1_JUNCTION_SPLIT.022"
20,51,71460,"_TUNNEL_OG_2x2_LANE_HIGH_ROOF.048"
20,52,107880,"_TUNNEL_OG_3x1_JUNCTION_SPLIT.053"
20,53,127632,"_TUNNEL_OG_2x2_LANE_HIGH_ROOF.113"
20,54,94944,"_TUNNEL_OG_3x1_JUNCTION_SPLIT.054"
20,55,113040,"_TUNNEL_OG_2x2_LANE_HIGH_ROOF.115"
20,56,94560,"_TUNNEL_OG_3x1_JUNCTION_SPLIT.055"
20,57,75012,"_TUNNEL_OG_2x2_LANE_HIGH_ROOF.117"
20,58,86316,"_TUNNEL_OG_3x1_JUNCTION_SPLIT.056"
20,59,57252,"_TUNNEL_OG_2x2_LANE_HIGH_ROOF.118"
20,60,49644,"_TUNNEL_OG_3x1_JUNCTION_SPLIT.013"
20,61,27060,"_TUNNEL_OG_2x2_LANE_HIGH_ROOF.225"
20,62,58752,"_TUNNEL_OG_3x1_JUNCTION_SPLIT.014"
20,63,29724,"_TUNNEL_OG_2x2_LANE_HIGH_ROOF.032"
20,64,47664,"_TUNNEL_OG_3x1_JUNCTION_SPLIT.015"
20,65,24396,"_TUNNEL_OG_2x2_LANE_HIGH_ROOF.034"
20,66,95768,"_TUNNEL_OG_3x1_JUNCTION_SPLIT.018"
20,67,78564,"_TUNNEL_OG_2x2_LANE_HIGH_ROOF.040"
20,68,115188,"_TUNNEL_OG_3x1_JUNCTION_SPLIT.020"
20,69,90704,"_TUNNEL_OG_2x2_LANE_HIGH_ROOF.042"
20,70,82344,"_TUNNEL_OG_3x1_JUNCTION_SPLIT.019"
20,71,45708,"_TUNNEL_OG_2x2_LANE_HIGH_ROOF.044"
20,72,70356,"_TUNNEL_OG_3x1_JUNCTION_SPLIT.021"
20,73,43044,"_TUNNEL_OG_2x2_LANE_HIGH_ROOF.046"
20,74,46260,"_TUNNEL_OG_3x1_JUNCTION_SPLIT.023"
20,75,47928,"_TUNNEL_OG_2x2_LANE_HIGH_ROOF.050"
20,76,55584,"_TUNNEL_OG_3x1_JUNCTION_SPLIT.024"
20,77,199776,"_TUNNEL_OG_2x2_LANE_HIGH_ROOF.052"
20,78,48420,"_TUNNEL_OG_3x1_JUNCTION_SPLIT.025"
20,79,184236,"_TUNNEL_OG_2x2_LANE_HIGH_ROOF.054"
20,80,67320,"_TUNNEL_OG_3x1_JUNCTION_SPLIT.027"
20,81,167808,"_TUNNEL_OG_2x2_LANE_HIGH_ROOF.058"
20,82,45180,"_TUNNEL_OG_3x1_JUNCTION_SPLIT.028"
20,83,187788,"_TUNNEL_OG_2x2_LANE_HIGH_ROOF.060"
20,84,47412,"_TUNNEL_OG_3x1_JUNCTION_SPLIT.031"
20,85,21732,"_TUNNEL_OG_2x2_LANE_HIGH_ROOF.066"
20,86,50796,"_TUNNEL_OG_3x1_JUNCTION_SPLIT.032"
20,87,24396,"_TUNNEL_OG_2x2_LANE_HIGH_ROOF.068"
20,88,306368,"_TUNNEL_OG_2x2_LANE_HIGH_ROOF.6672"
20,89,123852,"_TUNNEL_OG_2x2_LANE_HIGH_ROOF.6673"
20,90,172332,"_TUNNEL_OG_2x2_LANE_HIGH_ROOF.062"
20,91,57564,"_TUNNEL_OG_3x1_JUNCTION_SPLIT.029"
21,57,83540,"_TUNNEL_OG_3x1_JUNCTION_SPLIT.035"
21,58,92412,"_TUNNEL_OG_2x2_LANE_HIGH_ROOF.074"
21,59,79404,"_TUNNEL_OG_3x1_JUNCTION_SPLIT.036"
21,60,75012,"_TUNNEL_OG_2x2_LANE_HIGH_ROOF.076"
21,61,78564,"_TUNNEL_OG_3x1_JUNCTION_SPLIT.037"
21,62,43044,"_TUNNEL_OG_2x2_LANE_HIGH_ROOF.078"
21,63,70356,"_TUNNEL_OG_3x1_JUNCTION_SPLIT.038"
21,64,40380,"_TUNNEL_OG_2x2_LANE_HIGH_ROOF.080"
21,65,64428,"_TUNNEL_OG_3x1_JUNCTION_SPLIT.039"
21,66,31500,"_TUNNEL_OG_2x2_LANE_HIGH_ROOF.082"
21,67,75972,"_TUNNEL_OG_3x1_JUNCTION_SPLIT.040"
21,68,35940,"_TUNNEL_OG_2x2_LANE_HIGH_ROOF.084"
21,69,81900,"_TUNNEL_OG_3x1_JUNCTION_SPLIT.041"
21,70,40380,"_TUNNEL_OG_2x2_LANE_HIGH_ROOF.086"
21,71,81900,"_TUNNEL_OG_3x1_JUNCTION_SPLIT.042"
21,72,40380,"_TUNNEL_OG_2x2_LANE_HIGH_ROOF.088"
21,73,81900,"_TUNNEL_OG_3x1_JUNCTION_SPLIT.043"
21,74,42156,"_TUNNEL_OG_2x2_LANE_HIGH_ROOF.090"
21,75,81900,"_TUNNEL_OG_3x1_JUNCTION_SPLIT.044"
21,76,40380,"_TUNNEL_OG_2x2_LANE_HIGH_ROOF.092"
21,77,82008,"_TUNNEL_OG_3x1_JUNCTION_SPLIT.045"
21,78,38604,"_TUNNEL_OG_2x2_LANE_HIGH_ROOF.094"
21,79,106812,"_TUNNEL_OG_3x1_JUNCTION_SPLIT.046"
21,80,40824,"_TUNNEL_OG_2x2_LANE_HIGH_ROOF.096"
21,81,42372,"_TUNNEL_OG_3x1_JUNCTION_SPLIT.047"
21,82,24396,"_TUNNEL_OG_2x2_LANE_HIGH_ROOF.098"
21,83,42372,"_TUNNEL_OG_3x1_JUNCTION_SPLIT.048"
21,84,24396,"_TUNNEL_OG_2x2_LANE_HIGH_ROOF.100"
21,85,46188,"_TUNNEL_OG_3x1_JUNCTION_SPLIT.050"
21,86,22620,"_TUNNEL_OG_2x2_LANE_HIGH_ROOF.106"
21,87,49608,"_TUNNEL_OG_3x1_JUNCTION_SPLIT.012"
21,88,102984,"_TUNNEL_OG_2x2_LANE_HIGH_ROOF.027"
21,89,53460,"_TUNNEL_OG_3x1_JUNCTION_SPLIT.016"
21,90,21732,"_TUNNEL_OG_2x2_LANE_HIGH_ROOF.036"
21,91,56688,"_TUNNEL_OG_3x1_JUNCTION_SPLIT.026"
21,92,34164,"_TUNNEL_OG_2x2_LANE_HIGH_ROOF.056"
21,93,78348,"_TUNNEL_OG_3x1_JUNCTION_SPLIT.033"
21,94,70724,"_TUNNEL_OG_2x2_LANE_HIGH_ROOF.070"
21,95,93824,"_TUNNEL_OG_3x1_JUNCTION_SPLIT.034"
21,96,58700,"_TUNNEL_OG_2x2_LANE_HIGH_ROOF.072"
21,97,62580,"_TUNNEL_OG_3x1_JUNCTION_SPLIT.010"
21,98,164676,"_TUNNEL_OG_2x2_LANE_HIGH_ROOF.025"
21,99,20400,"_TUNNEL_OG_2x2_LANE_HIGH_ROOF.518"
21,100,42372,"_TUNNEL_OG_3x1_JUNCTION_SPLIT.097"
22,38,105032,"_TUNNEL_OG_3x1_JUNCTION_SPLIT.088"
22,39,111216,"_TUNNEL_OG_2x2_LANE_HIGH_ROOF.183"
22,40,86448,"_TUNNEL_OG_3x1_JUNCTION_SPLIT.089"
22,41,75900,"_TUNNEL_OG_2x2_LANE_HIGH_ROOF.185"
22,42,84528,"_TUNNEL_OG_3x1_JUNCTION_SPLIT.090"
22,43,48372,"_TUNNEL_OG_2x2_LANE_HIGH_ROOF.187"
22,44,81900,"_TUNNEL_OG_3x1_JUNCTION_SPLIT.091"
22,45,48372,"_TUNNEL_OG_2x2_LANE_HIGH_ROOF.189"
22,46,81900,"_TUNNEL_OG_3x1_JUNCTION_SPLIT.092"
22,47,48372,"_TUNNEL_OG_2x2_LANE_HIGH_ROOF.191"
22,48,81900,"_TUNNEL_OG_3x1_JUNCTION_SPLIT.093"
22,49,48372,"_TUNNEL_OG_2x2_LANE_HIGH_ROOF.193"
22,50,81900,"_TUNNEL_OG_3x1_JUNCTION_SPLIT.094"
22,51,48372,"_TUNNEL_OG_2x2_LANE_HIGH_ROOF.195"
22,52,81900,"_TUNNEL_OG_3x1_JUNCTION_SPLIT.095"
22,53,48372,"_TUNNEL_OG_2x2_LANE_HIGH_ROOF.197"
22,54,104796,"_TUNNEL_OG_3x1_JUNCTION_SPLIT.096"
22,55,52812,"_TUNNEL_OG_2x2_LANE_HIGH_ROOF.199"
22,56,42372,"_TUNNEL_OG_3x1_JUNCTION_SPLIT.106"
22,57,24396,"_TUNNEL_OG_2x2_LANE_HIGH_ROOF.219"
22,58,61020,"_TUNNEL_OG_3x1_JUNCTION_SPLIT.074"
22,59,24396,"_TUNNEL_OG_2x2_LANE_HIGH_ROOF.155"
22,60,60720,"_TUNNEL_OG_3x1_JUNCTION_SPLIT.080"
22,61,98544,"_TUNNEL_OG_2x2_LANE_HIGH_ROOF.167"
22,62,47124,"_TUNNEL_OG_3x1_JUNCTION_SPLIT.083"
22,63,17736,"_TUNNEL_OG_2x2_LANE_HIGH_ROOF.173"
22,64,62232,"_TUNNEL_OG_3x1_JUNCTION_SPLIT.084"
22,65,16404,"_TUNNEL_OG_2x2_LANE_HIGH_ROOF.175"
22,66,121692,"_TUNNEL_OG_2x2_LANE_HIGH_ROOF.181"
22,67,136232,"_TUNNEL_OG_3x1_JUNCTION_SPLIT.087"
22,68,51128,"_TUNNEL_OG_3x2_JUNCTION_SPLIT.005"
22,69,51036,"_TUNNEL_OG_2x2_LANE_HIGH_ROOF.483"
23,36,983176,".ETC BOOTH LOD1  NEW WIDER.002"
23,37,455840,"ROAD_SUPPORTS.002"
23,38,46596,"ROAD_LEFT/HIGH_LANE ROADLINES.004"
23,39,23952,"ROAD_LEFT/HIGH_LANE ROADLINES.005"
23,40,39156,"ROAD_LEFT/HIGH_LANE ROADLINES.006"
23,41,64296,"ROAD_LEFT/HIGH_LANE ROADLINES.007"
23,42,90264,"ROAD_LEFT/HIGH_LANE ROADLINES.008"
23,43,57708,"ROAD_LEFT/HIGH_LANE ROADLINES.009"
23,44,27936,"ROAD_RIGHT/LOW_LANE.012"
23,45,65988,"ROAD_RIGHT/LOW_LANE.014"
23,46,72680,"ROAD_RIGHT/LOW_LANE.016"
23,47,59904,"ROAD_RIGHT/LOW_LANE.018"
23,48,38592,"ROAD_RIGHT/LOW_LANE.020"
23,49,41256,"ROAD_RIGHT/LOW_LANE.022"
23,50,24384,"ROAD_RIGHT/LOW_LANE.024"
23,51,19056,"ROAD_RIGHT/LOW_LANE.030"
23,52,67944,"ROAD_RIGHT/LOW_LANE.031"
23,53,40268,"._2_LANE LOD1.013"
23,54,40268,"._2_LANE LOD1.014"
23,55,45956,"._2_LANE LOD1.015"
23,56,44492,"._2_LANE LOD1.016"
23,57,44188,"._2_LANE LOD1.017"
23,58,69300,"._2_LANE LOD1.018"
23,59,49808,"._2_LANE LOD1.021"
23,60,38056,"._2_LANE LOD1.023"
23,61,47508,"._2_LANE LOD1.022"
23,62,49712,"._2_LANE LOD1.024"
23,63,38056,"._2_LANE LOD1.029"
23,64,44492,"._2_LANE LOD1.025"
23,65,36148,"._2_LANE LOD1.026"
23,66,38056,"._2_LANE LOD1.031"
23,67,38056,"._2_LANE LOD1.030"
23,68,173304,"ROADWORKS_"
23,69,172300,"ROADWORKS_.001"
23,70,298480,"ROAD_SUPPORTS.008"
25,19,2108216,".ETC BOOTH LOD0  NEW WIDER.004"
25,20,791924,".ETC BOOTH LOD1  NEW WIDER.004"
25,21,579260,"ROAD_SUPPORTS.005"
25,22,85648,"._2_LANE_OG.028"
25,23,55456,"._2_LANE_OG.021"
25,24,23932,"._2_LANE_OG.023"
25,25,45736,"._2_LANE_OG.024"
25,26,66112,"._2_LANE_OG.025"
25,27,23044,"._2_LANE_OG.026"
25,28,24820,"._2_LANE_OG.022"
25,29,72760,"._2_LANE_OG.027"
25,30,23932,"._2_LANE_OG.020"
25,31,24820,"._2_LANE_OG.032"
25,32,24820,"._2_LANE_OG.031"
25,33,27484,"._2_LANE_OG.030"
25,34,55900,"._2_LANE_OG.029"
26,5,2123468,"building_crane_dock1.001"
26,6,35932,"building_highrise_2.021"
26,7,2536,"collider.118"
29,8,314412,"building_industrial_big1.006"
29,9,4148,"LOD1.036"
29,10,8352,"collider.035"
29,11,724764,"building_industrial_small1.003"
29,12,3396,"collider.038"
29,13,3392,"LOD1.039"
29,14,539088,"building_industrial_big2.016"
29,15,4152,"collider.032"
29,16,4148,"LOD1.033"
29,17,960004,"full lod buildings.007"
29,18,35932,"building_highrise_1.002"
29,19,2536,"collider.041"
31,17,4692,"building_residential_2.003"
31,18,2552,"building_residential_3.010"
31,19,2552,"building_residential_3.008"
31,20,2552,"building_residential_3.009"
31,21,967068,"building_residential_2_white.001"
31,22,4672,"LOD1.049"
31,23,38524,"building_highrise_1.009"
31,24,2536,"collider.056"
31,25,37644,"building_highrise_1.008"
31,26,2536,"collider.055"
31,27,1038368,"building_residential_4_white.001"
31,28,2536,"collider.047"
31,29,2532,"LOD1.050"
31,30,1038368,"building_residential_4_red.001"
31,31,2532,"LOD1.046"
31,32,2536,"collider.028"
31,33,1145596,"building_residential_1_white.003"
31,34,5100,"LOD1.052"
31,35,5120,"building_industrial_big2.021"
31,36,1411920,"building_residential_1_white.002"
31,37,5120,"building_industrial_big2.020"
31,38,5100,"LOD1.051"
31,39,1411920,"building_residential_1_red.010"
31,40,5120,"building_industrial_big2.011"
31,41,5100,"LOD1.048"
31,42,481756,"building_industrial_small2.001"
31,43,3396,"collider.045"
31,44,3392,"LOD1.047"
31,45,165940,"building_highrise_1.006"
31,46,1204676,"building_residential_3_white.002"
31,47,4672,"LOD1.044"
31,48,739504,"building_residential_3_white.001"
31,49,4672,"LOD1.028"
31,50,720604,"building_industrial_small1.002"
31,51,3396,"collider.026"
31,52,3392,"LOD1.027"
31,53,551492,"building_residential_3_red.001"
31,54,4672,"LOD1.026"
31,55,533328,"building_industrial_big2.010"
31,56,4152,"collider.024"
31,57,4148,"LOD1.024"
31,58,1411920,"building_residential_1_white.001"
31,59,5120,"building_industrial_big2.008"
31,60,5100,"LOD1.023"
31,61,35932,"building_highrise_1.005"
31,62,2536,"collider.023"
31,63,595252,"building_stadium_lights_LOD0"
31,64,3198996,"BUILDINGS FAR"
32,9,539952,"building_industrial_big2.025"
32,10,4152,"collider.050"
32,11,4148,"LOD1.060"
32,12,725180,"building_industrial_small1.005"
32,13,3392,"LOD1.062"
32,14,3396,"collider.052"
32,15,1554816,"building_residential_1_white.005"
32,16,5120,"building_industrial_big2.023"
32,17,1554816,"building_residential_1_white.004"
32,18,5120,"building_industrial_big2.022"
32,19,5100,"LOD1.053"
32,20,1199296,"building_residential_2_red.001"
32,21,4672,"LOD1.055"
32,22,4692,"building_residential_2.004"
32,23,1199296,"building_residential_2_red.002"
32,24,4692,"building_residential_2.005"
32,25,4672,"LOD1.056"
32,26,1078096,"building_residential_4_white.002"
32,27,2536,"collider.049"
32,28,2532,"LOD1.059"
32,29,1616632,"building_residential_3_red.002"
32,30,4672,"LOD1.058"
32,31,2552,"building_residential_3.012"
32,32,35932,"building_highrise_1.007"
32,33,2536,"collider.054"
32,34,133380,"building_highrise_3.005"
32,35,2536,"collider.057"
32,36,35932,"building_highrise_2.001"
32,37,2536,"collider.001"
32,38,1742628,"BUILDINGS FAR.001"
33,9,315420,"building_industrial_big1.013"
33,10,8352,"collider.081"
33,11,4148,"LOD1.090"
33,12,5120,"building_industrial_big2.046"
33,13,5100,"LOD1.091"
33,14,830536,"building_residential_2_dark.001"
33,15,4692,"building_residential_2.009"
33,16,4672,"LOD1.095"
33,17,1199400,"building_residential_2_white.004"
33,18,4692,"building_residential_2.008"
33,19,4672,"LOD1.092"
33,20,1616632,"building_residential_3_red.003"
33,21,2552,"building_residential_3.018"
33,22,4672,"LOD1.097"
33,23,1619752,"building_residential_3_white.007"
33,24,2552,"building_residential_3.019"
33,25,2560,"building_residential_3_white_FAR.008"
33,26,1619752,"building_residential_3_white.008"
33,27,2552,"building_residential_3.020"
33,28,2560,"building_residential_3_white_FAR.009"
33,29,746076,"building_residential_4_red.007"
33,30,2536,"collider.084"
33,31,2532,"LOD1.094"
33,32,870132,"building_residential_4_red.008"
33,33,2536,"collider.085"
33,34,2532,"LOD1.096"
33,35,1078096,"building_residential_4_white.003"
33,36,2536,"collider.083"
33,37,2532,"LOD1.093"
33,38,1078096,"building_residential_4_white.004"
33,39,2536,"collider.087"
33,40,2532,"LOD1.101"
33,41,1078096,"building_residential_4_white.005"
33,42,2536,"collider.088"
33,43,2532,"LOD1.099"
33,44,4672,"LOD1.100"
33,45,35932,"building_highrise_1.018"
33,46,2536,"collider.086"
33,47,146048,"Cube.087"
33,48,139952,"Cube.093"
33,49,539952,"building_industrial_big2.047"
33,50,4152,"collider.089"
33,51,4148,"LOD1.102"
33,52,1199296,"building_residential_2_dark.002"
33,53,4692,"building_residential_2.010"
33,54,4672,"LOD1.098"
33,55,1199296,"building_residential_2_red.003"
33,56,4692,"building_residential_2.011"
33,57,35932,"building_highrise_1.019"
33,58,2536,"collider.090"
33,59,255352,"Cube.092"
33,60,1227416,"building_residential_1_white.013"
33,61,591424,"outside_walls.003"
33,62,4668,"collider.091"
33,63,4668,"collider.092"
33,64,3984,"collider"
33,65,5581064,"building_FAR"
34,20,160748,"building_FAR.002"
34,21,1572328,"building_residential_3_white.009"
34,22,2552,"building_residential_3.021"
34,23,2560,"building_residential_3_white_FAR.015"
34,24,1075016,"building_residential_2_red.004"
34,25,4692,"building_residential_2.012"
34,26,4672,"LOD1.007"
34,27,1075016,"building_residential_2_red.005"
34,28,4692,"building_residential_2.013"
34,29,4672,"LOD1.106"
34,30,35932,"building_highrise_1.022"
34,31,2536,"collider.101"
34,32,35932,"building_highrise_1.023"
34,33,2536,"collider.102"
34,34,19996,"building_highrise_1.024"
34,35,1572328,"building_residential_3_white.010"
34,36,2552,"building_residential_3.022"
34,37,2560,"building_residential_3_white_FAR.014"
34,38,10984,"building_residential_3.023"
34,39,54020,"building_residential_3.024"
34,40,1074704,"building_residential_2_white.005"
34,41,4692,"building_residential_2.015"
34,42,4672,"LOD1.109"
34,43,13908,"building_residential_3.025"
34,44,39356,"building_highrise_2.020"
34,45,2536,"collider.116"
34,46,42320,"building_industrial_big1_FAR.002"
34,47,49820,"building_industrial_big2_FAR.013"
34,48,45412,"building_industrial_low2.011"
34,49,41556,"building_residential_1_dark_FAR.020"
34,50,41556,"building_residential_1_red_FAR.017"
34,51,41556,"building_residential_1_red_FAR.018"
34,52,66224,"building_residential_1_red_FAR.019"
34,53,41556,"building_residential_1_red_FAR.024"
34,54,41556,"building_residential_1_red_FAR.025"
34,55,41556,"building_residential_1_red_FAR.026"
34,56,41556,"building_residential_1_red_FAR.027"
34,57,41556,"building_residential_1_red_FAR.028"
34,58,41556,"building_residential_1_white_FAR.013"
34,59,41556,"building_residential_1_white_FAR.019"
34,60,41556,"building_residential_1_white_FAR.020"
34,61,41556,"building_residential_1_white_FAR.021"
34,62,41556,"building_residential_1_white_FAR.022"
34,63,1075016,"building_residential_2_dark.003"
34,64,4692,"building_residential_2.014"
34,65,4672,"LOD1.107"
34,66,36848,"building_residential_2_white_FAR.019"
34,67,24460,"building_residential_3_red_FAR.006"
34,68,24460,"building_residential_3_red_FAR.007"
34,69,1572328,"building_residential_3_white.011"
34,70,2560,"building_residential_3_white_FAR.016"
34,71,2552,"building_residential_3.026"
34,72,1038368,"building_residential_4_dark.001"
34,73,2536,"collider.103"
34,74,2532,"LOD1.108"
34,75,62100,"building_residential_5_white_FAR.006"
34,76,45412,"building_industrial_low2.012"
35,18,37644,"building_highrise_2.013"
35,19,2536,"collider.104"
35,20,35932,"building_highrise_2.014"
35,21,2536,"collider.105"
35,22,35932,"building_highrise_2.015"
35,23,2536,"collider.106"
35,24,35932,"building_highrise_2.017"
35,25,2536,"collider.108"
35,26,39356,"building_highrise_2.018"
35,27,2536,"collider.109"
35,28,39356,"building_highrise_2.019"
35,29,2536,"collider.110"
35,30,725180,"building_industrial_small1.004"
35,31,3396,"collider.111"
35,32,3392,"LOD1.111"
35,33,1554816,"building_residential_1_dark.002"
35,34,5120,"building_industrial_big2.049"
35,35,5100,"LOD1.110"
35,36,1619752,"building_residential_3_white.012"
35,37,2552,"building_residential_3.027"
35,38,2560,"building_residential_3_white_FAR.017"
35,39,1619752,"building_residential_3_white.013"
35,40,2552,"building_residential_3.028"
35,41,2560,"building_residential_3_white_FAR.018"
35,42,1199296,"building_residential_2_dark.004"
35,43,4692,"building_residential_2.016"
35,44,4672,"LOD1.112"
35,45,725180,"building_industrial_small1.006"
35,46,3396,"collider.115"
35,47,3392,"LOD1.119"
35,48,1619752,"building_residential_3_white.014"
35,49,2552,"building_residential_3.033"
35,50,2560,"building_residential_3_white_FAR.019"
35,51,1619752,"building_residential_3_white.015"
35,52,2552,"building_residential_3.034"
35,53,2560,"building_residential_3_white_FAR.020"
35,54,1554816,"building_residential_1_dark.003"
35,55,5120,"building_industrial_big2.050"
35,56,5100,"LOD1.125"
35,57,1199296,"building_residential_2_red.006"
35,58,4692,"building_residential_2.017"
35,59,4672,"LOD1.113"
35,60,1616632,"building_residential_3_dark.001"
35,61,2552,"building_residential_3.029"
35,62,4672,"LOD1.114"
35,63,1078096,"building_residential_4_white.006"
35,64,2536,"collider.112"
35,65,2532,"LOD1.116"
35,66,1078096,"building_residential_4_white.007"
35,67,2536,"collider.113"
35,68,2532,"LOD1.117"
35,69,1078096,"building_residential_4_white.008"
35,70,2536,"collider.114"
35,71,2532,"LOD1.118"
35,72,1199296,"building_residential_2_dark.005"
35,73,4692,"building_residential_2.018"
35,74,4672,"LOD1.121"
35,75,1199296,"building_residential_2_dark.006"
35,76,4692,"building_residential_2.019"
35,77,4672,"LOD1.122"
35,78,1078096,"building_residential_4_dark.002"
35,79,2536,"collider.117"
35,80,2532,"LOD1.124"
35,81,1616632,"building_residential_3_red.004"
35,82,2552,"building_residential_3.031"
35,83,4672,"LOD1.115"
35,84,1616632,"building_residential_3_red.005"
35,85,2552,"building_residential_3.032"
35,86,4672,"LOD1.120"
35,87,2074952,"building_industrial_big2_FAR.011"
35,88,1616632,"building_residential_3_dark.002"
35,89,2552,"building_residential_3.035"
35,90,4672,"LOD1.123"
35,91,38052,"building_residential_3.030"
35,92,10984,"building_residential_3.036"
36,7,39356,"building_highrise_2.016"
36,8,2536,"collider.107"
36,9,377156,"building_residential_1_white_FAR.007"
36,10,1199400,"building_residential_2_white.006"
36,11,4692,"building_residential_2.020"
36,12,4672,"LOD1.126"
39,15,1199400,"building_residential_2_white.002"
39,16,4672,"LOD1.077"
39,17,4692,"building_residential_2.006"
39,18,1199400,"building_residential_2_white.003"
39,19,4672,"LOD1.078"
39,20,4692,"building_residential_2.007"
39,21,1554816,"building_residential_1_dark.001"
39,22,5120,"building_industrial_big2.037"
39,23,5100,"LOD1.079"
39,24,42320,"building_industrial_big1_FAR.008"
39,25,35932,"building_highrise_2.004"
39,26,2536,"collider.071"
39,27,1554816,"building_residential_1_white.008"
39,28,5100,"LOD1.071"
39,29,5120,"building_industrial_big2.033"
39,30,1554816,"building_residential_1_white.009"
39,31,5100,"LOD1.072"
39,32,5120,"building_industrial_big2.034"
39,33,1619752,"building_residential_3_white.004"
39,34,2560,"building_residential_3_white_FAR.004"
39,35,2552,"building_residential_3.015"
39,36,1078096,"building_residential_4_red.003"
39,37,2532,"LOD1.073"
39,38,2536,"collider.069"
39,39,1554816,"building_residential_1_red.013"
39,40,5120,"building_industrial_big2.035"
39,41,5100,"LOD1.074"
39,42,1554816,"building_residential_1_red.014"
39,43,5120,"building_industrial_big2.036"
39,44,5100,"LOD1.075"
39,45,1619752,"building_residential_3_white.005"
39,46,2560,"building_residential_3_white_FAR.005"
39,47,2552,"building_residential_3.016"
39,48,1078096,"building_residential_4_red.004"
39,49,2532,"LOD1.076"
39,50,2536,"collider.070"
39,51,1619752,"building_residential_3_white.006"
39,52,2560,"building_residential_3_white_FAR.006"
39,53,2552,"building_residential_3.017"
39,54,1554816,"building_residential_1_white.010"
39,55,5100,"LOD1.080"
39,56,5120,"building_industrial_big2.038"
39,57,1554816,"building_residential_1_red.015"
39,58,5120,"building_industrial_big2.039"
39,59,5100,"LOD1.081"
39,60,1554816,"building_residential_1_white.011"
39,61,5100,"LOD1.082"
39,62,5120,"building_industrial_big2.040"
39,63,1554816,"building_residential_1_white.012"
39,64,5100,"LOD1.083"
39,65,5120,"building_industrial_big2.041"
39,66,1078096,"building_residential_4_red.005"
39,67,2532,"LOD1.084"
39,68,2536,"collider.072"
39,69,35932,"building_highrise_1.015"
39,70,2536,"collider.073"
39,71,45412,"building_industrial_low2.013"
39,72,2392944,".AREA_5_PERMA_ISLAND.004"
40,5,539088,"building_industrial_big2.043"
40,6,4148,"LOD1.086"
40,7,4152,"collider.077"
40,8,539088,"building_industrial_big2.044"
40,9,4148,"LOD1.087"
40,10,4152,"collider.078"
40,11,314412,"building_industrial_big1.012"
40,12,8352,"collider.079"
40,13,4148,"LOD1.088"
40,14,539088,"building_industrial_big2.045"
40,15,4148,"LOD1.089"
40,16,4152,"collider.080"
40,17,1761048,".AREA_6_PERMA_ISLAND.002"
41,7,539952,"building_industrial_big2.042"
41,8,4148,"LOD1.085"
41,9,4152,"collider.076"
41,10,35932,"building_highrise_1.016"
41,11,2536,"collider.074"
41,12,35932,"building_highrise_1.017"
41,13,2536,"collider.075"
41,14,2270612,".AREA_5_PERMA_ISLAND.001"
42,16,104524,"roadlines.044"
42,17,27040,"roadlines.045"
42,18,84544,"roadlines.046"
42,19,80548,"roadlines.047"
42,20,91864,"roadlines.048"
42,21,55456,"roadlines.049"
42,22,64336,"roadlines.050"
42,23,98524,"roadlines.051"
42,24,344652,"_TUNNEL_OG_2x2_JUNCTION_JOIN.1967"
42,25,105376,"_TUNNEL_OG_2x2into3_JUNCTION_SPLIT.1006"
42,26,65824,"_TUNNEL_OG_2x2into3_JUNCTION_SPLIT.1007"
42,27,65824,"_TUNNEL_OG_2x2into3_JUNCTION_SPLIT.1008"
42,28,105376,"_TUNNEL_OG_2x2into3_JUNCTION_SPLIT.1009"
43,28,21712,"ROADLINES.009"
43,29,86764,"ROADLINES.008"
43,30,45688,"ROADLINES.012"
43,31,45688,"ROADLINES.013"
43,32,49684,"ROADLINES.014"
43,33,69664,"ROADLINES.015"
43,34,70552,"ROADLINES.016"
43,35,30100,"ROADLINES.017"
43,36,22360,"ROADLINES.018"
43,37,28372,"ROADLINES.019"
43,38,25708,"ROADLINES.020"
43,39,31216,"ROADLINES.021"
43,40,31036,"ROADLINES.022"
43,41,29920,"ROADLINES.023"
43,42,33700,"ROADLINES.007"
43,43,25264,"ROADLINES.011"
43,44,19048,"ROADLINES.010"
43,45,329004,"_TUNNEL_OG_3x2_LANE_HIGH_ROOF.1523"
43,46,349092,"_TUNNEL_OG_2x2_LANE_HIGH_ROOF.063"
43,47,344096,"_TUNNEL_OG_2x2_JUNCTION_JOIN.1966"
44,17,61224,"ROADLINES"
44,18,114952,"ROADLINES.001"
44,19,91864,"ROADLINES.002"
44,20,73216,"ROADLINES.003"
44,21,57232,"ROADLINES.004"
44,22,71440,"ROADLINES.005"
44,23,63448,"ROADLINES.006"
44,24,99924,"_TUNNEL_OG_2x2_LANE_HIGH_ROOF.141"
44,25,111128,"_TUNNEL_OG_2x2_LANE_HIGH_ROOF.143"
44,26,274880,"_TUNNEL_OG_2x2_JUNCTION_JOIN.1965"
45,20,140892,"_TUNNEL_OG_3x1_JUNCTION_SPLIT.006"
45,21,52632,"_TUNNEL_OG_2x2_LANE_HIGH_ROOF.017"
45,22,64524,"_TUNNEL_OG_3x1_JUNCTION_SPLIT.007"
45,23,21732,"_TUNNEL_OG_2x2_LANE_HIGH_ROOF.019"
45,24,60564,"_TUNNEL_OG_3x1_JUNCTION_SPLIT.008"
45,25,24396,"_TUNNEL_OG_2x2_LANE_HIGH_ROOF.021"
45,26,55668,"_TUNNEL_OG_3x1_JUNCTION_SPLIT.009"
45,27,75012,"_TUNNEL_OG_2x2_LANE_HIGH_ROOF.023"
45,28,49392,"_TUNNEL_OG_3x1_JUNCTION_SPLIT.011"
45,29,25728,"_TUNNEL_OG_2x2_LANE_HIGH_ROOF.029"
45,30,81408,"_TUNNEL_OG_3x1_JUNCTION_SPLIT.017"
45,31,51528,"_TUNNEL_OG_2x2_LANE_HIGH_ROOF.038"
45,32,82644,"_TUNNEL_OG_3x1_JUNCTION_SPLIT.003"
45,33,80340,"_TUNNEL_OG_2x2_LANE_HIGH_ROOF.011"
45,34,79788,"_TUNNEL_OG_3x1_JUNCTION_SPLIT.004"
45,35,66132,"_TUNNEL_OG_2x2_LANE_HIGH_ROOF.013"
45,36,77544,"_TUNNEL_OG_3x1_JUNCTION_SPLIT.005"
45,37,89124,"_TUNNEL_OG_2x2_LANE_HIGH_ROOF.015"
45,38,389900,"_TUNNEL_OG_2x2_LANE_HIGH_ROOF.6671"
45,39,129624,"_TUNNEL_OG_2x2_LANE_HIGH_ROOF.6674"
46,12,61012,"roadlines.083"
46,13,43024,"roadlines.082"
46,14,45688,"roadlines.087"
46,15,51016,"roadlines.086"
46,16,74104,"roadlines.085"
46,17,84760,"roadlines.084"
46,18,300440,"_TUNNEL_OG_2x2_JUNCTION_JOIN.1976"
47,29,24396,"_TUNNEL_OG_2x2_JUNCTION_JOIN.1942"
47,30,109644,"_TUNNEL_OG_2x2_JUNCTION_JOIN.1943"
47,31,115860,"_TUNNEL_OG_2x2_JUNCTION_JOIN.1944"
47,32,72792,"_TUNNEL_OG_2x2_JUNCTION_JOIN.1945"
47,33,39048,"_TUNNEL_OG_2x2_JUNCTION_JOIN.1946"
47,34,43044,"_TUNNEL_OG_2x2_JUNCTION_JOIN.1947"
47,35,43044,"_TUNNEL_OG_2x2_JUNCTION_JOIN.1948"
47,36,43044,"_TUNNEL_OG_2x2_JUNCTION_JOIN.1949"
47,37,37716,"_TUNNEL_OG_2x2_JUNCTION_JOIN.1950"
47,38,47928,"_TUNNEL_OG_2x2_JUNCTION_JOIN.1951"
47,39,84120,"_TUNNEL_OG_2x2_JUNCTION_JOIN.1952"
47,40,31944,"_TUNNEL_OG_2x2_JUNCTION_JOIN.1953"
47,41,31056,"_TUNNEL_OG_2x2_JUNCTION_JOIN.1954"
47,42,31056,"_TUNNEL_OG_2x2_JUNCTION_JOIN.1955"
47,43,22620,"_TUNNEL_OG_2x2_JUNCTION_JOIN.1964"
47,44,23064,"_TUNNEL_OG_2x2_JUNCTION_JOIN.1963"
47,45,27948,"_TUNNEL_OG_2x2_JUNCTION_JOIN.1957"
47,46,27060,"_TUNNEL_OG_2x2_JUNCTION_JOIN.1958"
47,47,27060,"_TUNNEL_OG_2x2_JUNCTION_JOIN.1959"
47,48,29724,"_TUNNEL_OG_2x2_JUNCTION_JOIN.1960"
47,49,28392,"_TUNNEL_OG_2x2_JUNCTION_JOIN.1961"
47,50,28392,"_TUNNEL_OG_2x2_JUNCTION_JOIN.1962"
47,51,380508,"_TUNNEL_OG_2x2_LANE_HIGH_ROOF.6669"
47,52,259764,"_TUNNEL_OG_2x2_LANE_HIGH_ROOF.6670"
47,53,326460,"_TUNNEL_OG_3x2_LANE_HIGH_ROOF.1524"
48,20,72328,"roadlines.033"
48,21,71440,"roadlines.035"
48,22,71440,"roadlines.036"
48,23,74992,"roadlines.037"
48,24,67888,"roadlines.038"
48,25,71440,"roadlines.039"
48,26,71440,"roadlines.040"
48,27,71440,"roadlines.041"
48,28,71440,"roadlines.042"
48,29,67888,"roadlines.043"
48,30,323412,"_TUNNEL_OG_2x2_JUNCTION_JOIN.1977"
48,31,365076,"_TUNNEL_OG_3x2_LANE_HIGH_ROOF.1525"
49,18,57232,"roadlines.024"
49,19,89200,"roadlines.025"
49,20,67888,"roadlines.026"
49,21,71440,"roadlines.027"
49,22,85648,"roadlines.028"
49,23,60784,"roadlines.029"
49,24,85648,"roadlines.030"
49,25,74992,"roadlines.031"
49,26,53680,"roadlines.032"
49,27,71440,"roadlines.034"
49,28,342372,"_TUNNEL_OG_3x2_LANE_HIGH_ROOF.1526"
49,29,270244,"_TUNNEL_OG_2x2into3_JUNCTION_SPLIT.1005"
50,30,27036,"roadlines"
50,31,55012,"roadlines.001"
50,32,128272,"roadlines.002"
50,33,161140,"roadlines.003"
50,34,65668,"roadlines.004"
50,35,31036,"roadlines.005"
50,36,30592,"roadlines.006"
50,37,27040,"roadlines.007"
50,38,27040,"roadlines.008"
50,39,27040,"roadlines.009"
50,40,17716,"roadlines.010"
50,41,17716,"roadlines.011"
50,42,53680,"roadlines.012"
50,43,48352,"roadlines.013"
50,44,28372,"roadlines.014"
50,45,33520,"roadlines.015"
50,46,27040,"roadlines.016"
50,47,28372,"roadlines.017"
50,48,27040,"roadlines.018"
50,49,84760,"roadlines.019"
50,50,107848,"roadlines.020"
50,51,23932,"roadlines.021"
50,52,19936,"roadlines.022"
50,53,64336,"roadlines.023"
50,54,386232,"_TUNNEL_OG_3x2_LANE_HIGH_ROOF.1527"
50,55,134756,"_TUNNEL_OG_2x2_JUNCTION_JOIN.1978"
50,56,298232,"_TUNNEL_OG_2x2_JUNCTION_JOIN.1979"
51,27,62560,"roadlines.052"
51,28,45688,"roadlines.053"
51,29,35032,"roadlines.054"
51,30,31036,"roadlines.055"
51,31,29236,"roadlines.056"
51,32,30964,"roadlines.057"
51,33,28372,"roadlines.058"
51,34,31036,"roadlines.059"
51,35,31036,"roadlines.060"
51,36,31036,"roadlines.061"
51,37,28372,"roadlines.062"
51,38,44356,"roadlines.063"
51,39,53680,"roadlines.064"
51,40,74992,"roadlines.065"
51,41,84760,"roadlines.066"
51,42,105640,"roadlines.067"
51,43,118176,"_TUNNEL_OG_2x2_LANE_HIGH_ROOF.6668"
51,44,144924,"_TUNNEL_OG_2x2_JUNCTION_JOIN.1972"
51,45,159528,"_TUNNEL_OG_2x2_JUNCTION_JOIN.1973"
51,46,175668,"_TUNNEL_OG_2x2_JUNCTION_JOIN.1974"
51,47,178476,"_TUNNEL_OG_2x2_JUNCTION_JOIN.1975"
52,20,62560,"roadlines.068"
52,21,19048,"roadlines.069"
52,22,27040,"roadlines.070"
52,23,27904,"roadlines.071"
52,24,27040,"roadlines.072"
52,25,27040,"roadlines.073"
52,26,31036,"roadlines.074"
52,27,32368,"roadlines.075"
52,28,21712,"roadlines.076"
52,29,20380,"roadlines.077"
52,30,56344,"roadlines.078"
52,31,72328,"roadlines.079"
52,32,90976,"roadlines.080"
52,33,99424,"roadlines.081"
52,34,91992,"_TUNNEL_OG_2x2_JUNCTION_JOIN.1968"
52,35,168648,"_TUNNEL_OG_2x2_JUNCTION_JOIN.1969"
52,36,113364,"_TUNNEL_OG_2x2_JUNCTION_JOIN.1970"
52,37,198444,"_TUNNEL_OG_2x2_JUNCTION_JOIN.1971"
52,38,273180,"_TUNNEL_OG_2x2_LANE_HIGH_ROOF.6667"
53,24,43920,"ROAD_RIGHT/LOW_LANE.001"
53,25,30788,"._2_LANE LOD1.002"
53,26,60356,"ROAD_LEFT/HIGH_LANE ROADLINES"
53,27,38056,"._2_LANE LOD1.001"
53,28,92916,"ROAD_LEFT/HIGH_LANE ROADLINES.010"
53,29,44796,"._2_LANE LOD1.019"
53,30,28836,"ROAD_LEFT/HIGH_LANE ROADLINES.011"
53,31,43884,"._2_LANE LOD1.020"
53,32,100008,"ROAD_RIGHT/LOW_LANE.026"
53,33,47628,"._2_LANE LOD1.027"
53,34,39180,"ROAD_RIGHT/LOW_LANE.028"
53,35,45956,"._2_LANE LOD1.028"
53,36,19936,"roadlines.092"
53,37,48352,"roadlines.089"
53,38,45688,"roadlines.090"
53,39,34144,"roadlines.091"
53,40,28816,"roadlines.088"
53,41,11064,"ROAD_RIGHT/LOW_LANE.033"
53,42,21940,"._2_LANE LOD1.003"
53,43,177920,"ROAD_SUPPORTS.006"
53,44,443084,"ROAD_SUPPORTS.009"
